2026-05-25 16:39:01,716 INFO     Starting server at tcp:port=8001:interface=0.0.0.0
2026-05-25 16:39:01,728 INFO     HTTP/2 support not enabled (install the http2 and tls Twisted extras)
2026-05-25 16:39:01,728 INFO     Configuring endpoint tcp:port=8001:interface=0.0.0.0
2026-05-25 16:39:01,729 INFO     Listening on TCP address 0.0.0.0:8001
Internal Server Error: /applications/devices/3/
Traceback (most recent call last):
  File "D:\KIOSK\backend\.venv\Lib\site-packages\django\db\backends\base\base.py", line 279, in ensure_connection
    self.connect()
    ~~~~~~~~~~~~^^
  File "D:\KIOSK\backend\.venv\Lib\site-packages\django\utils\asyncio.py", line 26, in inner
    return func(*args, **kwargs)
  File "D:\KIOSK\backend\.venv\Lib\site-packages\django\db\backends\base\base.py", line 256, in connect
    self.connection = self.get_new_connection(conn_params)
                      ~~~~~~~~~~~~~~~~~~~~~~~^^^^^^^^^^^^^
  File "D:\KIOSK\backend\.venv\Lib\site-packages\django\utils\asyncio.py", line 26, in inner
    return func(*args, **kwargs)
  File "D:\KIOSK\backend\.venv\Lib\site-packages\django\db\backends\postgresql\base.py", line 332, in get_new_connection
    connection = self.Database.connect(**conn_params)
  File "D:\KIOSK\backend\.venv\Lib\site-packages\psycopg2\__init__.py", line 135, in connect
    conn = _connect(dsn, connection_factory=connection_factory, **kwasync)
psycopg2.OperationalError: connection to server at "38.242.216.156", port 5437 failed: No route to host (0x00002751/10065)
	Is the server running on that host and accepting TCP/IP connections?


The above exception was the direct cause of the following exception:

Traceback (most recent call last):
  File "D:\KIOSK\backend\.venv\Lib\site-packages\asgiref\sync.py", line 552, in thread_handler
    raise exc_info[1]
  File "D:\KIOSK\backend\.venv\Lib\site-packages\django\core\handlers\exception.py", line 42, in inner
    response = await get_response(request)
               ^^^^^^^^^^^^^^^^^^^^^^^^^^^
  File "D:\KIOSK\backend\.venv\Lib\site-packages\asgiref\sync.py", line 552, in thread_handler
    raise exc_info[1]
  File "D:\KIOSK\backend\.venv\Lib\site-packages\django\core\handlers\base.py", line 253, in _get_response_async
    response = await wrapped_callback(
               ^^^^^^^^^^^^^^^^^^^^^^^
        request, *callback_args, **callback_kwargs
        ^^^^^^^^^^^^^^^^^^^^^^^^^^^^^^^^^^^^^^^^^^
    )
    ^
  File "D:\KIOSK\backend\.venv\Lib\site-packages\asgiref\sync.py", line 502, in __call__
    ret = await asyncio.shield(exec_coro)
          ^^^^^^^^^^^^^^^^^^^^^^^^^^^^^^^
  File "D:\KIOSK\backend\.venv\Lib\site-packages\asgiref\current_thread_executor.py", line 40, in run
    result = self.fn(*self.args, **self.kwargs)
  File "D:\KIOSK\backend\.venv\Lib\site-packages\asgiref\sync.py", line 556, in thread_handler
    return func(*args, **kwargs)
  File "D:\KIOSK\backend\.venv\Lib\site-packages\django\views\decorators\csrf.py", line 65, in _view_wrapper
    return view_func(request, *args, **kwargs)
  File "D:\KIOSK\backend\.venv\Lib\site-packages\rest_framework\viewsets.py", line 125, in view
    return self.dispatch(request, *args, **kwargs)
           ~~~~~~~~~~~~~^^^^^^^^^^^^^^^^^^^^^^^^^^
  File "D:\KIOSK\backend\.venv\Lib\site-packages\rest_framework\views.py", line 515, in dispatch
    response = self.handle_exception(exc)
  File "D:\KIOSK\backend\.venv\Lib\site-packages\rest_framework\views.py", line 475, in handle_exception
    self.raise_uncaught_exception(exc)
    ~~~~~~~~~~~~~~~~~~~~~~~~~~~~~^^^^^
  File "D:\KIOSK\backend\.venv\Lib\site-packages\rest_framework\views.py", line 486, in raise_uncaught_exception
    raise exc
  File "D:\KIOSK\backend\.venv\Lib\site-packages\rest_framework\views.py", line 503, in dispatch
    self.initial(request, *args, **kwargs)
    ~~~~~~~~~~~~^^^^^^^^^^^^^^^^^^^^^^^^^^
  File "D:\KIOSK\backend\.venv\Lib\site-packages\rest_framework\views.py", line 420, in initial
    self.perform_authentication(request)
    ~~~~~~~~~~~~~~~~~~~~~~~~~~~^^^^^^^^^
  File "D:\KIOSK\backend\.venv\Lib\site-packages\rest_framework\views.py", line 330, in perform_authentication
    request.user
  File "D:\KIOSK\backend\.venv\Lib\site-packages\rest_framework\request.py", line 232, in user
    self._authenticate()
    ~~~~~~~~~~~~~~~~~~^^
  File "D:\KIOSK\backend\.venv\Lib\site-packages\rest_framework\request.py", line 385, in _authenticate
    user_auth_tuple = authenticator.authenticate(self)
  File "D:\KIOSK\backend\.venv\Lib\site-packages\rest_framework_simplejwt\authentication.py", line 51, in authenticate
    return self.get_user(validated_token), validated_token
           ~~~~~~~~~~~~~^^^^^^^^^^^^^^^^^
  File "D:\KIOSK\backend\.venv\Lib\site-packages\rest_framework_simplejwt\authentication.py", line 132, in get_user
    user = self.user_model.objects.get(**{api_settings.USER_ID_FIELD: user_id})
  File "D:\KIOSK\backend\.venv\Lib\site-packages\django\db\models\manager.py", line 87, in manager_method
    return getattr(self.get_queryset(), name)(*args, **kwargs)
           ~~~~~~~~~~~~~~~~~~~~~~~~~~~~~~~~~~^^^^^^^^^^^^^^^^^
  File "D:\KIOSK\backend\.venv\Lib\site-packages\django\db\models\query.py", line 629, in get
    num = len(clone)
  File "D:\KIOSK\backend\.venv\Lib\site-packages\django\db\models\query.py", line 366, in __len__
    self._fetch_all()
    ~~~~~~~~~~~~~~~^^
  File "D:\KIOSK\backend\.venv\Lib\site-packages\django\db\models\query.py", line 1949, in _fetch_all
    self._result_cache = list(self._iterable_class(self))
                         ~~~~^^^^^^^^^^^^^^^^^^^^^^^^^^^^
  File "D:\KIOSK\backend\.venv\Lib\site-packages\django\db\models\query.py", line 91, in __iter__
    results = compiler.execute_sql(
        chunked_fetch=self.chunked_fetch, chunk_size=self.chunk_size
    )
  File "D:\KIOSK\backend\.venv\Lib\site-packages\django\db\models\sql\compiler.py", line 1621, in execute_sql
    cursor = self.connection.cursor()
  File "D:\KIOSK\backend\.venv\Lib\site-packages\django\utils\asyncio.py", line 26, in inner
    return func(*args, **kwargs)
  File "D:\KIOSK\backend\.venv\Lib\site-packages\django\db\backends\base\base.py", line 320, in cursor
    return self._cursor()
           ~~~~~~~~~~~~^^
  File "D:\KIOSK\backend\.venv\Lib\site-packages\django\db\backends\base\base.py", line 296, in _cursor
    self.ensure_connection()
    ~~~~~~~~~~~~~~~~~~~~~~^^
  File "D:\KIOSK\backend\.venv\Lib\site-packages\django\utils\asyncio.py", line 26, in inner
    return func(*args, **kwargs)
  File "D:\KIOSK\backend\.venv\Lib\site-packages\django\db\backends\base\base.py", line 278, in ensure_connection
    with self.wrap_database_errors:
         ^^^^^^^^^^^^^^^^^^^^^^^^^
  File "D:\KIOSK\backend\.venv\Lib\site-packages\django\db\utils.py", line 91, in __exit__
    raise dj_exc_value.with_traceback(traceback) from exc_value
  File "D:\KIOSK\backend\.venv\Lib\site-packages\django\db\backends\base\base.py", line 279, in ensure_connection
    self.connect()
    ~~~~~~~~~~~~^^
  File "D:\KIOSK\backend\.venv\Lib\site-packages\django\utils\asyncio.py", line 26, in inner
    return func(*args, **kwargs)
  File "D:\KIOSK\backend\.venv\Lib\site-packages\django\db\backends\base\base.py", line 256, in connect
    self.connection = self.get_new_connection(conn_params)
                      ~~~~~~~~~~~~~~~~~~~~~~~^^^^^^^^^^^^^
  File "D:\KIOSK\backend\.venv\Lib\site-packages\django\utils\asyncio.py", line 26, in inner
    return func(*args, **kwargs)
  File "D:\KIOSK\backend\.venv\Lib\site-packages\django\db\backends\postgresql\base.py", line 332, in get_new_connection
    connection = self.Database.connect(**conn_params)
  File "D:\KIOSK\backend\.venv\Lib\site-packages\psycopg2\__init__.py", line 135, in connect
    conn = _connect(dsn, connection_factory=connection_factory, **kwasync)
django.db.utils.OperationalError: connection to server at "38.242.216.156", port 5437 failed: No route to host (0x00002751/10065)
	Is the server running on that host and accepting TCP/IP connections?

2026-05-26 09:47:16,009 ERROR    Internal Server Error: /applications/devices/3/
Traceback (most recent call last):
  File "D:\KIOSK\backend\.venv\Lib\site-packages\django\db\backends\base\base.py", line 279, in ensure_connection
    self.connect()
    ~~~~~~~~~~~~^^
  File "D:\KIOSK\backend\.venv\Lib\site-packages\django\utils\asyncio.py", line 26, in inner
    return func(*args, **kwargs)
  File "D:\KIOSK\backend\.venv\Lib\site-packages\django\db\backends\base\base.py", line 256, in connect
    self.connection = self.get_new_connection(conn_params)
                      ~~~~~~~~~~~~~~~~~~~~~~~^^^^^^^^^^^^^
  File "D:\KIOSK\backend\.venv\Lib\site-packages\django\utils\asyncio.py", line 26, in inner
    return func(*args, **kwargs)
  File "D:\KIOSK\backend\.venv\Lib\site-packages\django\db\backends\postgresql\base.py", line 332, in get_new_connection
    connection = self.Database.connect(**conn_params)
  File "D:\KIOSK\backend\.venv\Lib\site-packages\psycopg2\__init__.py", line 135, in connect
    conn = _connect(dsn, connection_factory=connection_factory, **kwasync)
psycopg2.OperationalError: connection to server at "38.242.216.156", port 5437 failed: No route to host (0x00002751/10065)
	Is the server running on that host and accepting TCP/IP connections?


The above exception was the direct cause of the following exception:

Traceback (most recent call last):
  File "D:\KIOSK\backend\.venv\Lib\site-packages\asgiref\sync.py", line 552, in thread_handler
    raise exc_info[1]
  File "D:\KIOSK\backend\.venv\Lib\site-packages\django\core\handlers\exception.py", line 42, in inner
    response = await get_response(request)
               ^^^^^^^^^^^^^^^^^^^^^^^^^^^
  File "D:\KIOSK\backend\.venv\Lib\site-packages\asgiref\sync.py", line 552, in thread_handler
    raise exc_info[1]
  File "D:\KIOSK\backend\.venv\Lib\site-packages\django\core\handlers\base.py", line 253, in _get_response_async
    response = await wrapped_callback(
               ^^^^^^^^^^^^^^^^^^^^^^^
        request, *callback_args, **callback_kwargs
        ^^^^^^^^^^^^^^^^^^^^^^^^^^^^^^^^^^^^^^^^^^
    )
    ^
  File "D:\KIOSK\backend\.venv\Lib\site-packages\asgiref\sync.py", line 502, in __call__
    ret = await asyncio.shield(exec_coro)
          ^^^^^^^^^^^^^^^^^^^^^^^^^^^^^^^
  File "D:\KIOSK\backend\.venv\Lib\site-packages\asgiref\current_thread_executor.py", line 40, in run
    result = self.fn(*self.args, **self.kwargs)
  File "D:\KIOSK\backend\.venv\Lib\site-packages\asgiref\sync.py", line 556, in thread_handler
    return func(*args, **kwargs)
  File "D:\KIOSK\backend\.venv\Lib\site-packages\django\views\decorators\csrf.py", line 65, in _view_wrapper
    return view_func(request, *args, **kwargs)
  File "D:\KIOSK\backend\.venv\Lib\site-packages\rest_framework\viewsets.py", line 125, in view
    return self.dispatch(request, *args, **kwargs)
           ~~~~~~~~~~~~~^^^^^^^^^^^^^^^^^^^^^^^^^^
  File "D:\KIOSK\backend\.venv\Lib\site-packages\rest_framework\views.py", line 515, in dispatch
    response = self.handle_exception(exc)
  File "D:\KIOSK\backend\.venv\Lib\site-packages\rest_framework\views.py", line 475, in handle_exception
    self.raise_uncaught_exception(exc)
    ~~~~~~~~~~~~~~~~~~~~~~~~~~~~~^^^^^
  File "D:\KIOSK\backend\.venv\Lib\site-packages\rest_framework\views.py", line 486, in raise_uncaught_exception
    raise exc
  File "D:\KIOSK\backend\.venv\Lib\site-packages\rest_framework\views.py", line 503, in dispatch
    self.initial(request, *args, **kwargs)
    ~~~~~~~~~~~~^^^^^^^^^^^^^^^^^^^^^^^^^^
  File "D:\KIOSK\backend\.venv\Lib\site-packages\rest_framework\views.py", line 420, in initial
    self.perform_authentication(request)
    ~~~~~~~~~~~~~~~~~~~~~~~~~~~^^^^^^^^^
  File "D:\KIOSK\backend\.venv\Lib\site-packages\rest_framework\views.py", line 330, in perform_authentication
    request.user
  File "D:\KIOSK\backend\.venv\Lib\site-packages\rest_framework\request.py", line 232, in user
    self._authenticate()
    ~~~~~~~~~~~~~~~~~~^^
  File "D:\KIOSK\backend\.venv\Lib\site-packages\rest_framework\request.py", line 385, in _authenticate
    user_auth_tuple = authenticator.authenticate(self)
  File "D:\KIOSK\backend\.venv\Lib\site-packages\rest_framework_simplejwt\authentication.py", line 51, in authenticate
    return self.get_user(validated_token), validated_token
           ~~~~~~~~~~~~~^^^^^^^^^^^^^^^^^
  File "D:\KIOSK\backend\.venv\Lib\site-packages\rest_framework_simplejwt\authentication.py", line 132, in get_user
    user = self.user_model.objects.get(**{api_settings.USER_ID_FIELD: user_id})
  File "D:\KIOSK\backend\.venv\Lib\site-packages\django\db\models\manager.py", line 87, in manager_method
    return getattr(self.get_queryset(), name)(*args, **kwargs)
           ~~~~~~~~~~~~~~~~~~~~~~~~~~~~~~~~~~^^^^^^^^^^^^^^^^^
  File "D:\KIOSK\backend\.venv\Lib\site-packages\django\db\models\query.py", line 629, in get
    num = len(clone)
  File "D:\KIOSK\backend\.venv\Lib\site-packages\django\db\models\query.py", line 366, in __len__
    self._fetch_all()
    ~~~~~~~~~~~~~~~^^
  File "D:\KIOSK\backend\.venv\Lib\site-packages\django\db\models\query.py", line 1949, in _fetch_all
    self._result_cache = list(self._iterable_class(self))
                         ~~~~^^^^^^^^^^^^^^^^^^^^^^^^^^^^
  File "D:\KIOSK\backend\.venv\Lib\site-packages\django\db\models\query.py", line 91, in __iter__
    results = compiler.execute_sql(
        chunked_fetch=self.chunked_fetch, chunk_size=self.chunk_size
    )
  File "D:\KIOSK\backend\.venv\Lib\site-packages\django\db\models\sql\compiler.py", line 1621, in execute_sql
    cursor = self.connection.cursor()
  File "D:\KIOSK\backend\.venv\Lib\site-packages\django\utils\asyncio.py", line 26, in inner
    return func(*args, **kwargs)
  File "D:\KIOSK\backend\.venv\Lib\site-packages\django\db\backends\base\base.py", line 320, in cursor
    return self._cursor()
           ~~~~~~~~~~~~^^
  File "D:\KIOSK\backend\.venv\Lib\site-packages\django\db\backends\base\base.py", line 296, in _cursor
    self.ensure_connection()
    ~~~~~~~~~~~~~~~~~~~~~~^^
  File "D:\KIOSK\backend\.venv\Lib\site-packages\django\utils\asyncio.py", line 26, in inner
    return func(*args, **kwargs)
  File "D:\KIOSK\backend\.venv\Lib\site-packages\django\db\backends\base\base.py", line 278, in ensure_connection
    with self.wrap_database_errors:
         ^^^^^^^^^^^^^^^^^^^^^^^^^
  File "D:\KIOSK\backend\.venv\Lib\site-packages\django\db\utils.py", line 91, in __exit__
    raise dj_exc_value.with_traceback(traceback) from exc_value
  File "D:\KIOSK\backend\.venv\Lib\site-packages\django\db\backends\base\base.py", line 279, in ensure_connection
    self.connect()
    ~~~~~~~~~~~~^^
  File "D:\KIOSK\backend\.venv\Lib\site-packages\django\utils\asyncio.py", line 26, in inner
    return func(*args, **kwargs)
  File "D:\KIOSK\backend\.venv\Lib\site-packages\django\db\backends\base\base.py", line 256, in connect
    self.connection = self.get_new_connection(conn_params)
                      ~~~~~~~~~~~~~~~~~~~~~~~^^^^^^^^^^^^^
  File "D:\KIOSK\backend\.venv\Lib\site-packages\django\utils\asyncio.py", line 26, in inner
    return func(*args, **kwargs)
  File "D:\KIOSK\backend\.venv\Lib\site-packages\django\db\backends\postgresql\base.py", line 332, in get_new_connection
    connection = self.Database.connect(**conn_params)
  File "D:\KIOSK\backend\.venv\Lib\site-packages\psycopg2\__init__.py", line 135, in connect
    conn = _connect(dsn, connection_factory=connection_factory, **kwasync)
django.db.utils.OperationalError: connection to server at "38.242.216.156", port 5437 failed: No route to host (0x00002751/10065)
	Is the server running on that host and accepting TCP/IP connections?

2026-05-26 09:47:16,121 ERROR    Exception inside application: connection to server at "38.242.216.156", port 5437 failed: No route to host (0x00002751/10065)
	Is the server running on that host and accepting TCP/IP connections?
Traceback (most recent call last):
  File "D:\KIOSK\backend\.venv\Lib\site-packages\django\contrib\sessions\backends\base.py", line 244, in _get_session
    return self._session_cache
           ^^^^^^^^^^^^^^^^^^^
AttributeError: 'SessionStore' object has no attribute '_session_cache'

During handling of the above exception, another exception occurred:

Traceback (most recent call last):
  File "D:\KIOSK\backend\.venv\Lib\site-packages\django\db\backends\base\base.py", line 279, in ensure_connection
    self.connect()
    ~~~~~~~~~~~~^^
  File "D:\KIOSK\backend\.venv\Lib\site-packages\django\utils\asyncio.py", line 26, in inner
    return func(*args, **kwargs)
  File "D:\KIOSK\backend\.venv\Lib\site-packages\django\db\backends\base\base.py", line 256, in connect
    self.connection = self.get_new_connection(conn_params)
                      ~~~~~~~~~~~~~~~~~~~~~~~^^^^^^^^^^^^^
  File "D:\KIOSK\backend\.venv\Lib\site-packages\django\utils\asyncio.py", line 26, in inner
    return func(*args, **kwargs)
  File "D:\KIOSK\backend\.venv\Lib\site-packages\django\db\backends\postgresql\base.py", line 332, in get_new_connection
    connection = self.Database.connect(**conn_params)
  File "D:\KIOSK\backend\.venv\Lib\site-packages\psycopg2\__init__.py", line 135, in connect
    conn = _connect(dsn, connection_factory=connection_factory, **kwasync)
psycopg2.OperationalError: connection to server at "38.242.216.156", port 5437 failed: No route to host (0x00002751/10065)
	Is the server running on that host and accepting TCP/IP connections?


The above exception was the direct cause of the following exception:

Traceback (most recent call last):
  File "D:\KIOSK\backend\.venv\Lib\site-packages\channels\routing.py", line 48, in __call__
    return await application(scope, receive, send)
           ^^^^^^^^^^^^^^^^^^^^^^^^^^^^^^^^^^^^^^^
  File "D:\KIOSK\backend\.venv\Lib\site-packages\channels\sessions.py", line 44, in __call__
    return await self.inner(dict(scope, cookies=cookies), receive, send)
           ^^^^^^^^^^^^^^^^^^^^^^^^^^^^^^^^^^^^^^^^^^^^^^^^^^^^^^^^^^^^^
  File "D:\KIOSK\backend\.venv\Lib\site-packages\channels\sessions.py", line 261, in __call__
    return await self.inner(wrapper.scope, receive, wrapper.send)
           ^^^^^^^^^^^^^^^^^^^^^^^^^^^^^^^^^^^^^^^^^^^^^^^^^^^^^^
  File "D:\KIOSK\backend\.venv\Lib\site-packages\channels\auth.py", line 183, in __call__
    await self.resolve_scope(scope)
  File "D:\KIOSK\backend\.venv\Lib\site-packages\channels\auth.py", line 176, in resolve_scope
    scope["user"]._wrapped = await get_user(scope)
                             ^^^^^^^^^^^^^^^^^^^^^
  File "D:\KIOSK\backend\.venv\Lib\site-packages\asgiref\sync.py", line 502, in __call__
    ret = await asyncio.shield(exec_coro)
          ^^^^^^^^^^^^^^^^^^^^^^^^^^^^^^^
  File "C:\Program Files\WindowsApps\PythonSoftwareFoundation.Python.3.13_3.13.3568.0_x64__qbz5n2kfra8p0\Lib\concurrent\futures\thread.py", line 59, in run
    result = self.fn(*self.args, **self.kwargs)
  File "D:\KIOSK\backend\.venv\Lib\site-packages\channels\db.py", line 13, in thread_handler
    return super().thread_handler(loop, *args, **kwargs)
           ~~~~~~~~~~~~~~~~~~~~~~^^^^^^^^^^^^^^^^^^^^^^^
  File "D:\KIOSK\backend\.venv\Lib\site-packages\asgiref\sync.py", line 556, in thread_handler
    return func(*args, **kwargs)
  File "D:\KIOSK\backend\.venv\Lib\site-packages\channels\auth.py", line 38, in get_user
    user_id = _get_user_session_key(session)
  File "D:\KIOSK\backend\.venv\Lib\site-packages\channels\auth.py", line 145, in _get_user_session_key
    return get_user_model()._meta.pk.to_python(session[SESSION_KEY])
                                               ~~~~~~~^^^^^^^^^^^^^
  File "D:\KIOSK\backend\.venv\Lib\site-packages\django\utils\functional.py", line 253, in inner
    return func(_wrapped, *args)
  File "D:\KIOSK\backend\.venv\Lib\site-packages\django\contrib\sessions\backends\base.py", line 55, in __getitem__
    return self._session[key]
           ^^^^^^^^^^^^^
  File "D:\KIOSK\backend\.venv\Lib\site-packages\django\contrib\sessions\backends\base.py", line 249, in _get_session
    self._session_cache = self.load()
                          ~~~~~~~~~^^
  File "D:\KIOSK\backend\.venv\Lib\site-packages\django\contrib\sessions\backends\db.py", line 55, in load
    s = self._get_session_from_db()
  File "D:\KIOSK\backend\.venv\Lib\site-packages\django\contrib\sessions\backends\db.py", line 34, in _get_session_from_db
    return self.model.objects.get(
           ~~~~~~~~~~~~~~~~~~~~~~^
        session_key=self.session_key, expire_date__gt=timezone.now()
        ^^^^^^^^^^^^^^^^^^^^^^^^^^^^^^^^^^^^^^^^^^^^^^^^^^^^^^^^^^^^
    )
    ^
  File "D:\KIOSK\backend\.venv\Lib\site-packages\django\db\models\manager.py", line 87, in manager_method
    return getattr(self.get_queryset(), name)(*args, **kwargs)
           ~~~~~~~~~~~~~~~~~~~~~~~~~~~~~~~~~~^^^^^^^^^^^^^^^^^
  File "D:\KIOSK\backend\.venv\Lib\site-packages\django\db\models\query.py", line 629, in get
    num = len(clone)
  File "D:\KIOSK\backend\.venv\Lib\site-packages\django\db\models\query.py", line 366, in __len__
    self._fetch_all()
    ~~~~~~~~~~~~~~~^^
  File "D:\KIOSK\backend\.venv\Lib\site-packages\django\db\models\query.py", line 1949, in _fetch_all
    self._result_cache = list(self._iterable_class(self))
                         ~~~~^^^^^^^^^^^^^^^^^^^^^^^^^^^^
  File "D:\KIOSK\backend\.venv\Lib\site-packages\django\db\models\query.py", line 91, in __iter__
    results = compiler.execute_sql(
        chunked_fetch=self.chunked_fetch, chunk_size=self.chunk_size
    )
  File "D:\KIOSK\backend\.venv\Lib\site-packages\django\db\models\sql\compiler.py", line 1621, in execute_sql
    cursor = self.connection.cursor()
  File "D:\KIOSK\backend\.venv\Lib\site-packages\django\utils\asyncio.py", line 26, in inner
    return func(*args, **kwargs)
  File "D:\KIOSK\backend\.venv\Lib\site-packages\django\db\backends\base\base.py", line 320, in cursor
    return self._cursor()
           ~~~~~~~~~~~~^^
  File "D:\KIOSK\backend\.venv\Lib\site-packages\django\db\backends\base\base.py", line 296, in _cursor
    self.ensure_connection()
    ~~~~~~~~~~~~~~~~~~~~~~^^
  File "D:\KIOSK\backend\.venv\Lib\site-packages\django\utils\asyncio.py", line 26, in inner
    return func(*args, **kwargs)
  File "D:\KIOSK\backend\.venv\Lib\site-packages\django\db\backends\base\base.py", line 278, in ensure_connection
    with self.wrap_database_errors:
         ^^^^^^^^^^^^^^^^^^^^^^^^^
  File "D:\KIOSK\backend\.venv\Lib\site-packages\django\db\utils.py", line 91, in __exit__
    raise dj_exc_value.with_traceback(traceback) from exc_value
  File "D:\KIOSK\backend\.venv\Lib\site-packages\django\db\backends\base\base.py", line 279, in ensure_connection
    self.connect()
    ~~~~~~~~~~~~^^
  File "D:\KIOSK\backend\.venv\Lib\site-packages\django\utils\asyncio.py", line 26, in inner
    return func(*args, **kwargs)
  File "D:\KIOSK\backend\.venv\Lib\site-packages\django\db\backends\base\base.py", line 256, in connect
    self.connection = self.get_new_connection(conn_params)
                      ~~~~~~~~~~~~~~~~~~~~~~~^^^^^^^^^^^^^
  File "D:\KIOSK\backend\.venv\Lib\site-packages\django\utils\asyncio.py", line 26, in inner
    return func(*args, **kwargs)
  File "D:\KIOSK\backend\.venv\Lib\site-packages\django\db\backends\postgresql\base.py", line 332, in get_new_connection
    connection = self.Database.connect(**conn_params)
  File "D:\KIOSK\backend\.venv\Lib\site-packages\psycopg2\__init__.py", line 135, in connect
    conn = _connect(dsn, connection_factory=connection_factory, **kwasync)
django.db.utils.OperationalError: connection to server at "38.242.216.156", port 5437 failed: No route to host (0x00002751/10065)
	Is the server running on that host and accepting TCP/IP connections?

2026-05-26 09:47:17,136 ERROR    Exception inside application: connection to server at "38.242.216.156", port 5437 failed: No route to host (0x00002751/10065)
	Is the server running on that host and accepting TCP/IP connections?
Traceback (most recent call last):
  File "D:\KIOSK\backend\.venv\Lib\site-packages\django\contrib\sessions\backends\base.py", line 244, in _get_session
    return self._session_cache
           ^^^^^^^^^^^^^^^^^^^
AttributeError: 'SessionStore' object has no attribute '_session_cache'

During handling of the above exception, another exception occurred:

Traceback (most recent call last):
  File "D:\KIOSK\backend\.venv\Lib\site-packages\django\db\backends\base\base.py", line 279, in ensure_connection
    self.connect()
    ~~~~~~~~~~~~^^
  File "D:\KIOSK\backend\.venv\Lib\site-packages\django\utils\asyncio.py", line 26, in inner
    return func(*args, **kwargs)
  File "D:\KIOSK\backend\.venv\Lib\site-packages\django\db\backends\base\base.py", line 256, in connect
    self.connection = self.get_new_connection(conn_params)
                      ~~~~~~~~~~~~~~~~~~~~~~~^^^^^^^^^^^^^
  File "D:\KIOSK\backend\.venv\Lib\site-packages\django\utils\asyncio.py", line 26, in inner
    return func(*args, **kwargs)
  File "D:\KIOSK\backend\.venv\Lib\site-packages\django\db\backends\postgresql\base.py", line 332, in get_new_connection
    connection = self.Database.connect(**conn_params)
  File "D:\KIOSK\backend\.venv\Lib\site-packages\psycopg2\__init__.py", line 135, in connect
    conn = _connect(dsn, connection_factory=connection_factory, **kwasync)
psycopg2.OperationalError: connection to server at "38.242.216.156", port 5437 failed: No route to host (0x00002751/10065)
	Is the server running on that host and accepting TCP/IP connections?


The above exception was the direct cause of the following exception:

Traceback (most recent call last):
  File "D:\KIOSK\backend\.venv\Lib\site-packages\channels\routing.py", line 48, in __call__
    return await application(scope, receive, send)
           ^^^^^^^^^^^^^^^^^^^^^^^^^^^^^^^^^^^^^^^
  File "D:\KIOSK\backend\.venv\Lib\site-packages\channels\sessions.py", line 44, in __call__
    return await self.inner(dict(scope, cookies=cookies), receive, send)
           ^^^^^^^^^^^^^^^^^^^^^^^^^^^^^^^^^^^^^^^^^^^^^^^^^^^^^^^^^^^^^
  File "D:\KIOSK\backend\.venv\Lib\site-packages\channels\sessions.py", line 261, in __call__
    return await self.inner(wrapper.scope, receive, wrapper.send)
           ^^^^^^^^^^^^^^^^^^^^^^^^^^^^^^^^^^^^^^^^^^^^^^^^^^^^^^
  File "D:\KIOSK\backend\.venv\Lib\site-packages\channels\auth.py", line 183, in __call__
    await self.resolve_scope(scope)
  File "D:\KIOSK\backend\.venv\Lib\site-packages\channels\auth.py", line 176, in resolve_scope
    scope["user"]._wrapped = await get_user(scope)
                             ^^^^^^^^^^^^^^^^^^^^^
  File "D:\KIOSK\backend\.venv\Lib\site-packages\asgiref\sync.py", line 502, in __call__
    ret = await asyncio.shield(exec_coro)
          ^^^^^^^^^^^^^^^^^^^^^^^^^^^^^^^
  File "C:\Program Files\WindowsApps\PythonSoftwareFoundation.Python.3.13_3.13.3568.0_x64__qbz5n2kfra8p0\Lib\concurrent\futures\thread.py", line 59, in run
    result = self.fn(*self.args, **self.kwargs)
  File "D:\KIOSK\backend\.venv\Lib\site-packages\channels\db.py", line 13, in thread_handler
    return super().thread_handler(loop, *args, **kwargs)
           ~~~~~~~~~~~~~~~~~~~~~~^^^^^^^^^^^^^^^^^^^^^^^
  File "D:\KIOSK\backend\.venv\Lib\site-packages\asgiref\sync.py", line 556, in thread_handler
    return func(*args, **kwargs)
  File "D:\KIOSK\backend\.venv\Lib\site-packages\channels\auth.py", line 38, in get_user
    user_id = _get_user_session_key(session)
  File "D:\KIOSK\backend\.venv\Lib\site-packages\channels\auth.py", line 145, in _get_user_session_key
    return get_user_model()._meta.pk.to_python(session[SESSION_KEY])
                                               ~~~~~~~^^^^^^^^^^^^^
  File "D:\KIOSK\backend\.venv\Lib\site-packages\django\utils\functional.py", line 253, in inner
    return func(_wrapped, *args)
  File "D:\KIOSK\backend\.venv\Lib\site-packages\django\contrib\sessions\backends\base.py", line 55, in __getitem__
    return self._session[key]
           ^^^^^^^^^^^^^
  File "D:\KIOSK\backend\.venv\Lib\site-packages\django\contrib\sessions\backends\base.py", line 249, in _get_session
    self._session_cache = self.load()
                          ~~~~~~~~~^^
  File "D:\KIOSK\backend\.venv\Lib\site-packages\django\contrib\sessions\backends\db.py", line 55, in load
    s = self._get_session_from_db()
  File "D:\KIOSK\backend\.venv\Lib\site-packages\django\contrib\sessions\backends\db.py", line 34, in _get_session_from_db
    return self.model.objects.get(
           ~~~~~~~~~~~~~~~~~~~~~~^
        session_key=self.session_key, expire_date__gt=timezone.now()
        ^^^^^^^^^^^^^^^^^^^^^^^^^^^^^^^^^^^^^^^^^^^^^^^^^^^^^^^^^^^^
    )
    ^
  File "D:\KIOSK\backend\.venv\Lib\site-packages\django\db\models\manager.py", line 87, in manager_method
    return getattr(self.get_queryset(), name)(*args, **kwargs)
           ~~~~~~~~~~~~~~~~~~~~~~~~~~~~~~~~~~^^^^^^^^^^^^^^^^^
  File "D:\KIOSK\backend\.venv\Lib\site-packages\django\db\models\query.py", line 629, in get
    num = len(clone)
  File "D:\KIOSK\backend\.venv\Lib\site-packages\django\db\models\query.py", line 366, in __len__
    self._fetch_all()
    ~~~~~~~~~~~~~~~^^
  File "D:\KIOSK\backend\.venv\Lib\site-packages\django\db\models\query.py", line 1949, in _fetch_all
    self._result_cache = list(self._iterable_class(self))
                         ~~~~^^^^^^^^^^^^^^^^^^^^^^^^^^^^
  File "D:\KIOSK\backend\.venv\Lib\site-packages\django\db\models\query.py", line 91, in __iter__
    results = compiler.execute_sql(
        chunked_fetch=self.chunked_fetch, chunk_size=self.chunk_size
    )
  File "D:\KIOSK\backend\.venv\Lib\site-packages\django\db\models\sql\compiler.py", line 1621, in execute_sql
    cursor = self.connection.cursor()
  File "D:\KIOSK\backend\.venv\Lib\site-packages\django\utils\asyncio.py", line 26, in inner
    return func(*args, **kwargs)
  File "D:\KIOSK\backend\.venv\Lib\site-packages\django\db\backends\base\base.py", line 320, in cursor
    return self._cursor()
           ~~~~~~~~~~~~^^
  File "D:\KIOSK\backend\.venv\Lib\site-packages\django\db\backends\base\base.py", line 296, in _cursor
    self.ensure_connection()
    ~~~~~~~~~~~~~~~~~~~~~~^^
  File "D:\KIOSK\backend\.venv\Lib\site-packages\django\utils\asyncio.py", line 26, in inner
    return func(*args, **kwargs)
  File "D:\KIOSK\backend\.venv\Lib\site-packages\django\db\backends\base\base.py", line 278, in ensure_connection
    with self.wrap_database_errors:
         ^^^^^^^^^^^^^^^^^^^^^^^^^
  File "D:\KIOSK\backend\.venv\Lib\site-packages\django\db\utils.py", line 91, in __exit__
    raise dj_exc_value.with_traceback(traceback) from exc_value
  File "D:\KIOSK\backend\.venv\Lib\site-packages\django\db\backends\base\base.py", line 279, in ensure_connection
    self.connect()
    ~~~~~~~~~~~~^^
  File "D:\KIOSK\backend\.venv\Lib\site-packages\django\utils\asyncio.py", line 26, in inner
    return func(*args, **kwargs)
  File "D:\KIOSK\backend\.venv\Lib\site-packages\django\db\backends\base\base.py", line 256, in connect
    self.connection = self.get_new_connection(conn_params)
                      ~~~~~~~~~~~~~~~~~~~~~~~^^^^^^^^^^^^^
  File "D:\KIOSK\backend\.venv\Lib\site-packages\django\utils\asyncio.py", line 26, in inner
    return func(*args, **kwargs)
  File "D:\KIOSK\backend\.venv\Lib\site-packages\django\db\backends\postgresql\base.py", line 332, in get_new_connection
    connection = self.Database.connect(**conn_params)
  File "D:\KIOSK\backend\.venv\Lib\site-packages\psycopg2\__init__.py", line 135, in connect
    conn = _connect(dsn, connection_factory=connection_factory, **kwasync)
django.db.utils.OperationalError: connection to server at "38.242.216.156", port 5437 failed: No route to host (0x00002751/10065)
	Is the server running on that host and accepting TCP/IP connections?

2026-05-26 09:47:25,199 ERROR    Exception inside application: Error 10054 while writing to socket. An existing connection was forcibly closed by the remote host.
Traceback (most recent call last):
  File "D:\KIOSK\backend\.venv\Lib\site-packages\redis\asyncio\connection.py", line 543, in send_packed_command
    await self._writer.drain()
  File "C:\Program Files\WindowsApps\PythonSoftwareFoundation.Python.3.13_3.13.3568.0_x64__qbz5n2kfra8p0\Lib\asyncio\streams.py", line 374, in drain
    raise exc
  File "C:\Program Files\WindowsApps\PythonSoftwareFoundation.Python.3.13_3.13.3568.0_x64__qbz5n2kfra8p0\Lib\asyncio\selector_events.py", line 1009, in _read_ready__data_received
    data = self._sock.recv(self.max_size)
ConnectionResetError: [WinError 10054] An existing connection was forcibly closed by the remote host

The above exception was the direct cause of the following exception:

Traceback (most recent call last):
  File "D:\KIOSK\backend\.venv\Lib\site-packages\channels\routing.py", line 48, in __call__
    return await application(scope, receive, send)
           ^^^^^^^^^^^^^^^^^^^^^^^^^^^^^^^^^^^^^^^
  File "D:\KIOSK\backend\.venv\Lib\site-packages\channels\sessions.py", line 44, in __call__
    return await self.inner(dict(scope, cookies=cookies), receive, send)
           ^^^^^^^^^^^^^^^^^^^^^^^^^^^^^^^^^^^^^^^^^^^^^^^^^^^^^^^^^^^^^
  File "D:\KIOSK\backend\.venv\Lib\site-packages\channels\sessions.py", line 261, in __call__
    return await self.inner(wrapper.scope, receive, wrapper.send)
           ^^^^^^^^^^^^^^^^^^^^^^^^^^^^^^^^^^^^^^^^^^^^^^^^^^^^^^
  File "D:\KIOSK\backend\.venv\Lib\site-packages\channels\auth.py", line 185, in __call__
    return await super().__call__(scope, receive, send)
           ^^^^^^^^^^^^^^^^^^^^^^^^^^^^^^^^^^^^^^^^^^^^
  File "D:\KIOSK\backend\.venv\Lib\site-packages\channels\middleware.py", line 24, in __call__
    return await self.inner(scope, receive, send)
           ^^^^^^^^^^^^^^^^^^^^^^^^^^^^^^^^^^^^^^
  File "D:\KIOSK\backend\.venv\Lib\site-packages\channels\routing.py", line 118, in __call__
    return await application(
           ^^^^^^^^^^^^^^^^^^
    ...<10 lines>...
    )
    ^
  File "D:\KIOSK\backend\.venv\Lib\site-packages\channels\consumer.py", line 95, in app
    return await consumer(scope, receive, send)
           ^^^^^^^^^^^^^^^^^^^^^^^^^^^^^^^^^^^^
  File "D:\KIOSK\backend\.venv\Lib\site-packages\channels\consumer.py", line 58, in __call__
    await await_many_dispatch(
        [receive, self.channel_receive], self.dispatch
    )
  File "D:\KIOSK\backend\.venv\Lib\site-packages\channels\utils.py", line 50, in await_many_dispatch
    await dispatch(result)
  File "D:\KIOSK\backend\.venv\Lib\site-packages\channels\consumer.py", line 74, in dispatch
    await handler(message)
  File "D:\KIOSK\backend\.venv\Lib\site-packages\channels\generic\websocket.py", line 180, in websocket_connect
    await self.connect()
  File "D:\KIOSK\backend\kiosk_backend\Applications\consumers.py", line 144, in connect
    await self.channel_layer.group_add(self.web_group, self.channel_name)
  File "D:\KIOSK\backend\.venv\Lib\site-packages\channels_redis\core.py", line 493, in group_add
    await connection.zadd(group_key, {channel: time.time()})
  File "D:\KIOSK\backend\.venv\Lib\site-packages\redis\asyncio\client.py", line 725, in execute_command
    return await conn.retry.call_with_retry(
           ^^^^^^^^^^^^^^^^^^^^^^^^^^^^^^^^^
    ...<4 lines>...
    )
    ^
  File "D:\KIOSK\backend\.venv\Lib\site-packages\redis\asyncio\retry.py", line 55, in call_with_retry
    raise error
  File "D:\KIOSK\backend\.venv\Lib\site-packages\redis\asyncio\retry.py", line 50, in call_with_retry
    return await do()
           ^^^^^^^^^^
  File "D:\KIOSK\backend\.venv\Lib\site-packages\redis\asyncio\client.py", line 699, in _send_command_parse_response
    await conn.send_command(*args)
  File "D:\KIOSK\backend\.venv\Lib\site-packages\redis\asyncio\connection.py", line 567, in send_command
    await self.send_packed_command(
        self.pack_command(*args), check_health=kwargs.get("check_health", True)
    )
  File "D:\KIOSK\backend\.venv\Lib\site-packages\redis\asyncio\connection.py", line 554, in send_packed_command
    raise ConnectionError(
        f"Error {err_no} while writing to socket. {errmsg}."
    ) from e
redis.exceptions.ConnectionError: Error 10054 while writing to socket. An existing connection was forcibly closed by the remote host.
2026-05-26 10:14:39,470 ERROR    Exception inside application: Error while reading from 178.16.137.196:6379 : (10054, 'An existing connection was forcibly closed by the remote host', None, 10054, None)
Traceback (most recent call last):
  File "D:\KIOSK\backend\.venv\Lib\site-packages\redis\asyncio\connection.py", line 607, in read_response
    response = await self._parser.read_response(
               ^^^^^^^^^^^^^^^^^^^^^^^^^^^^^^^^^
        disable_decoding=disable_decoding
        ^^^^^^^^^^^^^^^^^^^^^^^^^^^^^^^^^
    )
    ^
  File "D:\KIOSK\backend\.venv\Lib\site-packages\redis\_parsers\resp2.py", line 82, in read_response
    response = await self._read_response(disable_decoding=disable_decoding)
               ^^^^^^^^^^^^^^^^^^^^^^^^^^^^^^^^^^^^^^^^^^^^^^^^^^^^^^^^^^^^
  File "D:\KIOSK\backend\.venv\Lib\site-packages\redis\_parsers\resp2.py", line 90, in _read_response
    raw = await self._readline()
          ^^^^^^^^^^^^^^^^^^^^^^
  File "D:\KIOSK\backend\.venv\Lib\site-packages\redis\_parsers\base.py", line 468, in _readline
    data = await self._stream.readline()
           ^^^^^^^^^^^^^^^^^^^^^^^^^^^^^
  File "C:\Program Files\WindowsApps\PythonSoftwareFoundation.Python.3.13_3.13.3568.0_x64__qbz5n2kfra8p0\Lib\asyncio\streams.py", line 562, in readline
    line = await self.readuntil(sep)
           ^^^^^^^^^^^^^^^^^^^^^^^^^
  File "C:\Program Files\WindowsApps\PythonSoftwareFoundation.Python.3.13_3.13.3568.0_x64__qbz5n2kfra8p0\Lib\asyncio\streams.py", line 677, in readuntil
    await self._wait_for_data('readuntil')
  File "C:\Program Files\WindowsApps\PythonSoftwareFoundation.Python.3.13_3.13.3568.0_x64__qbz5n2kfra8p0\Lib\asyncio\streams.py", line 539, in _wait_for_data
    await self._waiter
  File "C:\Program Files\WindowsApps\PythonSoftwareFoundation.Python.3.13_3.13.3568.0_x64__qbz5n2kfra8p0\Lib\asyncio\selector_events.py", line 1009, in _read_ready__data_received
    data = self._sock.recv(self.max_size)
ConnectionResetError: [WinError 10054] An existing connection was forcibly closed by the remote host

During handling of the above exception, another exception occurred:

Traceback (most recent call last):
  File "D:\KIOSK\backend\.venv\Lib\site-packages\channels\routing.py", line 48, in __call__
    return await application(scope, receive, send)
           ^^^^^^^^^^^^^^^^^^^^^^^^^^^^^^^^^^^^^^^
  File "D:\KIOSK\backend\.venv\Lib\site-packages\channels\sessions.py", line 44, in __call__
    return await self.inner(dict(scope, cookies=cookies), receive, send)
           ^^^^^^^^^^^^^^^^^^^^^^^^^^^^^^^^^^^^^^^^^^^^^^^^^^^^^^^^^^^^^
  File "D:\KIOSK\backend\.venv\Lib\site-packages\channels\sessions.py", line 261, in __call__
    return await self.inner(wrapper.scope, receive, wrapper.send)
           ^^^^^^^^^^^^^^^^^^^^^^^^^^^^^^^^^^^^^^^^^^^^^^^^^^^^^^
  File "D:\KIOSK\backend\.venv\Lib\site-packages\channels\auth.py", line 185, in __call__
    return await super().__call__(scope, receive, send)
           ^^^^^^^^^^^^^^^^^^^^^^^^^^^^^^^^^^^^^^^^^^^^
  File "D:\KIOSK\backend\.venv\Lib\site-packages\channels\middleware.py", line 24, in __call__
    return await self.inner(scope, receive, send)
           ^^^^^^^^^^^^^^^^^^^^^^^^^^^^^^^^^^^^^^
  File "D:\KIOSK\backend\.venv\Lib\site-packages\channels\routing.py", line 118, in __call__
    return await application(
           ^^^^^^^^^^^^^^^^^^
    ...<10 lines>...
    )
    ^
  File "D:\KIOSK\backend\.venv\Lib\site-packages\channels\consumer.py", line 95, in app
    return await consumer(scope, receive, send)
           ^^^^^^^^^^^^^^^^^^^^^^^^^^^^^^^^^^^^
  File "D:\KIOSK\backend\.venv\Lib\site-packages\channels\consumer.py", line 58, in __call__
    await await_many_dispatch(
        [receive, self.channel_receive], self.dispatch
    )
  File "D:\KIOSK\backend\.venv\Lib\site-packages\channels\utils.py", line 57, in await_many_dispatch
    await task
redis.exceptions.ConnectionError: Error while reading from 178.16.137.196:6379 : (10054, 'An existing connection was forcibly closed by the remote host', None, 10054, None)
2026-05-26 10:14:39,503 ERROR    Exception inside application: Error 10065 connecting to 178.16.137.196:6379. Connect call failed ('178.16.137.196', 6379).
Traceback (most recent call last):
  File "D:\KIOSK\backend\.venv\Lib\site-packages\redis\asyncio\connection.py", line 307, in connect_check_health
    await self.retry.call_with_retry(
        lambda: self._connect(), lambda error: self.disconnect()
    )
  File "D:\KIOSK\backend\.venv\Lib\site-packages\redis\asyncio\retry.py", line 50, in call_with_retry
    return await do()
           ^^^^^^^^^^
  File "D:\KIOSK\backend\.venv\Lib\site-packages\redis\asyncio\connection.py", line 768, in _connect
    reader, writer = await asyncio.open_connection(
                     ^^^^^^^^^^^^^^^^^^^^^^^^^^^^^^
        **self._connection_arguments()
        ^^^^^^^^^^^^^^^^^^^^^^^^^^^^^^
    )
    ^
  File "C:\Program Files\WindowsApps\PythonSoftwareFoundation.Python.3.13_3.13.3568.0_x64__qbz5n2kfra8p0\Lib\asyncio\streams.py", line 48, in open_connection
    transport, _ = await loop.create_connection(
                   ^^^^^^^^^^^^^^^^^^^^^^^^^^^^^
        lambda: protocol, host, port, **kwds)
        ^^^^^^^^^^^^^^^^^^^^^^^^^^^^^^^^^^^^^
  File "C:\Program Files\WindowsApps\PythonSoftwareFoundation.Python.3.13_3.13.3568.0_x64__qbz5n2kfra8p0\Lib\asyncio\base_events.py", line 1171, in create_connection
    raise exceptions[0]
  File "C:\Program Files\WindowsApps\PythonSoftwareFoundation.Python.3.13_3.13.3568.0_x64__qbz5n2kfra8p0\Lib\asyncio\base_events.py", line 1146, in create_connection
    sock = await self._connect_sock(
           ^^^^^^^^^^^^^^^^^^^^^^^^^
        exceptions, addrinfo, laddr_infos)
        ^^^^^^^^^^^^^^^^^^^^^^^^^^^^^^^^^^
  File "C:\Program Files\WindowsApps\PythonSoftwareFoundation.Python.3.13_3.13.3568.0_x64__qbz5n2kfra8p0\Lib\asyncio\base_events.py", line 1045, in _connect_sock
    await self.sock_connect(sock, address)
  File "C:\Program Files\WindowsApps\PythonSoftwareFoundation.Python.3.13_3.13.3568.0_x64__qbz5n2kfra8p0\Lib\asyncio\selector_events.py", line 645, in sock_connect
    return await fut
           ^^^^^^^^^
  File "C:\Program Files\WindowsApps\PythonSoftwareFoundation.Python.3.13_3.13.3568.0_x64__qbz5n2kfra8p0\Lib\asyncio\selector_events.py", line 685, in _sock_connect_cb
    raise OSError(err, f'Connect call failed {address}')
OSError: [Errno 10065] Connect call failed ('178.16.137.196', 6379)

During handling of the above exception, another exception occurred:

Traceback (most recent call last):
  File "D:\KIOSK\backend\.venv\Lib\site-packages\channels\routing.py", line 48, in __call__
    return await application(scope, receive, send)
           ^^^^^^^^^^^^^^^^^^^^^^^^^^^^^^^^^^^^^^^
  File "D:\KIOSK\backend\.venv\Lib\site-packages\channels\sessions.py", line 44, in __call__
    return await self.inner(dict(scope, cookies=cookies), receive, send)
           ^^^^^^^^^^^^^^^^^^^^^^^^^^^^^^^^^^^^^^^^^^^^^^^^^^^^^^^^^^^^^
  File "D:\KIOSK\backend\.venv\Lib\site-packages\channels\sessions.py", line 261, in __call__
    return await self.inner(wrapper.scope, receive, wrapper.send)
           ^^^^^^^^^^^^^^^^^^^^^^^^^^^^^^^^^^^^^^^^^^^^^^^^^^^^^^
  File "D:\KIOSK\backend\.venv\Lib\site-packages\channels\auth.py", line 185, in __call__
    return await super().__call__(scope, receive, send)
           ^^^^^^^^^^^^^^^^^^^^^^^^^^^^^^^^^^^^^^^^^^^^
  File "D:\KIOSK\backend\.venv\Lib\site-packages\channels\middleware.py", line 24, in __call__
    return await self.inner(scope, receive, send)
           ^^^^^^^^^^^^^^^^^^^^^^^^^^^^^^^^^^^^^^
  File "D:\KIOSK\backend\.venv\Lib\site-packages\channels\routing.py", line 118, in __call__
    return await application(
           ^^^^^^^^^^^^^^^^^^
    ...<10 lines>...
    )
    ^
  File "D:\KIOSK\backend\.venv\Lib\site-packages\channels\consumer.py", line 95, in app
    return await consumer(scope, receive, send)
           ^^^^^^^^^^^^^^^^^^^^^^^^^^^^^^^^^^^^
  File "D:\KIOSK\backend\.venv\Lib\site-packages\channels\consumer.py", line 58, in __call__
    await await_many_dispatch(
        [receive, self.channel_receive], self.dispatch
    )
  File "D:\KIOSK\backend\.venv\Lib\site-packages\channels\utils.py", line 57, in await_many_dispatch
    await task
redis.exceptions.ConnectionError: Error 10065 connecting to 178.16.137.196:6379. Connect call failed ('178.16.137.196', 6379).
2026-05-26 10:14:46,580 ERROR    Exception inside application: Error 10054 while writing to socket. An existing connection was forcibly closed by the remote host.
Traceback (most recent call last):
  File "D:\KIOSK\backend\.venv\Lib\site-packages\redis\asyncio\connection.py", line 543, in send_packed_command
    await self._writer.drain()
  File "C:\Program Files\WindowsApps\PythonSoftwareFoundation.Python.3.13_3.13.3568.0_x64__qbz5n2kfra8p0\Lib\asyncio\streams.py", line 374, in drain
    raise exc
  File "C:\Program Files\WindowsApps\PythonSoftwareFoundation.Python.3.13_3.13.3568.0_x64__qbz5n2kfra8p0\Lib\asyncio\selector_events.py", line 1009, in _read_ready__data_received
    data = self._sock.recv(self.max_size)
ConnectionResetError: [WinError 10054] An existing connection was forcibly closed by the remote host

The above exception was the direct cause of the following exception:

Traceback (most recent call last):
  File "D:\KIOSK\backend\.venv\Lib\site-packages\channels\routing.py", line 48, in __call__
    return await application(scope, receive, send)
           ^^^^^^^^^^^^^^^^^^^^^^^^^^^^^^^^^^^^^^^
  File "D:\KIOSK\backend\.venv\Lib\site-packages\channels\sessions.py", line 44, in __call__
    return await self.inner(dict(scope, cookies=cookies), receive, send)
           ^^^^^^^^^^^^^^^^^^^^^^^^^^^^^^^^^^^^^^^^^^^^^^^^^^^^^^^^^^^^^
  File "D:\KIOSK\backend\.venv\Lib\site-packages\channels\sessions.py", line 261, in __call__
    return await self.inner(wrapper.scope, receive, wrapper.send)
           ^^^^^^^^^^^^^^^^^^^^^^^^^^^^^^^^^^^^^^^^^^^^^^^^^^^^^^
  File "D:\KIOSK\backend\.venv\Lib\site-packages\channels\auth.py", line 185, in __call__
    return await super().__call__(scope, receive, send)
           ^^^^^^^^^^^^^^^^^^^^^^^^^^^^^^^^^^^^^^^^^^^^
  File "D:\KIOSK\backend\.venv\Lib\site-packages\channels\middleware.py", line 24, in __call__
    return await self.inner(scope, receive, send)
           ^^^^^^^^^^^^^^^^^^^^^^^^^^^^^^^^^^^^^^
  File "D:\KIOSK\backend\.venv\Lib\site-packages\channels\routing.py", line 118, in __call__
    return await application(
           ^^^^^^^^^^^^^^^^^^
    ...<10 lines>...
    )
    ^
  File "D:\KIOSK\backend\.venv\Lib\site-packages\channels\consumer.py", line 95, in app
    return await consumer(scope, receive, send)
           ^^^^^^^^^^^^^^^^^^^^^^^^^^^^^^^^^^^^
  File "D:\KIOSK\backend\.venv\Lib\site-packages\channels\consumer.py", line 58, in __call__
    await await_many_dispatch(
        [receive, self.channel_receive], self.dispatch
    )
  File "D:\KIOSK\backend\.venv\Lib\site-packages\channels\utils.py", line 50, in await_many_dispatch
    await dispatch(result)
  File "D:\KIOSK\backend\.venv\Lib\site-packages\channels\consumer.py", line 74, in dispatch
    await handler(message)
  File "D:\KIOSK\backend\.venv\Lib\site-packages\channels\generic\websocket.py", line 180, in websocket_connect
    await self.connect()
  File "D:\KIOSK\backend\kiosk_backend\Applications\consumers.py", line 144, in connect
    await self.channel_layer.group_add(self.web_group, self.channel_name)
  File "D:\KIOSK\backend\.venv\Lib\site-packages\channels_redis\core.py", line 493, in group_add
    await connection.zadd(group_key, {channel: time.time()})
  File "D:\KIOSK\backend\.venv\Lib\site-packages\redis\asyncio\client.py", line 725, in execute_command
    return await conn.retry.call_with_retry(
           ^^^^^^^^^^^^^^^^^^^^^^^^^^^^^^^^^
    ...<4 lines>...
    )
    ^
  File "D:\KIOSK\backend\.venv\Lib\site-packages\redis\asyncio\retry.py", line 55, in call_with_retry
    raise error
  File "D:\KIOSK\backend\.venv\Lib\site-packages\redis\asyncio\retry.py", line 50, in call_with_retry
    return await do()
           ^^^^^^^^^^
  File "D:\KIOSK\backend\.venv\Lib\site-packages\redis\asyncio\client.py", line 699, in _send_command_parse_response
    await conn.send_command(*args)
  File "D:\KIOSK\backend\.venv\Lib\site-packages\redis\asyncio\connection.py", line 567, in send_command
    await self.send_packed_command(
        self.pack_command(*args), check_health=kwargs.get("check_health", True)
    )
  File "D:\KIOSK\backend\.venv\Lib\site-packages\redis\asyncio\connection.py", line 554, in send_packed_command
    raise ConnectionError(
        f"Error {err_no} while writing to socket. {errmsg}."
    ) from e
redis.exceptions.ConnectionError: Error 10054 while writing to socket. An existing connection was forcibly closed by the remote host.
Internal Server Error: /cameraapi/cameras/
Traceback (most recent call last):
  File "D:\KIOSK\backend\.venv\Lib\site-packages\django\db\backends\utils.py", line 105, in _execute
    return self.cursor.execute(sql, params)
           ~~~~~~~~~~~~~~~~~~~^^^^^^^^^^^^^
psycopg2.OperationalError: server closed the connection unexpectedly
	This probably means the server terminated abnormally
	before or while processing the request.


The above exception was the direct cause of the following exception:

Traceback (most recent call last):
  File "D:\KIOSK\backend\.venv\Lib\site-packages\asgiref\sync.py", line 552, in thread_handler
    raise exc_info[1]
  File "D:\KIOSK\backend\.venv\Lib\site-packages\django\core\handlers\exception.py", line 42, in inner
    response = await get_response(request)
               ^^^^^^^^^^^^^^^^^^^^^^^^^^^
  File "D:\KIOSK\backend\.venv\Lib\site-packages\asgiref\sync.py", line 552, in thread_handler
    raise exc_info[1]
  File "D:\KIOSK\backend\.venv\Lib\site-packages\django\core\handlers\base.py", line 253, in _get_response_async
    response = await wrapped_callback(
               ^^^^^^^^^^^^^^^^^^^^^^^
        request, *callback_args, **callback_kwargs
        ^^^^^^^^^^^^^^^^^^^^^^^^^^^^^^^^^^^^^^^^^^
    )
    ^
  File "D:\KIOSK\backend\.venv\Lib\site-packages\asgiref\sync.py", line 502, in __call__
    ret = await asyncio.shield(exec_coro)
          ^^^^^^^^^^^^^^^^^^^^^^^^^^^^^^^
  File "D:\KIOSK\backend\.venv\Lib\site-packages\asgiref\current_thread_executor.py", line 40, in run
    result = self.fn(*self.args, **self.kwargs)
  File "D:\KIOSK\backend\.venv\Lib\site-packages\asgiref\sync.py", line 556, in thread_handler
    return func(*args, **kwargs)
  File "D:\KIOSK\backend\.venv\Lib\site-packages\django\views\decorators\csrf.py", line 65, in _view_wrapper
    return view_func(request, *args, **kwargs)
  File "D:\KIOSK\backend\.venv\Lib\site-packages\rest_framework\viewsets.py", line 125, in view
    return self.dispatch(request, *args, **kwargs)
           ~~~~~~~~~~~~~^^^^^^^^^^^^^^^^^^^^^^^^^^
  File "D:\KIOSK\backend\.venv\Lib\site-packages\rest_framework\views.py", line 515, in dispatch
    response = self.handle_exception(exc)
  File "D:\KIOSK\backend\.venv\Lib\site-packages\rest_framework\views.py", line 475, in handle_exception
    self.raise_uncaught_exception(exc)
    ~~~~~~~~~~~~~~~~~~~~~~~~~~~~~^^^^^
  File "D:\KIOSK\backend\.venv\Lib\site-packages\rest_framework\views.py", line 486, in raise_uncaught_exception
    raise exc
  File "D:\KIOSK\backend\.venv\Lib\site-packages\rest_framework\views.py", line 512, in dispatch
    response = handler(request, *args, **kwargs)
  File "D:\KIOSK\backend\kiosk_backend\Cameras\views.py", line 230, in list
    for cam in cameras:
               ^^^^^^^
  File "D:\KIOSK\backend\.venv\Lib\site-packages\django\db\models\query.py", line 384, in __iter__
    self._fetch_all()
    ~~~~~~~~~~~~~~~^^
  File "D:\KIOSK\backend\.venv\Lib\site-packages\django\db\models\query.py", line 1949, in _fetch_all
    self._result_cache = list(self._iterable_class(self))
                         ~~~~^^^^^^^^^^^^^^^^^^^^^^^^^^^^
  File "D:\KIOSK\backend\.venv\Lib\site-packages\django\db\models\query.py", line 91, in __iter__
    results = compiler.execute_sql(
        chunked_fetch=self.chunked_fetch, chunk_size=self.chunk_size
    )
  File "D:\KIOSK\backend\.venv\Lib\site-packages\django\db\models\sql\compiler.py", line 1623, in execute_sql
    cursor.execute(sql, params)
    ~~~~~~~~~~~~~~^^^^^^^^^^^^^
  File "D:\KIOSK\backend\.venv\Lib\site-packages\django\db\backends\utils.py", line 122, in execute
    return super().execute(sql, params)
           ~~~~~~~~~~~~~~~^^^^^^^^^^^^^
  File "D:\KIOSK\backend\.venv\Lib\site-packages\django\db\backends\utils.py", line 79, in execute
    return self._execute_with_wrappers(
           ~~~~~~~~~~~~~~~~~~~~~~~~~~~^
        sql, params, many=False, executor=self._execute
        ^^^^^^^^^^^^^^^^^^^^^^^^^^^^^^^^^^^^^^^^^^^^^^^
    )
    ^
  File "D:\KIOSK\backend\.venv\Lib\site-packages\django\db\backends\utils.py", line 92, in _execute_with_wrappers
    return executor(sql, params, many, context)
  File "D:\KIOSK\backend\.venv\Lib\site-packages\django\db\backends\utils.py", line 100, in _execute
    with self.db.wrap_database_errors:
         ^^^^^^^^^^^^^^^^^^^^^^^^^^^^
  File "D:\KIOSK\backend\.venv\Lib\site-packages\django\db\utils.py", line 91, in __exit__
    raise dj_exc_value.with_traceback(traceback) from exc_value
  File "D:\KIOSK\backend\.venv\Lib\site-packages\django\db\backends\utils.py", line 105, in _execute
    return self.cursor.execute(sql, params)
           ~~~~~~~~~~~~~~~~~~~^^^^^^^^^^^^^
django.db.utils.OperationalError: server closed the connection unexpectedly
	This probably means the server terminated abnormally
	before or while processing the request.

2026-05-26 10:18:36,038 ERROR    Internal Server Error: /cameraapi/cameras/
Traceback (most recent call last):
  File "D:\KIOSK\backend\.venv\Lib\site-packages\django\db\backends\utils.py", line 105, in _execute
    return self.cursor.execute(sql, params)
           ~~~~~~~~~~~~~~~~~~~^^^^^^^^^^^^^
psycopg2.OperationalError: server closed the connection unexpectedly
	This probably means the server terminated abnormally
	before or while processing the request.


The above exception was the direct cause of the following exception:

Traceback (most recent call last):
  File "D:\KIOSK\backend\.venv\Lib\site-packages\asgiref\sync.py", line 552, in thread_handler
    raise exc_info[1]
  File "D:\KIOSK\backend\.venv\Lib\site-packages\django\core\handlers\exception.py", line 42, in inner
    response = await get_response(request)
               ^^^^^^^^^^^^^^^^^^^^^^^^^^^
  File "D:\KIOSK\backend\.venv\Lib\site-packages\asgiref\sync.py", line 552, in thread_handler
    raise exc_info[1]
  File "D:\KIOSK\backend\.venv\Lib\site-packages\django\core\handlers\base.py", line 253, in _get_response_async
    response = await wrapped_callback(
               ^^^^^^^^^^^^^^^^^^^^^^^
        request, *callback_args, **callback_kwargs
        ^^^^^^^^^^^^^^^^^^^^^^^^^^^^^^^^^^^^^^^^^^
    )
    ^
  File "D:\KIOSK\backend\.venv\Lib\site-packages\asgiref\sync.py", line 502, in __call__
    ret = await asyncio.shield(exec_coro)
          ^^^^^^^^^^^^^^^^^^^^^^^^^^^^^^^
  File "D:\KIOSK\backend\.venv\Lib\site-packages\asgiref\current_thread_executor.py", line 40, in run
    result = self.fn(*self.args, **self.kwargs)
  File "D:\KIOSK\backend\.venv\Lib\site-packages\asgiref\sync.py", line 556, in thread_handler
    return func(*args, **kwargs)
  File "D:\KIOSK\backend\.venv\Lib\site-packages\django\views\decorators\csrf.py", line 65, in _view_wrapper
    return view_func(request, *args, **kwargs)
  File "D:\KIOSK\backend\.venv\Lib\site-packages\rest_framework\viewsets.py", line 125, in view
    return self.dispatch(request, *args, **kwargs)
           ~~~~~~~~~~~~~^^^^^^^^^^^^^^^^^^^^^^^^^^
  File "D:\KIOSK\backend\.venv\Lib\site-packages\rest_framework\views.py", line 515, in dispatch
    response = self.handle_exception(exc)
  File "D:\KIOSK\backend\.venv\Lib\site-packages\rest_framework\views.py", line 475, in handle_exception
    self.raise_uncaught_exception(exc)
    ~~~~~~~~~~~~~~~~~~~~~~~~~~~~~^^^^^
  File "D:\KIOSK\backend\.venv\Lib\site-packages\rest_framework\views.py", line 486, in raise_uncaught_exception
    raise exc
  File "D:\KIOSK\backend\.venv\Lib\site-packages\rest_framework\views.py", line 512, in dispatch
    response = handler(request, *args, **kwargs)
  File "D:\KIOSK\backend\kiosk_backend\Cameras\views.py", line 230, in list
    for cam in cameras:
               ^^^^^^^
  File "D:\KIOSK\backend\.venv\Lib\site-packages\django\db\models\query.py", line 384, in __iter__
    self._fetch_all()
    ~~~~~~~~~~~~~~~^^
  File "D:\KIOSK\backend\.venv\Lib\site-packages\django\db\models\query.py", line 1949, in _fetch_all
    self._result_cache = list(self._iterable_class(self))
                         ~~~~^^^^^^^^^^^^^^^^^^^^^^^^^^^^
  File "D:\KIOSK\backend\.venv\Lib\site-packages\django\db\models\query.py", line 91, in __iter__
    results = compiler.execute_sql(
        chunked_fetch=self.chunked_fetch, chunk_size=self.chunk_size
    )
  File "D:\KIOSK\backend\.venv\Lib\site-packages\django\db\models\sql\compiler.py", line 1623, in execute_sql
    cursor.execute(sql, params)
    ~~~~~~~~~~~~~~^^^^^^^^^^^^^
  File "D:\KIOSK\backend\.venv\Lib\site-packages\django\db\backends\utils.py", line 122, in execute
    return super().execute(sql, params)
           ~~~~~~~~~~~~~~~^^^^^^^^^^^^^
  File "D:\KIOSK\backend\.venv\Lib\site-packages\django\db\backends\utils.py", line 79, in execute
    return self._execute_with_wrappers(
           ~~~~~~~~~~~~~~~~~~~~~~~~~~~^
        sql, params, many=False, executor=self._execute
        ^^^^^^^^^^^^^^^^^^^^^^^^^^^^^^^^^^^^^^^^^^^^^^^
    )
    ^
  File "D:\KIOSK\backend\.venv\Lib\site-packages\django\db\backends\utils.py", line 92, in _execute_with_wrappers
    return executor(sql, params, many, context)
  File "D:\KIOSK\backend\.venv\Lib\site-packages\django\db\backends\utils.py", line 100, in _execute
    with self.db.wrap_database_errors:
         ^^^^^^^^^^^^^^^^^^^^^^^^^^^^
  File "D:\KIOSK\backend\.venv\Lib\site-packages\django\db\utils.py", line 91, in __exit__
    raise dj_exc_value.with_traceback(traceback) from exc_value
  File "D:\KIOSK\backend\.venv\Lib\site-packages\django\db\backends\utils.py", line 105, in _execute
    return self.cursor.execute(sql, params)
           ~~~~~~~~~~~~~~~~~~~^^^^^^^^^^^^^
django.db.utils.OperationalError: server closed the connection unexpectedly
	This probably means the server terminated abnormally
	before or while processing the request.

2026-05-26 10:18:36,819 ERROR    Exception inside application: Error while reading from 178.16.137.196:6379 : (10054, 'An existing connection was forcibly closed by the remote host', None, 10054, None)
Traceback (most recent call last):
  File "D:\KIOSK\backend\.venv\Lib\site-packages\redis\asyncio\connection.py", line 607, in read_response
    response = await self._parser.read_response(
               ^^^^^^^^^^^^^^^^^^^^^^^^^^^^^^^^^
        disable_decoding=disable_decoding
        ^^^^^^^^^^^^^^^^^^^^^^^^^^^^^^^^^
    )
    ^
  File "D:\KIOSK\backend\.venv\Lib\site-packages\redis\_parsers\resp2.py", line 82, in read_response
    response = await self._read_response(disable_decoding=disable_decoding)
               ^^^^^^^^^^^^^^^^^^^^^^^^^^^^^^^^^^^^^^^^^^^^^^^^^^^^^^^^^^^^
  File "D:\KIOSK\backend\.venv\Lib\site-packages\redis\_parsers\resp2.py", line 90, in _read_response
    raw = await self._readline()
          ^^^^^^^^^^^^^^^^^^^^^^
  File "D:\KIOSK\backend\.venv\Lib\site-packages\redis\_parsers\base.py", line 468, in _readline
    data = await self._stream.readline()
           ^^^^^^^^^^^^^^^^^^^^^^^^^^^^^
  File "C:\Program Files\WindowsApps\PythonSoftwareFoundation.Python.3.13_3.13.3568.0_x64__qbz5n2kfra8p0\Lib\asyncio\streams.py", line 562, in readline
    line = await self.readuntil(sep)
           ^^^^^^^^^^^^^^^^^^^^^^^^^
  File "C:\Program Files\WindowsApps\PythonSoftwareFoundation.Python.3.13_3.13.3568.0_x64__qbz5n2kfra8p0\Lib\asyncio\streams.py", line 677, in readuntil
    await self._wait_for_data('readuntil')
  File "C:\Program Files\WindowsApps\PythonSoftwareFoundation.Python.3.13_3.13.3568.0_x64__qbz5n2kfra8p0\Lib\asyncio\streams.py", line 539, in _wait_for_data
    await self._waiter
  File "C:\Program Files\WindowsApps\PythonSoftwareFoundation.Python.3.13_3.13.3568.0_x64__qbz5n2kfra8p0\Lib\asyncio\selector_events.py", line 1009, in _read_ready__data_received
    data = self._sock.recv(self.max_size)
ConnectionResetError: [WinError 10054] An existing connection was forcibly closed by the remote host

During handling of the above exception, another exception occurred:

Traceback (most recent call last):
  File "D:\KIOSK\backend\.venv\Lib\site-packages\channels\routing.py", line 48, in __call__
    return await application(scope, receive, send)
           ^^^^^^^^^^^^^^^^^^^^^^^^^^^^^^^^^^^^^^^
  File "D:\KIOSK\backend\.venv\Lib\site-packages\channels\sessions.py", line 44, in __call__
    return await self.inner(dict(scope, cookies=cookies), receive, send)
           ^^^^^^^^^^^^^^^^^^^^^^^^^^^^^^^^^^^^^^^^^^^^^^^^^^^^^^^^^^^^^
  File "D:\KIOSK\backend\.venv\Lib\site-packages\channels\sessions.py", line 261, in __call__
    return await self.inner(wrapper.scope, receive, wrapper.send)
           ^^^^^^^^^^^^^^^^^^^^^^^^^^^^^^^^^^^^^^^^^^^^^^^^^^^^^^
  File "D:\KIOSK\backend\.venv\Lib\site-packages\channels\auth.py", line 185, in __call__
    return await super().__call__(scope, receive, send)
           ^^^^^^^^^^^^^^^^^^^^^^^^^^^^^^^^^^^^^^^^^^^^
  File "D:\KIOSK\backend\.venv\Lib\site-packages\channels\middleware.py", line 24, in __call__
    return await self.inner(scope, receive, send)
           ^^^^^^^^^^^^^^^^^^^^^^^^^^^^^^^^^^^^^^
  File "D:\KIOSK\backend\.venv\Lib\site-packages\channels\routing.py", line 118, in __call__
    return await application(
           ^^^^^^^^^^^^^^^^^^
    ...<10 lines>...
    )
    ^
  File "D:\KIOSK\backend\.venv\Lib\site-packages\channels\consumer.py", line 95, in app
    return await consumer(scope, receive, send)
           ^^^^^^^^^^^^^^^^^^^^^^^^^^^^^^^^^^^^
  File "D:\KIOSK\backend\.venv\Lib\site-packages\channels\consumer.py", line 58, in __call__
    await await_many_dispatch(
        [receive, self.channel_receive], self.dispatch
    )
  File "D:\KIOSK\backend\.venv\Lib\site-packages\channels\utils.py", line 57, in await_many_dispatch
    await task
redis.exceptions.ConnectionError: Error while reading from 178.16.137.196:6379 : (10054, 'An existing connection was forcibly closed by the remote host', None, 10054, None)
2026-05-26 10:18:36,822 ERROR    Exception inside application: Error 10065 connecting to 178.16.137.196:6379. Connect call failed ('178.16.137.196', 6379).
Traceback (most recent call last):
  File "D:\KIOSK\backend\.venv\Lib\site-packages\redis\asyncio\connection.py", line 307, in connect_check_health
    await self.retry.call_with_retry(
        lambda: self._connect(), lambda error: self.disconnect()
    )
  File "D:\KIOSK\backend\.venv\Lib\site-packages\redis\asyncio\retry.py", line 50, in call_with_retry
    return await do()
           ^^^^^^^^^^
  File "D:\KIOSK\backend\.venv\Lib\site-packages\redis\asyncio\connection.py", line 768, in _connect
    reader, writer = await asyncio.open_connection(
                     ^^^^^^^^^^^^^^^^^^^^^^^^^^^^^^
        **self._connection_arguments()
        ^^^^^^^^^^^^^^^^^^^^^^^^^^^^^^
    )
    ^
  File "C:\Program Files\WindowsApps\PythonSoftwareFoundation.Python.3.13_3.13.3568.0_x64__qbz5n2kfra8p0\Lib\asyncio\streams.py", line 48, in open_connection
    transport, _ = await loop.create_connection(
                   ^^^^^^^^^^^^^^^^^^^^^^^^^^^^^
        lambda: protocol, host, port, **kwds)
        ^^^^^^^^^^^^^^^^^^^^^^^^^^^^^^^^^^^^^
  File "C:\Program Files\WindowsApps\PythonSoftwareFoundation.Python.3.13_3.13.3568.0_x64__qbz5n2kfra8p0\Lib\asyncio\base_events.py", line 1171, in create_connection
    raise exceptions[0]
  File "C:\Program Files\WindowsApps\PythonSoftwareFoundation.Python.3.13_3.13.3568.0_x64__qbz5n2kfra8p0\Lib\asyncio\base_events.py", line 1146, in create_connection
    sock = await self._connect_sock(
           ^^^^^^^^^^^^^^^^^^^^^^^^^
        exceptions, addrinfo, laddr_infos)
        ^^^^^^^^^^^^^^^^^^^^^^^^^^^^^^^^^^
  File "C:\Program Files\WindowsApps\PythonSoftwareFoundation.Python.3.13_3.13.3568.0_x64__qbz5n2kfra8p0\Lib\asyncio\base_events.py", line 1045, in _connect_sock
    await self.sock_connect(sock, address)
  File "C:\Program Files\WindowsApps\PythonSoftwareFoundation.Python.3.13_3.13.3568.0_x64__qbz5n2kfra8p0\Lib\asyncio\selector_events.py", line 645, in sock_connect
    return await fut
           ^^^^^^^^^
  File "C:\Program Files\WindowsApps\PythonSoftwareFoundation.Python.3.13_3.13.3568.0_x64__qbz5n2kfra8p0\Lib\asyncio\selector_events.py", line 685, in _sock_connect_cb
    raise OSError(err, f'Connect call failed {address}')
OSError: [Errno 10065] Connect call failed ('178.16.137.196', 6379)

During handling of the above exception, another exception occurred:

Traceback (most recent call last):
  File "D:\KIOSK\backend\.venv\Lib\site-packages\channels\routing.py", line 48, in __call__
    return await application(scope, receive, send)
           ^^^^^^^^^^^^^^^^^^^^^^^^^^^^^^^^^^^^^^^
  File "D:\KIOSK\backend\.venv\Lib\site-packages\channels\sessions.py", line 44, in __call__
    return await self.inner(dict(scope, cookies=cookies), receive, send)
           ^^^^^^^^^^^^^^^^^^^^^^^^^^^^^^^^^^^^^^^^^^^^^^^^^^^^^^^^^^^^^
  File "D:\KIOSK\backend\.venv\Lib\site-packages\channels\sessions.py", line 261, in __call__
    return await self.inner(wrapper.scope, receive, wrapper.send)
           ^^^^^^^^^^^^^^^^^^^^^^^^^^^^^^^^^^^^^^^^^^^^^^^^^^^^^^
  File "D:\KIOSK\backend\.venv\Lib\site-packages\channels\auth.py", line 185, in __call__
    return await super().__call__(scope, receive, send)
           ^^^^^^^^^^^^^^^^^^^^^^^^^^^^^^^^^^^^^^^^^^^^
  File "D:\KIOSK\backend\.venv\Lib\site-packages\channels\middleware.py", line 24, in __call__
    return await self.inner(scope, receive, send)
           ^^^^^^^^^^^^^^^^^^^^^^^^^^^^^^^^^^^^^^
  File "D:\KIOSK\backend\.venv\Lib\site-packages\channels\routing.py", line 118, in __call__
    return await application(
           ^^^^^^^^^^^^^^^^^^
    ...<10 lines>...
    )
    ^
  File "D:\KIOSK\backend\.venv\Lib\site-packages\channels\consumer.py", line 95, in app
    return await consumer(scope, receive, send)
           ^^^^^^^^^^^^^^^^^^^^^^^^^^^^^^^^^^^^
  File "D:\KIOSK\backend\.venv\Lib\site-packages\channels\consumer.py", line 58, in __call__
    await await_many_dispatch(
        [receive, self.channel_receive], self.dispatch
    )
  File "D:\KIOSK\backend\.venv\Lib\site-packages\channels\utils.py", line 57, in await_many_dispatch
    await task
redis.exceptions.ConnectionError: Error 10065 connecting to 178.16.137.196:6379. Connect call failed ('178.16.137.196', 6379).
2026-05-26 10:18:44,859 ERROR    Exception inside application: Error 10054 while writing to socket. An existing connection was forcibly closed by the remote host.
Traceback (most recent call last):
  File "D:\KIOSK\backend\.venv\Lib\site-packages\redis\asyncio\connection.py", line 543, in send_packed_command
    await self._writer.drain()
  File "C:\Program Files\WindowsApps\PythonSoftwareFoundation.Python.3.13_3.13.3568.0_x64__qbz5n2kfra8p0\Lib\asyncio\streams.py", line 374, in drain
    raise exc
  File "C:\Program Files\WindowsApps\PythonSoftwareFoundation.Python.3.13_3.13.3568.0_x64__qbz5n2kfra8p0\Lib\asyncio\selector_events.py", line 1009, in _read_ready__data_received
    data = self._sock.recv(self.max_size)
ConnectionResetError: [WinError 10054] An existing connection was forcibly closed by the remote host

The above exception was the direct cause of the following exception:

Traceback (most recent call last):
  File "D:\KIOSK\backend\.venv\Lib\site-packages\channels\routing.py", line 48, in __call__
    return await application(scope, receive, send)
           ^^^^^^^^^^^^^^^^^^^^^^^^^^^^^^^^^^^^^^^
  File "D:\KIOSK\backend\.venv\Lib\site-packages\channels\sessions.py", line 44, in __call__
    return await self.inner(dict(scope, cookies=cookies), receive, send)
           ^^^^^^^^^^^^^^^^^^^^^^^^^^^^^^^^^^^^^^^^^^^^^^^^^^^^^^^^^^^^^
  File "D:\KIOSK\backend\.venv\Lib\site-packages\channels\sessions.py", line 261, in __call__
    return await self.inner(wrapper.scope, receive, wrapper.send)
           ^^^^^^^^^^^^^^^^^^^^^^^^^^^^^^^^^^^^^^^^^^^^^^^^^^^^^^
  File "D:\KIOSK\backend\.venv\Lib\site-packages\channels\auth.py", line 185, in __call__
    return await super().__call__(scope, receive, send)
           ^^^^^^^^^^^^^^^^^^^^^^^^^^^^^^^^^^^^^^^^^^^^
  File "D:\KIOSK\backend\.venv\Lib\site-packages\channels\middleware.py", line 24, in __call__
    return await self.inner(scope, receive, send)
           ^^^^^^^^^^^^^^^^^^^^^^^^^^^^^^^^^^^^^^
  File "D:\KIOSK\backend\.venv\Lib\site-packages\channels\routing.py", line 118, in __call__
    return await application(
           ^^^^^^^^^^^^^^^^^^
    ...<10 lines>...
    )
    ^
  File "D:\KIOSK\backend\.venv\Lib\site-packages\channels\consumer.py", line 95, in app
    return await consumer(scope, receive, send)
           ^^^^^^^^^^^^^^^^^^^^^^^^^^^^^^^^^^^^
  File "D:\KIOSK\backend\.venv\Lib\site-packages\channels\consumer.py", line 58, in __call__
    await await_many_dispatch(
        [receive, self.channel_receive], self.dispatch
    )
  File "D:\KIOSK\backend\.venv\Lib\site-packages\channels\utils.py", line 50, in await_many_dispatch
    await dispatch(result)
  File "D:\KIOSK\backend\.venv\Lib\site-packages\channels\consumer.py", line 74, in dispatch
    await handler(message)
  File "D:\KIOSK\backend\.venv\Lib\site-packages\channels\generic\websocket.py", line 180, in websocket_connect
    await self.connect()
  File "D:\KIOSK\backend\kiosk_backend\Applications\consumers.py", line 144, in connect
    await self.channel_layer.group_add(self.web_group, self.channel_name)
  File "D:\KIOSK\backend\.venv\Lib\site-packages\channels_redis\core.py", line 493, in group_add
    await connection.zadd(group_key, {channel: time.time()})
  File "D:\KIOSK\backend\.venv\Lib\site-packages\redis\asyncio\client.py", line 725, in execute_command
    return await conn.retry.call_with_retry(
           ^^^^^^^^^^^^^^^^^^^^^^^^^^^^^^^^^
    ...<4 lines>...
    )
    ^
  File "D:\KIOSK\backend\.venv\Lib\site-packages\redis\asyncio\retry.py", line 55, in call_with_retry
    raise error
  File "D:\KIOSK\backend\.venv\Lib\site-packages\redis\asyncio\retry.py", line 50, in call_with_retry
    return await do()
           ^^^^^^^^^^
  File "D:\KIOSK\backend\.venv\Lib\site-packages\redis\asyncio\client.py", line 699, in _send_command_parse_response
    await conn.send_command(*args)
  File "D:\KIOSK\backend\.venv\Lib\site-packages\redis\asyncio\connection.py", line 567, in send_command
    await self.send_packed_command(
        self.pack_command(*args), check_health=kwargs.get("check_health", True)
    )
  File "D:\KIOSK\backend\.venv\Lib\site-packages\redis\asyncio\connection.py", line 554, in send_packed_command
    raise ConnectionError(
        f"Error {err_no} while writing to socket. {errmsg}."
    ) from e
redis.exceptions.ConnectionError: Error 10054 while writing to socket. An existing connection was forcibly closed by the remote host.
2026-05-26 10:19:09,991 ERROR    Exception inside application: Error while reading from 178.16.137.196:6379 : (10054, 'An existing connection was forcibly closed by the remote host', None, 10054, None)
Traceback (most recent call last):
  File "D:\KIOSK\backend\.venv\Lib\site-packages\redis\asyncio\connection.py", line 607, in read_response
    response = await self._parser.read_response(
               ^^^^^^^^^^^^^^^^^^^^^^^^^^^^^^^^^
        disable_decoding=disable_decoding
        ^^^^^^^^^^^^^^^^^^^^^^^^^^^^^^^^^
    )
    ^
  File "D:\KIOSK\backend\.venv\Lib\site-packages\redis\_parsers\resp2.py", line 82, in read_response
    response = await self._read_response(disable_decoding=disable_decoding)
               ^^^^^^^^^^^^^^^^^^^^^^^^^^^^^^^^^^^^^^^^^^^^^^^^^^^^^^^^^^^^
  File "D:\KIOSK\backend\.venv\Lib\site-packages\redis\_parsers\resp2.py", line 90, in _read_response
    raw = await self._readline()
          ^^^^^^^^^^^^^^^^^^^^^^
  File "D:\KIOSK\backend\.venv\Lib\site-packages\redis\_parsers\base.py", line 468, in _readline
    data = await self._stream.readline()
           ^^^^^^^^^^^^^^^^^^^^^^^^^^^^^
  File "C:\Program Files\WindowsApps\PythonSoftwareFoundation.Python.3.13_3.13.3568.0_x64__qbz5n2kfra8p0\Lib\asyncio\streams.py", line 562, in readline
    line = await self.readuntil(sep)
           ^^^^^^^^^^^^^^^^^^^^^^^^^
  File "C:\Program Files\WindowsApps\PythonSoftwareFoundation.Python.3.13_3.13.3568.0_x64__qbz5n2kfra8p0\Lib\asyncio\streams.py", line 677, in readuntil
    await self._wait_for_data('readuntil')
  File "C:\Program Files\WindowsApps\PythonSoftwareFoundation.Python.3.13_3.13.3568.0_x64__qbz5n2kfra8p0\Lib\asyncio\streams.py", line 539, in _wait_for_data
    await self._waiter
  File "C:\Program Files\WindowsApps\PythonSoftwareFoundation.Python.3.13_3.13.3568.0_x64__qbz5n2kfra8p0\Lib\asyncio\selector_events.py", line 1009, in _read_ready__data_received
    data = self._sock.recv(self.max_size)
ConnectionResetError: [WinError 10054] An existing connection was forcibly closed by the remote host

During handling of the above exception, another exception occurred:

Traceback (most recent call last):
  File "D:\KIOSK\backend\.venv\Lib\site-packages\channels\routing.py", line 48, in __call__
    return await application(scope, receive, send)
           ^^^^^^^^^^^^^^^^^^^^^^^^^^^^^^^^^^^^^^^
  File "D:\KIOSK\backend\.venv\Lib\site-packages\channels\sessions.py", line 44, in __call__
    return await self.inner(dict(scope, cookies=cookies), receive, send)
           ^^^^^^^^^^^^^^^^^^^^^^^^^^^^^^^^^^^^^^^^^^^^^^^^^^^^^^^^^^^^^
  File "D:\KIOSK\backend\.venv\Lib\site-packages\channels\sessions.py", line 261, in __call__
    return await self.inner(wrapper.scope, receive, wrapper.send)
           ^^^^^^^^^^^^^^^^^^^^^^^^^^^^^^^^^^^^^^^^^^^^^^^^^^^^^^
  File "D:\KIOSK\backend\.venv\Lib\site-packages\channels\auth.py", line 185, in __call__
    return await super().__call__(scope, receive, send)
           ^^^^^^^^^^^^^^^^^^^^^^^^^^^^^^^^^^^^^^^^^^^^
  File "D:\KIOSK\backend\.venv\Lib\site-packages\channels\middleware.py", line 24, in __call__
    return await self.inner(scope, receive, send)
           ^^^^^^^^^^^^^^^^^^^^^^^^^^^^^^^^^^^^^^
  File "D:\KIOSK\backend\.venv\Lib\site-packages\channels\routing.py", line 118, in __call__
    return await application(
           ^^^^^^^^^^^^^^^^^^
    ...<10 lines>...
    )
    ^
  File "D:\KIOSK\backend\.venv\Lib\site-packages\channels\consumer.py", line 95, in app
    return await consumer(scope, receive, send)
           ^^^^^^^^^^^^^^^^^^^^^^^^^^^^^^^^^^^^
  File "D:\KIOSK\backend\.venv\Lib\site-packages\channels\consumer.py", line 58, in __call__
    await await_many_dispatch(
        [receive, self.channel_receive], self.dispatch
    )
  File "D:\KIOSK\backend\.venv\Lib\site-packages\channels\utils.py", line 57, in await_many_dispatch
    await task
redis.exceptions.ConnectionError: Error while reading from 178.16.137.196:6379 : (10054, 'An existing connection was forcibly closed by the remote host', None, 10054, None)
2026-05-26 10:19:09,996 ERROR    Exception inside application: Error 10065 connecting to 178.16.137.196:6379. Connect call failed ('178.16.137.196', 6379).
Traceback (most recent call last):
  File "D:\KIOSK\backend\.venv\Lib\site-packages\redis\asyncio\connection.py", line 307, in connect_check_health
    await self.retry.call_with_retry(
        lambda: self._connect(), lambda error: self.disconnect()
    )
  File "D:\KIOSK\backend\.venv\Lib\site-packages\redis\asyncio\retry.py", line 50, in call_with_retry
    return await do()
           ^^^^^^^^^^
  File "D:\KIOSK\backend\.venv\Lib\site-packages\redis\asyncio\connection.py", line 768, in _connect
    reader, writer = await asyncio.open_connection(
                     ^^^^^^^^^^^^^^^^^^^^^^^^^^^^^^
        **self._connection_arguments()
        ^^^^^^^^^^^^^^^^^^^^^^^^^^^^^^
    )
    ^
  File "C:\Program Files\WindowsApps\PythonSoftwareFoundation.Python.3.13_3.13.3568.0_x64__qbz5n2kfra8p0\Lib\asyncio\streams.py", line 48, in open_connection
    transport, _ = await loop.create_connection(
                   ^^^^^^^^^^^^^^^^^^^^^^^^^^^^^
        lambda: protocol, host, port, **kwds)
        ^^^^^^^^^^^^^^^^^^^^^^^^^^^^^^^^^^^^^
  File "C:\Program Files\WindowsApps\PythonSoftwareFoundation.Python.3.13_3.13.3568.0_x64__qbz5n2kfra8p0\Lib\asyncio\base_events.py", line 1171, in create_connection
    raise exceptions[0]
  File "C:\Program Files\WindowsApps\PythonSoftwareFoundation.Python.3.13_3.13.3568.0_x64__qbz5n2kfra8p0\Lib\asyncio\base_events.py", line 1146, in create_connection
    sock = await self._connect_sock(
           ^^^^^^^^^^^^^^^^^^^^^^^^^
        exceptions, addrinfo, laddr_infos)
        ^^^^^^^^^^^^^^^^^^^^^^^^^^^^^^^^^^
  File "C:\Program Files\WindowsApps\PythonSoftwareFoundation.Python.3.13_3.13.3568.0_x64__qbz5n2kfra8p0\Lib\asyncio\base_events.py", line 1045, in _connect_sock
    await self.sock_connect(sock, address)
  File "C:\Program Files\WindowsApps\PythonSoftwareFoundation.Python.3.13_3.13.3568.0_x64__qbz5n2kfra8p0\Lib\asyncio\selector_events.py", line 645, in sock_connect
    return await fut
           ^^^^^^^^^
  File "C:\Program Files\WindowsApps\PythonSoftwareFoundation.Python.3.13_3.13.3568.0_x64__qbz5n2kfra8p0\Lib\asyncio\selector_events.py", line 685, in _sock_connect_cb
    raise OSError(err, f'Connect call failed {address}')
OSError: [Errno 10065] Connect call failed ('178.16.137.196', 6379)

During handling of the above exception, another exception occurred:

Traceback (most recent call last):
  File "D:\KIOSK\backend\.venv\Lib\site-packages\channels\routing.py", line 48, in __call__
    return await application(scope, receive, send)
           ^^^^^^^^^^^^^^^^^^^^^^^^^^^^^^^^^^^^^^^
  File "D:\KIOSK\backend\.venv\Lib\site-packages\channels\sessions.py", line 44, in __call__
    return await self.inner(dict(scope, cookies=cookies), receive, send)
           ^^^^^^^^^^^^^^^^^^^^^^^^^^^^^^^^^^^^^^^^^^^^^^^^^^^^^^^^^^^^^
  File "D:\KIOSK\backend\.venv\Lib\site-packages\channels\sessions.py", line 261, in __call__
    return await self.inner(wrapper.scope, receive, wrapper.send)
           ^^^^^^^^^^^^^^^^^^^^^^^^^^^^^^^^^^^^^^^^^^^^^^^^^^^^^^
  File "D:\KIOSK\backend\.venv\Lib\site-packages\channels\auth.py", line 185, in __call__
    return await super().__call__(scope, receive, send)
           ^^^^^^^^^^^^^^^^^^^^^^^^^^^^^^^^^^^^^^^^^^^^
  File "D:\KIOSK\backend\.venv\Lib\site-packages\channels\middleware.py", line 24, in __call__
    return await self.inner(scope, receive, send)
           ^^^^^^^^^^^^^^^^^^^^^^^^^^^^^^^^^^^^^^
  File "D:\KIOSK\backend\.venv\Lib\site-packages\channels\routing.py", line 118, in __call__
    return await application(
           ^^^^^^^^^^^^^^^^^^
    ...<10 lines>...
    )
    ^
  File "D:\KIOSK\backend\.venv\Lib\site-packages\channels\consumer.py", line 95, in app
    return await consumer(scope, receive, send)
           ^^^^^^^^^^^^^^^^^^^^^^^^^^^^^^^^^^^^
  File "D:\KIOSK\backend\.venv\Lib\site-packages\channels\consumer.py", line 58, in __call__
    await await_many_dispatch(
        [receive, self.channel_receive], self.dispatch
    )
  File "D:\KIOSK\backend\.venv\Lib\site-packages\channels\utils.py", line 57, in await_many_dispatch
    await task
redis.exceptions.ConnectionError: Error 10065 connecting to 178.16.137.196:6379. Connect call failed ('178.16.137.196', 6379).
2026-05-26 10:19:13,023 ERROR    Exception inside application: connection to server at "38.242.216.156", port 5437 failed: No route to host (0x00002751/10065)
	Is the server running on that host and accepting TCP/IP connections?
Traceback (most recent call last):
  File "D:\KIOSK\backend\.venv\Lib\site-packages\django\contrib\sessions\backends\base.py", line 244, in _get_session
    return self._session_cache
           ^^^^^^^^^^^^^^^^^^^
AttributeError: 'SessionStore' object has no attribute '_session_cache'

During handling of the above exception, another exception occurred:

Traceback (most recent call last):
  File "D:\KIOSK\backend\.venv\Lib\site-packages\django\db\backends\base\base.py", line 279, in ensure_connection
    self.connect()
    ~~~~~~~~~~~~^^
  File "D:\KIOSK\backend\.venv\Lib\site-packages\django\utils\asyncio.py", line 26, in inner
    return func(*args, **kwargs)
  File "D:\KIOSK\backend\.venv\Lib\site-packages\django\db\backends\base\base.py", line 256, in connect
    self.connection = self.get_new_connection(conn_params)
                      ~~~~~~~~~~~~~~~~~~~~~~~^^^^^^^^^^^^^
  File "D:\KIOSK\backend\.venv\Lib\site-packages\django\utils\asyncio.py", line 26, in inner
    return func(*args, **kwargs)
  File "D:\KIOSK\backend\.venv\Lib\site-packages\django\db\backends\postgresql\base.py", line 332, in get_new_connection
    connection = self.Database.connect(**conn_params)
  File "D:\KIOSK\backend\.venv\Lib\site-packages\psycopg2\__init__.py", line 135, in connect
    conn = _connect(dsn, connection_factory=connection_factory, **kwasync)
psycopg2.OperationalError: connection to server at "38.242.216.156", port 5437 failed: No route to host (0x00002751/10065)
	Is the server running on that host and accepting TCP/IP connections?


The above exception was the direct cause of the following exception:

Traceback (most recent call last):
  File "D:\KIOSK\backend\.venv\Lib\site-packages\channels\routing.py", line 48, in __call__
    return await application(scope, receive, send)
           ^^^^^^^^^^^^^^^^^^^^^^^^^^^^^^^^^^^^^^^
  File "D:\KIOSK\backend\.venv\Lib\site-packages\channels\sessions.py", line 44, in __call__
    return await self.inner(dict(scope, cookies=cookies), receive, send)
           ^^^^^^^^^^^^^^^^^^^^^^^^^^^^^^^^^^^^^^^^^^^^^^^^^^^^^^^^^^^^^
  File "D:\KIOSK\backend\.venv\Lib\site-packages\channels\sessions.py", line 261, in __call__
    return await self.inner(wrapper.scope, receive, wrapper.send)
           ^^^^^^^^^^^^^^^^^^^^^^^^^^^^^^^^^^^^^^^^^^^^^^^^^^^^^^
  File "D:\KIOSK\backend\.venv\Lib\site-packages\channels\auth.py", line 183, in __call__
    await self.resolve_scope(scope)
  File "D:\KIOSK\backend\.venv\Lib\site-packages\channels\auth.py", line 176, in resolve_scope
    scope["user"]._wrapped = await get_user(scope)
                             ^^^^^^^^^^^^^^^^^^^^^
  File "D:\KIOSK\backend\.venv\Lib\site-packages\asgiref\sync.py", line 502, in __call__
    ret = await asyncio.shield(exec_coro)
          ^^^^^^^^^^^^^^^^^^^^^^^^^^^^^^^
  File "C:\Program Files\WindowsApps\PythonSoftwareFoundation.Python.3.13_3.13.3568.0_x64__qbz5n2kfra8p0\Lib\concurrent\futures\thread.py", line 59, in run
    result = self.fn(*self.args, **self.kwargs)
  File "D:\KIOSK\backend\.venv\Lib\site-packages\channels\db.py", line 13, in thread_handler
    return super().thread_handler(loop, *args, **kwargs)
           ~~~~~~~~~~~~~~~~~~~~~~^^^^^^^^^^^^^^^^^^^^^^^
  File "D:\KIOSK\backend\.venv\Lib\site-packages\asgiref\sync.py", line 556, in thread_handler
    return func(*args, **kwargs)
  File "D:\KIOSK\backend\.venv\Lib\site-packages\channels\auth.py", line 38, in get_user
    user_id = _get_user_session_key(session)
  File "D:\KIOSK\backend\.venv\Lib\site-packages\channels\auth.py", line 145, in _get_user_session_key
    return get_user_model()._meta.pk.to_python(session[SESSION_KEY])
                                               ~~~~~~~^^^^^^^^^^^^^
  File "D:\KIOSK\backend\.venv\Lib\site-packages\django\utils\functional.py", line 253, in inner
    return func(_wrapped, *args)
  File "D:\KIOSK\backend\.venv\Lib\site-packages\django\contrib\sessions\backends\base.py", line 55, in __getitem__
    return self._session[key]
           ^^^^^^^^^^^^^
  File "D:\KIOSK\backend\.venv\Lib\site-packages\django\contrib\sessions\backends\base.py", line 249, in _get_session
    self._session_cache = self.load()
                          ~~~~~~~~~^^
  File "D:\KIOSK\backend\.venv\Lib\site-packages\django\contrib\sessions\backends\db.py", line 55, in load
    s = self._get_session_from_db()
  File "D:\KIOSK\backend\.venv\Lib\site-packages\django\contrib\sessions\backends\db.py", line 34, in _get_session_from_db
    return self.model.objects.get(
           ~~~~~~~~~~~~~~~~~~~~~~^
        session_key=self.session_key, expire_date__gt=timezone.now()
        ^^^^^^^^^^^^^^^^^^^^^^^^^^^^^^^^^^^^^^^^^^^^^^^^^^^^^^^^^^^^
    )
    ^
  File "D:\KIOSK\backend\.venv\Lib\site-packages\django\db\models\manager.py", line 87, in manager_method
    return getattr(self.get_queryset(), name)(*args, **kwargs)
           ~~~~~~~~~~~~~~~~~~~~~~~~~~~~~~~~~~^^^^^^^^^^^^^^^^^
  File "D:\KIOSK\backend\.venv\Lib\site-packages\django\db\models\query.py", line 629, in get
    num = len(clone)
  File "D:\KIOSK\backend\.venv\Lib\site-packages\django\db\models\query.py", line 366, in __len__
    self._fetch_all()
    ~~~~~~~~~~~~~~~^^
  File "D:\KIOSK\backend\.venv\Lib\site-packages\django\db\models\query.py", line 1949, in _fetch_all
    self._result_cache = list(self._iterable_class(self))
                         ~~~~^^^^^^^^^^^^^^^^^^^^^^^^^^^^
  File "D:\KIOSK\backend\.venv\Lib\site-packages\django\db\models\query.py", line 91, in __iter__
    results = compiler.execute_sql(
        chunked_fetch=self.chunked_fetch, chunk_size=self.chunk_size
    )
  File "D:\KIOSK\backend\.venv\Lib\site-packages\django\db\models\sql\compiler.py", line 1621, in execute_sql
    cursor = self.connection.cursor()
  File "D:\KIOSK\backend\.venv\Lib\site-packages\django\utils\asyncio.py", line 26, in inner
    return func(*args, **kwargs)
  File "D:\KIOSK\backend\.venv\Lib\site-packages\django\db\backends\base\base.py", line 320, in cursor
    return self._cursor()
           ~~~~~~~~~~~~^^
  File "D:\KIOSK\backend\.venv\Lib\site-packages\django\db\backends\base\base.py", line 296, in _cursor
    self.ensure_connection()
    ~~~~~~~~~~~~~~~~~~~~~~^^
  File "D:\KIOSK\backend\.venv\Lib\site-packages\django\utils\asyncio.py", line 26, in inner
    return func(*args, **kwargs)
  File "D:\KIOSK\backend\.venv\Lib\site-packages\django\db\backends\base\base.py", line 278, in ensure_connection
    with self.wrap_database_errors:
         ^^^^^^^^^^^^^^^^^^^^^^^^^
  File "D:\KIOSK\backend\.venv\Lib\site-packages\django\db\utils.py", line 91, in __exit__
    raise dj_exc_value.with_traceback(traceback) from exc_value
  File "D:\KIOSK\backend\.venv\Lib\site-packages\django\db\backends\base\base.py", line 279, in ensure_connection
    self.connect()
    ~~~~~~~~~~~~^^
  File "D:\KIOSK\backend\.venv\Lib\site-packages\django\utils\asyncio.py", line 26, in inner
    return func(*args, **kwargs)
  File "D:\KIOSK\backend\.venv\Lib\site-packages\django\db\backends\base\base.py", line 256, in connect
    self.connection = self.get_new_connection(conn_params)
                      ~~~~~~~~~~~~~~~~~~~~~~~^^^^^^^^^^^^^
  File "D:\KIOSK\backend\.venv\Lib\site-packages\django\utils\asyncio.py", line 26, in inner
    return func(*args, **kwargs)
  File "D:\KIOSK\backend\.venv\Lib\site-packages\django\db\backends\postgresql\base.py", line 332, in get_new_connection
    connection = self.Database.connect(**conn_params)
  File "D:\KIOSK\backend\.venv\Lib\site-packages\psycopg2\__init__.py", line 135, in connect
    conn = _connect(dsn, connection_factory=connection_factory, **kwasync)
django.db.utils.OperationalError: connection to server at "38.242.216.156", port 5437 failed: No route to host (0x00002751/10065)
	Is the server running on that host and accepting TCP/IP connections?

2026-05-26 10:19:14,053 ERROR    Exception inside application: connection to server at "38.242.216.156", port 5437 failed: No route to host (0x00002751/10065)
	Is the server running on that host and accepting TCP/IP connections?
Traceback (most recent call last):
  File "D:\KIOSK\backend\.venv\Lib\site-packages\django\contrib\sessions\backends\base.py", line 244, in _get_session
    return self._session_cache
           ^^^^^^^^^^^^^^^^^^^
AttributeError: 'SessionStore' object has no attribute '_session_cache'

During handling of the above exception, another exception occurred:

Traceback (most recent call last):
  File "D:\KIOSK\backend\.venv\Lib\site-packages\django\db\backends\base\base.py", line 279, in ensure_connection
    self.connect()
    ~~~~~~~~~~~~^^
  File "D:\KIOSK\backend\.venv\Lib\site-packages\django\utils\asyncio.py", line 26, in inner
    return func(*args, **kwargs)
  File "D:\KIOSK\backend\.venv\Lib\site-packages\django\db\backends\base\base.py", line 256, in connect
    self.connection = self.get_new_connection(conn_params)
                      ~~~~~~~~~~~~~~~~~~~~~~~^^^^^^^^^^^^^
  File "D:\KIOSK\backend\.venv\Lib\site-packages\django\utils\asyncio.py", line 26, in inner
    return func(*args, **kwargs)
  File "D:\KIOSK\backend\.venv\Lib\site-packages\django\db\backends\postgresql\base.py", line 332, in get_new_connection
    connection = self.Database.connect(**conn_params)
  File "D:\KIOSK\backend\.venv\Lib\site-packages\psycopg2\__init__.py", line 135, in connect
    conn = _connect(dsn, connection_factory=connection_factory, **kwasync)
psycopg2.OperationalError: connection to server at "38.242.216.156", port 5437 failed: No route to host (0x00002751/10065)
	Is the server running on that host and accepting TCP/IP connections?


The above exception was the direct cause of the following exception:

Traceback (most recent call last):
  File "D:\KIOSK\backend\.venv\Lib\site-packages\channels\routing.py", line 48, in __call__
    return await application(scope, receive, send)
           ^^^^^^^^^^^^^^^^^^^^^^^^^^^^^^^^^^^^^^^
  File "D:\KIOSK\backend\.venv\Lib\site-packages\channels\sessions.py", line 44, in __call__
    return await self.inner(dict(scope, cookies=cookies), receive, send)
           ^^^^^^^^^^^^^^^^^^^^^^^^^^^^^^^^^^^^^^^^^^^^^^^^^^^^^^^^^^^^^
  File "D:\KIOSK\backend\.venv\Lib\site-packages\channels\sessions.py", line 261, in __call__
    return await self.inner(wrapper.scope, receive, wrapper.send)
           ^^^^^^^^^^^^^^^^^^^^^^^^^^^^^^^^^^^^^^^^^^^^^^^^^^^^^^
  File "D:\KIOSK\backend\.venv\Lib\site-packages\channels\auth.py", line 183, in __call__
    await self.resolve_scope(scope)
  File "D:\KIOSK\backend\.venv\Lib\site-packages\channels\auth.py", line 176, in resolve_scope
    scope["user"]._wrapped = await get_user(scope)
                             ^^^^^^^^^^^^^^^^^^^^^
  File "D:\KIOSK\backend\.venv\Lib\site-packages\asgiref\sync.py", line 502, in __call__
    ret = await asyncio.shield(exec_coro)
          ^^^^^^^^^^^^^^^^^^^^^^^^^^^^^^^
  File "C:\Program Files\WindowsApps\PythonSoftwareFoundation.Python.3.13_3.13.3568.0_x64__qbz5n2kfra8p0\Lib\concurrent\futures\thread.py", line 59, in run
    result = self.fn(*self.args, **self.kwargs)
  File "D:\KIOSK\backend\.venv\Lib\site-packages\channels\db.py", line 13, in thread_handler
    return super().thread_handler(loop, *args, **kwargs)
           ~~~~~~~~~~~~~~~~~~~~~~^^^^^^^^^^^^^^^^^^^^^^^
  File "D:\KIOSK\backend\.venv\Lib\site-packages\asgiref\sync.py", line 556, in thread_handler
    return func(*args, **kwargs)
  File "D:\KIOSK\backend\.venv\Lib\site-packages\channels\auth.py", line 38, in get_user
    user_id = _get_user_session_key(session)
  File "D:\KIOSK\backend\.venv\Lib\site-packages\channels\auth.py", line 145, in _get_user_session_key
    return get_user_model()._meta.pk.to_python(session[SESSION_KEY])
                                               ~~~~~~~^^^^^^^^^^^^^
  File "D:\KIOSK\backend\.venv\Lib\site-packages\django\utils\functional.py", line 253, in inner
    return func(_wrapped, *args)
  File "D:\KIOSK\backend\.venv\Lib\site-packages\django\contrib\sessions\backends\base.py", line 55, in __getitem__
    return self._session[key]
           ^^^^^^^^^^^^^
  File "D:\KIOSK\backend\.venv\Lib\site-packages\django\contrib\sessions\backends\base.py", line 249, in _get_session
    self._session_cache = self.load()
                          ~~~~~~~~~^^
  File "D:\KIOSK\backend\.venv\Lib\site-packages\django\contrib\sessions\backends\db.py", line 55, in load
    s = self._get_session_from_db()
  File "D:\KIOSK\backend\.venv\Lib\site-packages\django\contrib\sessions\backends\db.py", line 34, in _get_session_from_db
    return self.model.objects.get(
           ~~~~~~~~~~~~~~~~~~~~~~^
        session_key=self.session_key, expire_date__gt=timezone.now()
        ^^^^^^^^^^^^^^^^^^^^^^^^^^^^^^^^^^^^^^^^^^^^^^^^^^^^^^^^^^^^
    )
    ^
  File "D:\KIOSK\backend\.venv\Lib\site-packages\django\db\models\manager.py", line 87, in manager_method
    return getattr(self.get_queryset(), name)(*args, **kwargs)
           ~~~~~~~~~~~~~~~~~~~~~~~~~~~~~~~~~~^^^^^^^^^^^^^^^^^
  File "D:\KIOSK\backend\.venv\Lib\site-packages\django\db\models\query.py", line 629, in get
    num = len(clone)
  File "D:\KIOSK\backend\.venv\Lib\site-packages\django\db\models\query.py", line 366, in __len__
    self._fetch_all()
    ~~~~~~~~~~~~~~~^^
  File "D:\KIOSK\backend\.venv\Lib\site-packages\django\db\models\query.py", line 1949, in _fetch_all
    self._result_cache = list(self._iterable_class(self))
                         ~~~~^^^^^^^^^^^^^^^^^^^^^^^^^^^^
  File "D:\KIOSK\backend\.venv\Lib\site-packages\django\db\models\query.py", line 91, in __iter__
    results = compiler.execute_sql(
        chunked_fetch=self.chunked_fetch, chunk_size=self.chunk_size
    )
  File "D:\KIOSK\backend\.venv\Lib\site-packages\django\db\models\sql\compiler.py", line 1621, in execute_sql
    cursor = self.connection.cursor()
  File "D:\KIOSK\backend\.venv\Lib\site-packages\django\utils\asyncio.py", line 26, in inner
    return func(*args, **kwargs)
  File "D:\KIOSK\backend\.venv\Lib\site-packages\django\db\backends\base\base.py", line 320, in cursor
    return self._cursor()
           ~~~~~~~~~~~~^^
  File "D:\KIOSK\backend\.venv\Lib\site-packages\django\db\backends\base\base.py", line 296, in _cursor
    self.ensure_connection()
    ~~~~~~~~~~~~~~~~~~~~~~^^
  File "D:\KIOSK\backend\.venv\Lib\site-packages\django\utils\asyncio.py", line 26, in inner
    return func(*args, **kwargs)
  File "D:\KIOSK\backend\.venv\Lib\site-packages\django\db\backends\base\base.py", line 278, in ensure_connection
    with self.wrap_database_errors:
         ^^^^^^^^^^^^^^^^^^^^^^^^^
  File "D:\KIOSK\backend\.venv\Lib\site-packages\django\db\utils.py", line 91, in __exit__
    raise dj_exc_value.with_traceback(traceback) from exc_value
  File "D:\KIOSK\backend\.venv\Lib\site-packages\django\db\backends\base\base.py", line 279, in ensure_connection
    self.connect()
    ~~~~~~~~~~~~^^
  File "D:\KIOSK\backend\.venv\Lib\site-packages\django\utils\asyncio.py", line 26, in inner
    return func(*args, **kwargs)
  File "D:\KIOSK\backend\.venv\Lib\site-packages\django\db\backends\base\base.py", line 256, in connect
    self.connection = self.get_new_connection(conn_params)
                      ~~~~~~~~~~~~~~~~~~~~~~~^^^^^^^^^^^^^
  File "D:\KIOSK\backend\.venv\Lib\site-packages\django\utils\asyncio.py", line 26, in inner
    return func(*args, **kwargs)
  File "D:\KIOSK\backend\.venv\Lib\site-packages\django\db\backends\postgresql\base.py", line 332, in get_new_connection
    connection = self.Database.connect(**conn_params)
  File "D:\KIOSK\backend\.venv\Lib\site-packages\psycopg2\__init__.py", line 135, in connect
    conn = _connect(dsn, connection_factory=connection_factory, **kwasync)
django.db.utils.OperationalError: connection to server at "38.242.216.156", port 5437 failed: No route to host (0x00002751/10065)
	Is the server running on that host and accepting TCP/IP connections?

Internal Server Error: /cameraapi/cameras/
Traceback (most recent call last):
  File "D:\KIOSK\backend\.venv\Lib\site-packages\django\db\backends\base\base.py", line 279, in ensure_connection
    self.connect()
    ~~~~~~~~~~~~^^
  File "D:\KIOSK\backend\.venv\Lib\site-packages\django\utils\asyncio.py", line 26, in inner
    return func(*args, **kwargs)
  File "D:\KIOSK\backend\.venv\Lib\site-packages\django\db\backends\base\base.py", line 256, in connect
    self.connection = self.get_new_connection(conn_params)
                      ~~~~~~~~~~~~~~~~~~~~~~~^^^^^^^^^^^^^
  File "D:\KIOSK\backend\.venv\Lib\site-packages\django\utils\asyncio.py", line 26, in inner
    return func(*args, **kwargs)
  File "D:\KIOSK\backend\.venv\Lib\site-packages\django\db\backends\postgresql\base.py", line 332, in get_new_connection
    connection = self.Database.connect(**conn_params)
  File "D:\KIOSK\backend\.venv\Lib\site-packages\psycopg2\__init__.py", line 135, in connect
    conn = _connect(dsn, connection_factory=connection_factory, **kwasync)
psycopg2.OperationalError: connection to server at "38.242.216.156", port 5437 failed: No route to host (0x00002751/10065)
	Is the server running on that host and accepting TCP/IP connections?


The above exception was the direct cause of the following exception:

Traceback (most recent call last):
  File "D:\KIOSK\backend\.venv\Lib\site-packages\asgiref\sync.py", line 552, in thread_handler
    raise exc_info[1]
  File "D:\KIOSK\backend\.venv\Lib\site-packages\django\core\handlers\exception.py", line 42, in inner
    response = await get_response(request)
               ^^^^^^^^^^^^^^^^^^^^^^^^^^^
  File "D:\KIOSK\backend\.venv\Lib\site-packages\asgiref\sync.py", line 552, in thread_handler
    raise exc_info[1]
  File "D:\KIOSK\backend\.venv\Lib\site-packages\django\core\handlers\base.py", line 253, in _get_response_async
    response = await wrapped_callback(
               ^^^^^^^^^^^^^^^^^^^^^^^
        request, *callback_args, **callback_kwargs
        ^^^^^^^^^^^^^^^^^^^^^^^^^^^^^^^^^^^^^^^^^^
    )
    ^
  File "D:\KIOSK\backend\.venv\Lib\site-packages\asgiref\sync.py", line 502, in __call__
    ret = await asyncio.shield(exec_coro)
          ^^^^^^^^^^^^^^^^^^^^^^^^^^^^^^^
  File "D:\KIOSK\backend\.venv\Lib\site-packages\asgiref\current_thread_executor.py", line 40, in run
    result = self.fn(*self.args, **self.kwargs)
  File "D:\KIOSK\backend\.venv\Lib\site-packages\asgiref\sync.py", line 556, in thread_handler
    return func(*args, **kwargs)
  File "D:\KIOSK\backend\.venv\Lib\site-packages\django\views\decorators\csrf.py", line 65, in _view_wrapper
    return view_func(request, *args, **kwargs)
  File "D:\KIOSK\backend\.venv\Lib\site-packages\rest_framework\viewsets.py", line 125, in view
    return self.dispatch(request, *args, **kwargs)
           ~~~~~~~~~~~~~^^^^^^^^^^^^^^^^^^^^^^^^^^
  File "D:\KIOSK\backend\.venv\Lib\site-packages\rest_framework\views.py", line 515, in dispatch
    response = self.handle_exception(exc)
  File "D:\KIOSK\backend\.venv\Lib\site-packages\rest_framework\views.py", line 475, in handle_exception
    self.raise_uncaught_exception(exc)
    ~~~~~~~~~~~~~~~~~~~~~~~~~~~~~^^^^^
  File "D:\KIOSK\backend\.venv\Lib\site-packages\rest_framework\views.py", line 486, in raise_uncaught_exception
    raise exc
  File "D:\KIOSK\backend\.venv\Lib\site-packages\rest_framework\views.py", line 503, in dispatch
    self.initial(request, *args, **kwargs)
    ~~~~~~~~~~~~^^^^^^^^^^^^^^^^^^^^^^^^^^
  File "D:\KIOSK\backend\.venv\Lib\site-packages\rest_framework\views.py", line 420, in initial
    self.perform_authentication(request)
    ~~~~~~~~~~~~~~~~~~~~~~~~~~~^^^^^^^^^
  File "D:\KIOSK\backend\.venv\Lib\site-packages\rest_framework\views.py", line 330, in perform_authentication
    request.user
  File "D:\KIOSK\backend\.venv\Lib\site-packages\rest_framework\request.py", line 232, in user
    self._authenticate()
    ~~~~~~~~~~~~~~~~~~^^
  File "D:\KIOSK\backend\.venv\Lib\site-packages\rest_framework\request.py", line 385, in _authenticate
    user_auth_tuple = authenticator.authenticate(self)
  File "D:\KIOSK\backend\.venv\Lib\site-packages\rest_framework_simplejwt\authentication.py", line 51, in authenticate
    return self.get_user(validated_token), validated_token
           ~~~~~~~~~~~~~^^^^^^^^^^^^^^^^^
  File "D:\KIOSK\backend\.venv\Lib\site-packages\rest_framework_simplejwt\authentication.py", line 132, in get_user
    user = self.user_model.objects.get(**{api_settings.USER_ID_FIELD: user_id})
  File "D:\KIOSK\backend\.venv\Lib\site-packages\django\db\models\manager.py", line 87, in manager_method
    return getattr(self.get_queryset(), name)(*args, **kwargs)
           ~~~~~~~~~~~~~~~~~~~~~~~~~~~~~~~~~~^^^^^^^^^^^^^^^^^
  File "D:\KIOSK\backend\.venv\Lib\site-packages\django\db\models\query.py", line 629, in get
    num = len(clone)
  File "D:\KIOSK\backend\.venv\Lib\site-packages\django\db\models\query.py", line 366, in __len__
    self._fetch_all()
    ~~~~~~~~~~~~~~~^^
  File "D:\KIOSK\backend\.venv\Lib\site-packages\django\db\models\query.py", line 1949, in _fetch_all
    self._result_cache = list(self._iterable_class(self))
                         ~~~~^^^^^^^^^^^^^^^^^^^^^^^^^^^^
  File "D:\KIOSK\backend\.venv\Lib\site-packages\django\db\models\query.py", line 91, in __iter__
    results = compiler.execute_sql(
        chunked_fetch=self.chunked_fetch, chunk_size=self.chunk_size
    )
  File "D:\KIOSK\backend\.venv\Lib\site-packages\django\db\models\sql\compiler.py", line 1621, in execute_sql
    cursor = self.connection.cursor()
  File "D:\KIOSK\backend\.venv\Lib\site-packages\django\utils\asyncio.py", line 26, in inner
    return func(*args, **kwargs)
  File "D:\KIOSK\backend\.venv\Lib\site-packages\django\db\backends\base\base.py", line 320, in cursor
    return self._cursor()
           ~~~~~~~~~~~~^^
  File "D:\KIOSK\backend\.venv\Lib\site-packages\django\db\backends\base\base.py", line 296, in _cursor
    self.ensure_connection()
    ~~~~~~~~~~~~~~~~~~~~~~^^
  File "D:\KIOSK\backend\.venv\Lib\site-packages\django\utils\asyncio.py", line 26, in inner
    return func(*args, **kwargs)
  File "D:\KIOSK\backend\.venv\Lib\site-packages\django\db\backends\base\base.py", line 278, in ensure_connection
    with self.wrap_database_errors:
         ^^^^^^^^^^^^^^^^^^^^^^^^^
  File "D:\KIOSK\backend\.venv\Lib\site-packages\django\db\utils.py", line 91, in __exit__
    raise dj_exc_value.with_traceback(traceback) from exc_value
  File "D:\KIOSK\backend\.venv\Lib\site-packages\django\db\backends\base\base.py", line 279, in ensure_connection
    self.connect()
    ~~~~~~~~~~~~^^
  File "D:\KIOSK\backend\.venv\Lib\site-packages\django\utils\asyncio.py", line 26, in inner
    return func(*args, **kwargs)
  File "D:\KIOSK\backend\.venv\Lib\site-packages\django\db\backends\base\base.py", line 256, in connect
    self.connection = self.get_new_connection(conn_params)
                      ~~~~~~~~~~~~~~~~~~~~~~~^^^^^^^^^^^^^
  File "D:\KIOSK\backend\.venv\Lib\site-packages\django\utils\asyncio.py", line 26, in inner
    return func(*args, **kwargs)
  File "D:\KIOSK\backend\.venv\Lib\site-packages\django\db\backends\postgresql\base.py", line 332, in get_new_connection
    connection = self.Database.connect(**conn_params)
  File "D:\KIOSK\backend\.venv\Lib\site-packages\psycopg2\__init__.py", line 135, in connect
    conn = _connect(dsn, connection_factory=connection_factory, **kwasync)
django.db.utils.OperationalError: connection to server at "38.242.216.156", port 5437 failed: No route to host (0x00002751/10065)
	Is the server running on that host and accepting TCP/IP connections?

2026-05-26 10:19:15,001 ERROR    Internal Server Error: /cameraapi/cameras/
Traceback (most recent call last):
  File "D:\KIOSK\backend\.venv\Lib\site-packages\django\db\backends\base\base.py", line 279, in ensure_connection
    self.connect()
    ~~~~~~~~~~~~^^
  File "D:\KIOSK\backend\.venv\Lib\site-packages\django\utils\asyncio.py", line 26, in inner
    return func(*args, **kwargs)
  File "D:\KIOSK\backend\.venv\Lib\site-packages\django\db\backends\base\base.py", line 256, in connect
    self.connection = self.get_new_connection(conn_params)
                      ~~~~~~~~~~~~~~~~~~~~~~~^^^^^^^^^^^^^
  File "D:\KIOSK\backend\.venv\Lib\site-packages\django\utils\asyncio.py", line 26, in inner
    return func(*args, **kwargs)
  File "D:\KIOSK\backend\.venv\Lib\site-packages\django\db\backends\postgresql\base.py", line 332, in get_new_connection
    connection = self.Database.connect(**conn_params)
  File "D:\KIOSK\backend\.venv\Lib\site-packages\psycopg2\__init__.py", line 135, in connect
    conn = _connect(dsn, connection_factory=connection_factory, **kwasync)
psycopg2.OperationalError: connection to server at "38.242.216.156", port 5437 failed: No route to host (0x00002751/10065)
	Is the server running on that host and accepting TCP/IP connections?


The above exception was the direct cause of the following exception:

Traceback (most recent call last):
  File "D:\KIOSK\backend\.venv\Lib\site-packages\asgiref\sync.py", line 552, in thread_handler
    raise exc_info[1]
  File "D:\KIOSK\backend\.venv\Lib\site-packages\django\core\handlers\exception.py", line 42, in inner
    response = await get_response(request)
               ^^^^^^^^^^^^^^^^^^^^^^^^^^^
  File "D:\KIOSK\backend\.venv\Lib\site-packages\asgiref\sync.py", line 552, in thread_handler
    raise exc_info[1]
  File "D:\KIOSK\backend\.venv\Lib\site-packages\django\core\handlers\base.py", line 253, in _get_response_async
    response = await wrapped_callback(
               ^^^^^^^^^^^^^^^^^^^^^^^
        request, *callback_args, **callback_kwargs
        ^^^^^^^^^^^^^^^^^^^^^^^^^^^^^^^^^^^^^^^^^^
    )
    ^
  File "D:\KIOSK\backend\.venv\Lib\site-packages\asgiref\sync.py", line 502, in __call__
    ret = await asyncio.shield(exec_coro)
          ^^^^^^^^^^^^^^^^^^^^^^^^^^^^^^^
  File "D:\KIOSK\backend\.venv\Lib\site-packages\asgiref\current_thread_executor.py", line 40, in run
    result = self.fn(*self.args, **self.kwargs)
  File "D:\KIOSK\backend\.venv\Lib\site-packages\asgiref\sync.py", line 556, in thread_handler
    return func(*args, **kwargs)
  File "D:\KIOSK\backend\.venv\Lib\site-packages\django\views\decorators\csrf.py", line 65, in _view_wrapper
    return view_func(request, *args, **kwargs)
  File "D:\KIOSK\backend\.venv\Lib\site-packages\rest_framework\viewsets.py", line 125, in view
    return self.dispatch(request, *args, **kwargs)
           ~~~~~~~~~~~~~^^^^^^^^^^^^^^^^^^^^^^^^^^
  File "D:\KIOSK\backend\.venv\Lib\site-packages\rest_framework\views.py", line 515, in dispatch
    response = self.handle_exception(exc)
  File "D:\KIOSK\backend\.venv\Lib\site-packages\rest_framework\views.py", line 475, in handle_exception
    self.raise_uncaught_exception(exc)
    ~~~~~~~~~~~~~~~~~~~~~~~~~~~~~^^^^^
  File "D:\KIOSK\backend\.venv\Lib\site-packages\rest_framework\views.py", line 486, in raise_uncaught_exception
    raise exc
  File "D:\KIOSK\backend\.venv\Lib\site-packages\rest_framework\views.py", line 503, in dispatch
    self.initial(request, *args, **kwargs)
    ~~~~~~~~~~~~^^^^^^^^^^^^^^^^^^^^^^^^^^
  File "D:\KIOSK\backend\.venv\Lib\site-packages\rest_framework\views.py", line 420, in initial
    self.perform_authentication(request)
    ~~~~~~~~~~~~~~~~~~~~~~~~~~~^^^^^^^^^
  File "D:\KIOSK\backend\.venv\Lib\site-packages\rest_framework\views.py", line 330, in perform_authentication
    request.user
  File "D:\KIOSK\backend\.venv\Lib\site-packages\rest_framework\request.py", line 232, in user
    self._authenticate()
    ~~~~~~~~~~~~~~~~~~^^
  File "D:\KIOSK\backend\.venv\Lib\site-packages\rest_framework\request.py", line 385, in _authenticate
    user_auth_tuple = authenticator.authenticate(self)
  File "D:\KIOSK\backend\.venv\Lib\site-packages\rest_framework_simplejwt\authentication.py", line 51, in authenticate
    return self.get_user(validated_token), validated_token
           ~~~~~~~~~~~~~^^^^^^^^^^^^^^^^^
  File "D:\KIOSK\backend\.venv\Lib\site-packages\rest_framework_simplejwt\authentication.py", line 132, in get_user
    user = self.user_model.objects.get(**{api_settings.USER_ID_FIELD: user_id})
  File "D:\KIOSK\backend\.venv\Lib\site-packages\django\db\models\manager.py", line 87, in manager_method
    return getattr(self.get_queryset(), name)(*args, **kwargs)
           ~~~~~~~~~~~~~~~~~~~~~~~~~~~~~~~~~~^^^^^^^^^^^^^^^^^
  File "D:\KIOSK\backend\.venv\Lib\site-packages\django\db\models\query.py", line 629, in get
    num = len(clone)
  File "D:\KIOSK\backend\.venv\Lib\site-packages\django\db\models\query.py", line 366, in __len__
    self._fetch_all()
    ~~~~~~~~~~~~~~~^^
  File "D:\KIOSK\backend\.venv\Lib\site-packages\django\db\models\query.py", line 1949, in _fetch_all
    self._result_cache = list(self._iterable_class(self))
                         ~~~~^^^^^^^^^^^^^^^^^^^^^^^^^^^^
  File "D:\KIOSK\backend\.venv\Lib\site-packages\django\db\models\query.py", line 91, in __iter__
    results = compiler.execute_sql(
        chunked_fetch=self.chunked_fetch, chunk_size=self.chunk_size
    )
  File "D:\KIOSK\backend\.venv\Lib\site-packages\django\db\models\sql\compiler.py", line 1621, in execute_sql
    cursor = self.connection.cursor()
  File "D:\KIOSK\backend\.venv\Lib\site-packages\django\utils\asyncio.py", line 26, in inner
    return func(*args, **kwargs)
  File "D:\KIOSK\backend\.venv\Lib\site-packages\django\db\backends\base\base.py", line 320, in cursor
    return self._cursor()
           ~~~~~~~~~~~~^^
  File "D:\KIOSK\backend\.venv\Lib\site-packages\django\db\backends\base\base.py", line 296, in _cursor
    self.ensure_connection()
    ~~~~~~~~~~~~~~~~~~~~~~^^
  File "D:\KIOSK\backend\.venv\Lib\site-packages\django\utils\asyncio.py", line 26, in inner
    return func(*args, **kwargs)
  File "D:\KIOSK\backend\.venv\Lib\site-packages\django\db\backends\base\base.py", line 278, in ensure_connection
    with self.wrap_database_errors:
         ^^^^^^^^^^^^^^^^^^^^^^^^^
  File "D:\KIOSK\backend\.venv\Lib\site-packages\django\db\utils.py", line 91, in __exit__
    raise dj_exc_value.with_traceback(traceback) from exc_value
  File "D:\KIOSK\backend\.venv\Lib\site-packages\django\db\backends\base\base.py", line 279, in ensure_connection
    self.connect()
    ~~~~~~~~~~~~^^
  File "D:\KIOSK\backend\.venv\Lib\site-packages\django\utils\asyncio.py", line 26, in inner
    return func(*args, **kwargs)
  File "D:\KIOSK\backend\.venv\Lib\site-packages\django\db\backends\base\base.py", line 256, in connect
    self.connection = self.get_new_connection(conn_params)
                      ~~~~~~~~~~~~~~~~~~~~~~~^^^^^^^^^^^^^
  File "D:\KIOSK\backend\.venv\Lib\site-packages\django\utils\asyncio.py", line 26, in inner
    return func(*args, **kwargs)
  File "D:\KIOSK\backend\.venv\Lib\site-packages\django\db\backends\postgresql\base.py", line 332, in get_new_connection
    connection = self.Database.connect(**conn_params)
  File "D:\KIOSK\backend\.venv\Lib\site-packages\psycopg2\__init__.py", line 135, in connect
    conn = _connect(dsn, connection_factory=connection_factory, **kwasync)
django.db.utils.OperationalError: connection to server at "38.242.216.156", port 5437 failed: No route to host (0x00002751/10065)
	Is the server running on that host and accepting TCP/IP connections?

2026-05-26 10:19:16,086 ERROR    Exception inside application: connection to server at "38.242.216.156", port 5437 failed: No route to host (0x00002751/10065)
	Is the server running on that host and accepting TCP/IP connections?
Traceback (most recent call last):
  File "D:\KIOSK\backend\.venv\Lib\site-packages\django\contrib\sessions\backends\base.py", line 244, in _get_session
    return self._session_cache
           ^^^^^^^^^^^^^^^^^^^
AttributeError: 'SessionStore' object has no attribute '_session_cache'

During handling of the above exception, another exception occurred:

Traceback (most recent call last):
  File "D:\KIOSK\backend\.venv\Lib\site-packages\django\db\backends\base\base.py", line 279, in ensure_connection
    self.connect()
    ~~~~~~~~~~~~^^
  File "D:\KIOSK\backend\.venv\Lib\site-packages\django\utils\asyncio.py", line 26, in inner
    return func(*args, **kwargs)
  File "D:\KIOSK\backend\.venv\Lib\site-packages\django\db\backends\base\base.py", line 256, in connect
    self.connection = self.get_new_connection(conn_params)
                      ~~~~~~~~~~~~~~~~~~~~~~~^^^^^^^^^^^^^
  File "D:\KIOSK\backend\.venv\Lib\site-packages\django\utils\asyncio.py", line 26, in inner
    return func(*args, **kwargs)
  File "D:\KIOSK\backend\.venv\Lib\site-packages\django\db\backends\postgresql\base.py", line 332, in get_new_connection
    connection = self.Database.connect(**conn_params)
  File "D:\KIOSK\backend\.venv\Lib\site-packages\psycopg2\__init__.py", line 135, in connect
    conn = _connect(dsn, connection_factory=connection_factory, **kwasync)
psycopg2.OperationalError: connection to server at "38.242.216.156", port 5437 failed: No route to host (0x00002751/10065)
	Is the server running on that host and accepting TCP/IP connections?


The above exception was the direct cause of the following exception:

Traceback (most recent call last):
  File "D:\KIOSK\backend\.venv\Lib\site-packages\channels\routing.py", line 48, in __call__
    return await application(scope, receive, send)
           ^^^^^^^^^^^^^^^^^^^^^^^^^^^^^^^^^^^^^^^
  File "D:\KIOSK\backend\.venv\Lib\site-packages\channels\sessions.py", line 44, in __call__
    return await self.inner(dict(scope, cookies=cookies), receive, send)
           ^^^^^^^^^^^^^^^^^^^^^^^^^^^^^^^^^^^^^^^^^^^^^^^^^^^^^^^^^^^^^
  File "D:\KIOSK\backend\.venv\Lib\site-packages\channels\sessions.py", line 261, in __call__
    return await self.inner(wrapper.scope, receive, wrapper.send)
           ^^^^^^^^^^^^^^^^^^^^^^^^^^^^^^^^^^^^^^^^^^^^^^^^^^^^^^
  File "D:\KIOSK\backend\.venv\Lib\site-packages\channels\auth.py", line 183, in __call__
    await self.resolve_scope(scope)
  File "D:\KIOSK\backend\.venv\Lib\site-packages\channels\auth.py", line 176, in resolve_scope
    scope["user"]._wrapped = await get_user(scope)
                             ^^^^^^^^^^^^^^^^^^^^^
  File "D:\KIOSK\backend\.venv\Lib\site-packages\asgiref\sync.py", line 502, in __call__
    ret = await asyncio.shield(exec_coro)
          ^^^^^^^^^^^^^^^^^^^^^^^^^^^^^^^
  File "C:\Program Files\WindowsApps\PythonSoftwareFoundation.Python.3.13_3.13.3568.0_x64__qbz5n2kfra8p0\Lib\concurrent\futures\thread.py", line 59, in run
    result = self.fn(*self.args, **self.kwargs)
  File "D:\KIOSK\backend\.venv\Lib\site-packages\channels\db.py", line 13, in thread_handler
    return super().thread_handler(loop, *args, **kwargs)
           ~~~~~~~~~~~~~~~~~~~~~~^^^^^^^^^^^^^^^^^^^^^^^
  File "D:\KIOSK\backend\.venv\Lib\site-packages\asgiref\sync.py", line 556, in thread_handler
    return func(*args, **kwargs)
  File "D:\KIOSK\backend\.venv\Lib\site-packages\channels\auth.py", line 38, in get_user
    user_id = _get_user_session_key(session)
  File "D:\KIOSK\backend\.venv\Lib\site-packages\channels\auth.py", line 145, in _get_user_session_key
    return get_user_model()._meta.pk.to_python(session[SESSION_KEY])
                                               ~~~~~~~^^^^^^^^^^^^^
  File "D:\KIOSK\backend\.venv\Lib\site-packages\django\utils\functional.py", line 253, in inner
    return func(_wrapped, *args)
  File "D:\KIOSK\backend\.venv\Lib\site-packages\django\contrib\sessions\backends\base.py", line 55, in __getitem__
    return self._session[key]
           ^^^^^^^^^^^^^
  File "D:\KIOSK\backend\.venv\Lib\site-packages\django\contrib\sessions\backends\base.py", line 249, in _get_session
    self._session_cache = self.load()
                          ~~~~~~~~~^^
  File "D:\KIOSK\backend\.venv\Lib\site-packages\django\contrib\sessions\backends\db.py", line 55, in load
    s = self._get_session_from_db()
  File "D:\KIOSK\backend\.venv\Lib\site-packages\django\contrib\sessions\backends\db.py", line 34, in _get_session_from_db
    return self.model.objects.get(
           ~~~~~~~~~~~~~~~~~~~~~~^
        session_key=self.session_key, expire_date__gt=timezone.now()
        ^^^^^^^^^^^^^^^^^^^^^^^^^^^^^^^^^^^^^^^^^^^^^^^^^^^^^^^^^^^^
    )
    ^
  File "D:\KIOSK\backend\.venv\Lib\site-packages\django\db\models\manager.py", line 87, in manager_method
    return getattr(self.get_queryset(), name)(*args, **kwargs)
           ~~~~~~~~~~~~~~~~~~~~~~~~~~~~~~~~~~^^^^^^^^^^^^^^^^^
  File "D:\KIOSK\backend\.venv\Lib\site-packages\django\db\models\query.py", line 629, in get
    num = len(clone)
  File "D:\KIOSK\backend\.venv\Lib\site-packages\django\db\models\query.py", line 366, in __len__
    self._fetch_all()
    ~~~~~~~~~~~~~~~^^
  File "D:\KIOSK\backend\.venv\Lib\site-packages\django\db\models\query.py", line 1949, in _fetch_all
    self._result_cache = list(self._iterable_class(self))
                         ~~~~^^^^^^^^^^^^^^^^^^^^^^^^^^^^
  File "D:\KIOSK\backend\.venv\Lib\site-packages\django\db\models\query.py", line 91, in __iter__
    results = compiler.execute_sql(
        chunked_fetch=self.chunked_fetch, chunk_size=self.chunk_size
    )
  File "D:\KIOSK\backend\.venv\Lib\site-packages\django\db\models\sql\compiler.py", line 1621, in execute_sql
    cursor = self.connection.cursor()
  File "D:\KIOSK\backend\.venv\Lib\site-packages\django\utils\asyncio.py", line 26, in inner
    return func(*args, **kwargs)
  File "D:\KIOSK\backend\.venv\Lib\site-packages\django\db\backends\base\base.py", line 320, in cursor
    return self._cursor()
           ~~~~~~~~~~~~^^
  File "D:\KIOSK\backend\.venv\Lib\site-packages\django\db\backends\base\base.py", line 296, in _cursor
    self.ensure_connection()
    ~~~~~~~~~~~~~~~~~~~~~~^^
  File "D:\KIOSK\backend\.venv\Lib\site-packages\django\utils\asyncio.py", line 26, in inner
    return func(*args, **kwargs)
  File "D:\KIOSK\backend\.venv\Lib\site-packages\django\db\backends\base\base.py", line 278, in ensure_connection
    with self.wrap_database_errors:
         ^^^^^^^^^^^^^^^^^^^^^^^^^
  File "D:\KIOSK\backend\.venv\Lib\site-packages\django\db\utils.py", line 91, in __exit__
    raise dj_exc_value.with_traceback(traceback) from exc_value
  File "D:\KIOSK\backend\.venv\Lib\site-packages\django\db\backends\base\base.py", line 279, in ensure_connection
    self.connect()
    ~~~~~~~~~~~~^^
  File "D:\KIOSK\backend\.venv\Lib\site-packages\django\utils\asyncio.py", line 26, in inner
    return func(*args, **kwargs)
  File "D:\KIOSK\backend\.venv\Lib\site-packages\django\db\backends\base\base.py", line 256, in connect
    self.connection = self.get_new_connection(conn_params)
                      ~~~~~~~~~~~~~~~~~~~~~~~^^^^^^^^^^^^^
  File "D:\KIOSK\backend\.venv\Lib\site-packages\django\utils\asyncio.py", line 26, in inner
    return func(*args, **kwargs)
  File "D:\KIOSK\backend\.venv\Lib\site-packages\django\db\backends\postgresql\base.py", line 332, in get_new_connection
    connection = self.Database.connect(**conn_params)
  File "D:\KIOSK\backend\.venv\Lib\site-packages\psycopg2\__init__.py", line 135, in connect
    conn = _connect(dsn, connection_factory=connection_factory, **kwasync)
django.db.utils.OperationalError: connection to server at "38.242.216.156", port 5437 failed: No route to host (0x00002751/10065)
	Is the server running on that host and accepting TCP/IP connections?

2026-05-26 10:19:25,127 ERROR    Exception inside application: Error 10054 while writing to socket. An existing connection was forcibly closed by the remote host.
Traceback (most recent call last):
  File "D:\KIOSK\backend\.venv\Lib\site-packages\redis\asyncio\connection.py", line 543, in send_packed_command
    await self._writer.drain()
  File "C:\Program Files\WindowsApps\PythonSoftwareFoundation.Python.3.13_3.13.3568.0_x64__qbz5n2kfra8p0\Lib\asyncio\streams.py", line 374, in drain
    raise exc
  File "C:\Program Files\WindowsApps\PythonSoftwareFoundation.Python.3.13_3.13.3568.0_x64__qbz5n2kfra8p0\Lib\asyncio\selector_events.py", line 1009, in _read_ready__data_received
    data = self._sock.recv(self.max_size)
ConnectionResetError: [WinError 10054] An existing connection was forcibly closed by the remote host

The above exception was the direct cause of the following exception:

Traceback (most recent call last):
  File "D:\KIOSK\backend\.venv\Lib\site-packages\channels\routing.py", line 48, in __call__
    return await application(scope, receive, send)
           ^^^^^^^^^^^^^^^^^^^^^^^^^^^^^^^^^^^^^^^
  File "D:\KIOSK\backend\.venv\Lib\site-packages\channels\sessions.py", line 44, in __call__
    return await self.inner(dict(scope, cookies=cookies), receive, send)
           ^^^^^^^^^^^^^^^^^^^^^^^^^^^^^^^^^^^^^^^^^^^^^^^^^^^^^^^^^^^^^
  File "D:\KIOSK\backend\.venv\Lib\site-packages\channels\sessions.py", line 261, in __call__
    return await self.inner(wrapper.scope, receive, wrapper.send)
           ^^^^^^^^^^^^^^^^^^^^^^^^^^^^^^^^^^^^^^^^^^^^^^^^^^^^^^
  File "D:\KIOSK\backend\.venv\Lib\site-packages\channels\auth.py", line 185, in __call__
    return await super().__call__(scope, receive, send)
           ^^^^^^^^^^^^^^^^^^^^^^^^^^^^^^^^^^^^^^^^^^^^
  File "D:\KIOSK\backend\.venv\Lib\site-packages\channels\middleware.py", line 24, in __call__
    return await self.inner(scope, receive, send)
           ^^^^^^^^^^^^^^^^^^^^^^^^^^^^^^^^^^^^^^
  File "D:\KIOSK\backend\.venv\Lib\site-packages\channels\routing.py", line 118, in __call__
    return await application(
           ^^^^^^^^^^^^^^^^^^
    ...<10 lines>...
    )
    ^
  File "D:\KIOSK\backend\.venv\Lib\site-packages\channels\consumer.py", line 95, in app
    return await consumer(scope, receive, send)
           ^^^^^^^^^^^^^^^^^^^^^^^^^^^^^^^^^^^^
  File "D:\KIOSK\backend\.venv\Lib\site-packages\channels\consumer.py", line 58, in __call__
    await await_many_dispatch(
        [receive, self.channel_receive], self.dispatch
    )
  File "D:\KIOSK\backend\.venv\Lib\site-packages\channels\utils.py", line 50, in await_many_dispatch
    await dispatch(result)
  File "D:\KIOSK\backend\.venv\Lib\site-packages\channels\consumer.py", line 74, in dispatch
    await handler(message)
  File "D:\KIOSK\backend\.venv\Lib\site-packages\channels\generic\websocket.py", line 180, in websocket_connect
    await self.connect()
  File "D:\KIOSK\backend\kiosk_backend\Applications\consumers.py", line 144, in connect
    await self.channel_layer.group_add(self.web_group, self.channel_name)
  File "D:\KIOSK\backend\.venv\Lib\site-packages\channels_redis\core.py", line 493, in group_add
    await connection.zadd(group_key, {channel: time.time()})
  File "D:\KIOSK\backend\.venv\Lib\site-packages\redis\asyncio\client.py", line 725, in execute_command
    return await conn.retry.call_with_retry(
           ^^^^^^^^^^^^^^^^^^^^^^^^^^^^^^^^^
    ...<4 lines>...
    )
    ^
  File "D:\KIOSK\backend\.venv\Lib\site-packages\redis\asyncio\retry.py", line 55, in call_with_retry
    raise error
  File "D:\KIOSK\backend\.venv\Lib\site-packages\redis\asyncio\retry.py", line 50, in call_with_retry
    return await do()
           ^^^^^^^^^^
  File "D:\KIOSK\backend\.venv\Lib\site-packages\redis\asyncio\client.py", line 699, in _send_command_parse_response
    await conn.send_command(*args)
  File "D:\KIOSK\backend\.venv\Lib\site-packages\redis\asyncio\connection.py", line 567, in send_command
    await self.send_packed_command(
        self.pack_command(*args), check_health=kwargs.get("check_health", True)
    )
  File "D:\KIOSK\backend\.venv\Lib\site-packages\redis\asyncio\connection.py", line 554, in send_packed_command
    raise ConnectionError(
        f"Error {err_no} while writing to socket. {errmsg}."
    ) from e
redis.exceptions.ConnectionError: Error 10054 while writing to socket. An existing connection was forcibly closed by the remote host.
2026-05-26 20:14:09,676 ERROR    Exception inside application: Error while reading from 178.16.137.196:6379 : (10054, 'An existing connection was forcibly closed by the remote host', None, 10054, None)
Traceback (most recent call last):
  File "D:\KIOSK\backend\.venv\Lib\site-packages\redis\asyncio\connection.py", line 607, in read_response
    response = await self._parser.read_response(
               ^^^^^^^^^^^^^^^^^^^^^^^^^^^^^^^^^
        disable_decoding=disable_decoding
        ^^^^^^^^^^^^^^^^^^^^^^^^^^^^^^^^^
    )
    ^
  File "D:\KIOSK\backend\.venv\Lib\site-packages\redis\_parsers\resp2.py", line 82, in read_response
    response = await self._read_response(disable_decoding=disable_decoding)
               ^^^^^^^^^^^^^^^^^^^^^^^^^^^^^^^^^^^^^^^^^^^^^^^^^^^^^^^^^^^^
  File "D:\KIOSK\backend\.venv\Lib\site-packages\redis\_parsers\resp2.py", line 90, in _read_response
    raw = await self._readline()
          ^^^^^^^^^^^^^^^^^^^^^^
  File "D:\KIOSK\backend\.venv\Lib\site-packages\redis\_parsers\base.py", line 468, in _readline
    data = await self._stream.readline()
           ^^^^^^^^^^^^^^^^^^^^^^^^^^^^^
  File "C:\Program Files\WindowsApps\PythonSoftwareFoundation.Python.3.13_3.13.3568.0_x64__qbz5n2kfra8p0\Lib\asyncio\streams.py", line 562, in readline
    line = await self.readuntil(sep)
           ^^^^^^^^^^^^^^^^^^^^^^^^^
  File "C:\Program Files\WindowsApps\PythonSoftwareFoundation.Python.3.13_3.13.3568.0_x64__qbz5n2kfra8p0\Lib\asyncio\streams.py", line 677, in readuntil
    await self._wait_for_data('readuntil')
  File "C:\Program Files\WindowsApps\PythonSoftwareFoundation.Python.3.13_3.13.3568.0_x64__qbz5n2kfra8p0\Lib\asyncio\streams.py", line 539, in _wait_for_data
    await self._waiter
  File "C:\Program Files\WindowsApps\PythonSoftwareFoundation.Python.3.13_3.13.3568.0_x64__qbz5n2kfra8p0\Lib\asyncio\selector_events.py", line 1009, in _read_ready__data_received
    data = self._sock.recv(self.max_size)
ConnectionResetError: [WinError 10054] An existing connection was forcibly closed by the remote host

During handling of the above exception, another exception occurred:

Traceback (most recent call last):
  File "D:\KIOSK\backend\.venv\Lib\site-packages\channels\routing.py", line 48, in __call__
    return await application(scope, receive, send)
           ^^^^^^^^^^^^^^^^^^^^^^^^^^^^^^^^^^^^^^^
  File "D:\KIOSK\backend\.venv\Lib\site-packages\channels\sessions.py", line 44, in __call__
    return await self.inner(dict(scope, cookies=cookies), receive, send)
           ^^^^^^^^^^^^^^^^^^^^^^^^^^^^^^^^^^^^^^^^^^^^^^^^^^^^^^^^^^^^^
  File "D:\KIOSK\backend\.venv\Lib\site-packages\channels\sessions.py", line 261, in __call__
    return await self.inner(wrapper.scope, receive, wrapper.send)
           ^^^^^^^^^^^^^^^^^^^^^^^^^^^^^^^^^^^^^^^^^^^^^^^^^^^^^^
  File "D:\KIOSK\backend\.venv\Lib\site-packages\channels\auth.py", line 185, in __call__
    return await super().__call__(scope, receive, send)
           ^^^^^^^^^^^^^^^^^^^^^^^^^^^^^^^^^^^^^^^^^^^^
  File "D:\KIOSK\backend\.venv\Lib\site-packages\channels\middleware.py", line 24, in __call__
    return await self.inner(scope, receive, send)
           ^^^^^^^^^^^^^^^^^^^^^^^^^^^^^^^^^^^^^^
  File "D:\KIOSK\backend\.venv\Lib\site-packages\channels\routing.py", line 118, in __call__
    return await application(
           ^^^^^^^^^^^^^^^^^^
    ...<10 lines>...
    )
    ^
  File "D:\KIOSK\backend\.venv\Lib\site-packages\channels\consumer.py", line 95, in app
    return await consumer(scope, receive, send)
           ^^^^^^^^^^^^^^^^^^^^^^^^^^^^^^^^^^^^
  File "D:\KIOSK\backend\.venv\Lib\site-packages\channels\consumer.py", line 58, in __call__
    await await_many_dispatch(
        [receive, self.channel_receive], self.dispatch
    )
  File "D:\KIOSK\backend\.venv\Lib\site-packages\channels\utils.py", line 57, in await_many_dispatch
    await task
redis.exceptions.ConnectionError: Error while reading from 178.16.137.196:6379 : (10054, 'An existing connection was forcibly closed by the remote host', None, 10054, None)
2026-05-27 09:21:39,459 ERROR    Exception inside application: connection to server at "38.242.216.156", port 5437 failed: No route to host (0x00002751/10065)
	Is the server running on that host and accepting TCP/IP connections?
Traceback (most recent call last):
  File "D:\KIOSK\backend\.venv\Lib\site-packages\django\contrib\sessions\backends\base.py", line 244, in _get_session
    return self._session_cache
           ^^^^^^^^^^^^^^^^^^^
AttributeError: 'SessionStore' object has no attribute '_session_cache'

During handling of the above exception, another exception occurred:

Traceback (most recent call last):
  File "D:\KIOSK\backend\.venv\Lib\site-packages\django\db\backends\base\base.py", line 279, in ensure_connection
    self.connect()
    ~~~~~~~~~~~~^^
  File "D:\KIOSK\backend\.venv\Lib\site-packages\django\utils\asyncio.py", line 26, in inner
    return func(*args, **kwargs)
  File "D:\KIOSK\backend\.venv\Lib\site-packages\django\db\backends\base\base.py", line 256, in connect
    self.connection = self.get_new_connection(conn_params)
                      ~~~~~~~~~~~~~~~~~~~~~~~^^^^^^^^^^^^^
  File "D:\KIOSK\backend\.venv\Lib\site-packages\django\utils\asyncio.py", line 26, in inner
    return func(*args, **kwargs)
  File "D:\KIOSK\backend\.venv\Lib\site-packages\django\db\backends\postgresql\base.py", line 332, in get_new_connection
    connection = self.Database.connect(**conn_params)
  File "D:\KIOSK\backend\.venv\Lib\site-packages\psycopg2\__init__.py", line 135, in connect
    conn = _connect(dsn, connection_factory=connection_factory, **kwasync)
psycopg2.OperationalError: connection to server at "38.242.216.156", port 5437 failed: No route to host (0x00002751/10065)
	Is the server running on that host and accepting TCP/IP connections?


The above exception was the direct cause of the following exception:

Traceback (most recent call last):
  File "D:\KIOSK\backend\.venv\Lib\site-packages\channels\routing.py", line 48, in __call__
    return await application(scope, receive, send)
           ^^^^^^^^^^^^^^^^^^^^^^^^^^^^^^^^^^^^^^^
  File "D:\KIOSK\backend\.venv\Lib\site-packages\channels\sessions.py", line 44, in __call__
    return await self.inner(dict(scope, cookies=cookies), receive, send)
           ^^^^^^^^^^^^^^^^^^^^^^^^^^^^^^^^^^^^^^^^^^^^^^^^^^^^^^^^^^^^^
  File "D:\KIOSK\backend\.venv\Lib\site-packages\channels\sessions.py", line 261, in __call__
    return await self.inner(wrapper.scope, receive, wrapper.send)
           ^^^^^^^^^^^^^^^^^^^^^^^^^^^^^^^^^^^^^^^^^^^^^^^^^^^^^^
  File "D:\KIOSK\backend\.venv\Lib\site-packages\channels\auth.py", line 183, in __call__
    await self.resolve_scope(scope)
  File "D:\KIOSK\backend\.venv\Lib\site-packages\channels\auth.py", line 176, in resolve_scope
    scope["user"]._wrapped = await get_user(scope)
                             ^^^^^^^^^^^^^^^^^^^^^
  File "D:\KIOSK\backend\.venv\Lib\site-packages\asgiref\sync.py", line 502, in __call__
    ret = await asyncio.shield(exec_coro)
          ^^^^^^^^^^^^^^^^^^^^^^^^^^^^^^^
  File "C:\Program Files\WindowsApps\PythonSoftwareFoundation.Python.3.13_3.13.3568.0_x64__qbz5n2kfra8p0\Lib\concurrent\futures\thread.py", line 59, in run
    result = self.fn(*self.args, **self.kwargs)
  File "D:\KIOSK\backend\.venv\Lib\site-packages\channels\db.py", line 13, in thread_handler
    return super().thread_handler(loop, *args, **kwargs)
           ~~~~~~~~~~~~~~~~~~~~~~^^^^^^^^^^^^^^^^^^^^^^^
  File "D:\KIOSK\backend\.venv\Lib\site-packages\asgiref\sync.py", line 556, in thread_handler
    return func(*args, **kwargs)
  File "D:\KIOSK\backend\.venv\Lib\site-packages\channels\auth.py", line 38, in get_user
    user_id = _get_user_session_key(session)
  File "D:\KIOSK\backend\.venv\Lib\site-packages\channels\auth.py", line 145, in _get_user_session_key
    return get_user_model()._meta.pk.to_python(session[SESSION_KEY])
                                               ~~~~~~~^^^^^^^^^^^^^
  File "D:\KIOSK\backend\.venv\Lib\site-packages\django\utils\functional.py", line 253, in inner
    return func(_wrapped, *args)
  File "D:\KIOSK\backend\.venv\Lib\site-packages\django\contrib\sessions\backends\base.py", line 55, in __getitem__
    return self._session[key]
           ^^^^^^^^^^^^^
  File "D:\KIOSK\backend\.venv\Lib\site-packages\django\contrib\sessions\backends\base.py", line 249, in _get_session
    self._session_cache = self.load()
                          ~~~~~~~~~^^
  File "D:\KIOSK\backend\.venv\Lib\site-packages\django\contrib\sessions\backends\db.py", line 55, in load
    s = self._get_session_from_db()
  File "D:\KIOSK\backend\.venv\Lib\site-packages\django\contrib\sessions\backends\db.py", line 34, in _get_session_from_db
    return self.model.objects.get(
           ~~~~~~~~~~~~~~~~~~~~~~^
        session_key=self.session_key, expire_date__gt=timezone.now()
        ^^^^^^^^^^^^^^^^^^^^^^^^^^^^^^^^^^^^^^^^^^^^^^^^^^^^^^^^^^^^
    )
    ^
  File "D:\KIOSK\backend\.venv\Lib\site-packages\django\db\models\manager.py", line 87, in manager_method
    return getattr(self.get_queryset(), name)(*args, **kwargs)
           ~~~~~~~~~~~~~~~~~~~~~~~~~~~~~~~~~~^^^^^^^^^^^^^^^^^
  File "D:\KIOSK\backend\.venv\Lib\site-packages\django\db\models\query.py", line 629, in get
    num = len(clone)
  File "D:\KIOSK\backend\.venv\Lib\site-packages\django\db\models\query.py", line 366, in __len__
    self._fetch_all()
    ~~~~~~~~~~~~~~~^^
  File "D:\KIOSK\backend\.venv\Lib\site-packages\django\db\models\query.py", line 1949, in _fetch_all
    self._result_cache = list(self._iterable_class(self))
                         ~~~~^^^^^^^^^^^^^^^^^^^^^^^^^^^^
  File "D:\KIOSK\backend\.venv\Lib\site-packages\django\db\models\query.py", line 91, in __iter__
    results = compiler.execute_sql(
        chunked_fetch=self.chunked_fetch, chunk_size=self.chunk_size
    )
  File "D:\KIOSK\backend\.venv\Lib\site-packages\django\db\models\sql\compiler.py", line 1621, in execute_sql
    cursor = self.connection.cursor()
  File "D:\KIOSK\backend\.venv\Lib\site-packages\django\utils\asyncio.py", line 26, in inner
    return func(*args, **kwargs)
  File "D:\KIOSK\backend\.venv\Lib\site-packages\django\db\backends\base\base.py", line 320, in cursor
    return self._cursor()
           ~~~~~~~~~~~~^^
  File "D:\KIOSK\backend\.venv\Lib\site-packages\django\db\backends\base\base.py", line 296, in _cursor
    self.ensure_connection()
    ~~~~~~~~~~~~~~~~~~~~~~^^
  File "D:\KIOSK\backend\.venv\Lib\site-packages\django\utils\asyncio.py", line 26, in inner
    return func(*args, **kwargs)
  File "D:\KIOSK\backend\.venv\Lib\site-packages\django\db\backends\base\base.py", line 278, in ensure_connection
    with self.wrap_database_errors:
         ^^^^^^^^^^^^^^^^^^^^^^^^^
  File "D:\KIOSK\backend\.venv\Lib\site-packages\django\db\utils.py", line 91, in __exit__
    raise dj_exc_value.with_traceback(traceback) from exc_value
  File "D:\KIOSK\backend\.venv\Lib\site-packages\django\db\backends\base\base.py", line 279, in ensure_connection
    self.connect()
    ~~~~~~~~~~~~^^
  File "D:\KIOSK\backend\.venv\Lib\site-packages\django\utils\asyncio.py", line 26, in inner
    return func(*args, **kwargs)
  File "D:\KIOSK\backend\.venv\Lib\site-packages\django\db\backends\base\base.py", line 256, in connect
    self.connection = self.get_new_connection(conn_params)
                      ~~~~~~~~~~~~~~~~~~~~~~~^^^^^^^^^^^^^
  File "D:\KIOSK\backend\.venv\Lib\site-packages\django\utils\asyncio.py", line 26, in inner
    return func(*args, **kwargs)
  File "D:\KIOSK\backend\.venv\Lib\site-packages\django\db\backends\postgresql\base.py", line 332, in get_new_connection
    connection = self.Database.connect(**conn_params)
  File "D:\KIOSK\backend\.venv\Lib\site-packages\psycopg2\__init__.py", line 135, in connect
    conn = _connect(dsn, connection_factory=connection_factory, **kwasync)
django.db.utils.OperationalError: connection to server at "38.242.216.156", port 5437 failed: No route to host (0x00002751/10065)
	Is the server running on that host and accepting TCP/IP connections?

Internal Server Error: /applications/devices/3/
Traceback (most recent call last):
  File "D:\KIOSK\backend\.venv\Lib\site-packages\django\db\backends\base\base.py", line 279, in ensure_connection
    self.connect()
    ~~~~~~~~~~~~^^
  File "D:\KIOSK\backend\.venv\Lib\site-packages\django\utils\asyncio.py", line 26, in inner
    return func(*args, **kwargs)
  File "D:\KIOSK\backend\.venv\Lib\site-packages\django\db\backends\base\base.py", line 256, in connect
    self.connection = self.get_new_connection(conn_params)
                      ~~~~~~~~~~~~~~~~~~~~~~~^^^^^^^^^^^^^
  File "D:\KIOSK\backend\.venv\Lib\site-packages\django\utils\asyncio.py", line 26, in inner
    return func(*args, **kwargs)
  File "D:\KIOSK\backend\.venv\Lib\site-packages\django\db\backends\postgresql\base.py", line 332, in get_new_connection
    connection = self.Database.connect(**conn_params)
  File "D:\KIOSK\backend\.venv\Lib\site-packages\psycopg2\__init__.py", line 135, in connect
    conn = _connect(dsn, connection_factory=connection_factory, **kwasync)
psycopg2.OperationalError: connection to server at "38.242.216.156", port 5437 failed: No route to host (0x00002751/10065)
	Is the server running on that host and accepting TCP/IP connections?


The above exception was the direct cause of the following exception:

Traceback (most recent call last):
  File "D:\KIOSK\backend\.venv\Lib\site-packages\asgiref\sync.py", line 552, in thread_handler
    raise exc_info[1]
  File "D:\KIOSK\backend\.venv\Lib\site-packages\django\core\handlers\exception.py", line 42, in inner
    response = await get_response(request)
               ^^^^^^^^^^^^^^^^^^^^^^^^^^^
  File "D:\KIOSK\backend\.venv\Lib\site-packages\asgiref\sync.py", line 552, in thread_handler
    raise exc_info[1]
  File "D:\KIOSK\backend\.venv\Lib\site-packages\django\core\handlers\base.py", line 253, in _get_response_async
    response = await wrapped_callback(
               ^^^^^^^^^^^^^^^^^^^^^^^
        request, *callback_args, **callback_kwargs
        ^^^^^^^^^^^^^^^^^^^^^^^^^^^^^^^^^^^^^^^^^^
    )
    ^
  File "D:\KIOSK\backend\.venv\Lib\site-packages\asgiref\sync.py", line 502, in __call__
    ret = await asyncio.shield(exec_coro)
          ^^^^^^^^^^^^^^^^^^^^^^^^^^^^^^^
  File "D:\KIOSK\backend\.venv\Lib\site-packages\asgiref\current_thread_executor.py", line 40, in run
    result = self.fn(*self.args, **self.kwargs)
  File "D:\KIOSK\backend\.venv\Lib\site-packages\asgiref\sync.py", line 556, in thread_handler
    return func(*args, **kwargs)
  File "D:\KIOSK\backend\.venv\Lib\site-packages\django\views\decorators\csrf.py", line 65, in _view_wrapper
    return view_func(request, *args, **kwargs)
  File "D:\KIOSK\backend\.venv\Lib\site-packages\rest_framework\viewsets.py", line 125, in view
    return self.dispatch(request, *args, **kwargs)
           ~~~~~~~~~~~~~^^^^^^^^^^^^^^^^^^^^^^^^^^
  File "D:\KIOSK\backend\.venv\Lib\site-packages\rest_framework\views.py", line 515, in dispatch
    response = self.handle_exception(exc)
  File "D:\KIOSK\backend\.venv\Lib\site-packages\rest_framework\views.py", line 475, in handle_exception
    self.raise_uncaught_exception(exc)
    ~~~~~~~~~~~~~~~~~~~~~~~~~~~~~^^^^^
  File "D:\KIOSK\backend\.venv\Lib\site-packages\rest_framework\views.py", line 486, in raise_uncaught_exception
    raise exc
  File "D:\KIOSK\backend\.venv\Lib\site-packages\rest_framework\views.py", line 503, in dispatch
    self.initial(request, *args, **kwargs)
    ~~~~~~~~~~~~^^^^^^^^^^^^^^^^^^^^^^^^^^
  File "D:\KIOSK\backend\.venv\Lib\site-packages\rest_framework\views.py", line 420, in initial
    self.perform_authentication(request)
    ~~~~~~~~~~~~~~~~~~~~~~~~~~~^^^^^^^^^
  File "D:\KIOSK\backend\.venv\Lib\site-packages\rest_framework\views.py", line 330, in perform_authentication
    request.user
  File "D:\KIOSK\backend\.venv\Lib\site-packages\rest_framework\request.py", line 232, in user
    self._authenticate()
    ~~~~~~~~~~~~~~~~~~^^
  File "D:\KIOSK\backend\.venv\Lib\site-packages\rest_framework\request.py", line 385, in _authenticate
    user_auth_tuple = authenticator.authenticate(self)
  File "D:\KIOSK\backend\.venv\Lib\site-packages\rest_framework_simplejwt\authentication.py", line 51, in authenticate
    return self.get_user(validated_token), validated_token
           ~~~~~~~~~~~~~^^^^^^^^^^^^^^^^^
  File "D:\KIOSK\backend\.venv\Lib\site-packages\rest_framework_simplejwt\authentication.py", line 132, in get_user
    user = self.user_model.objects.get(**{api_settings.USER_ID_FIELD: user_id})
  File "D:\KIOSK\backend\.venv\Lib\site-packages\django\db\models\manager.py", line 87, in manager_method
    return getattr(self.get_queryset(), name)(*args, **kwargs)
           ~~~~~~~~~~~~~~~~~~~~~~~~~~~~~~~~~~^^^^^^^^^^^^^^^^^
  File "D:\KIOSK\backend\.venv\Lib\site-packages\django\db\models\query.py", line 629, in get
    num = len(clone)
  File "D:\KIOSK\backend\.venv\Lib\site-packages\django\db\models\query.py", line 366, in __len__
    self._fetch_all()
    ~~~~~~~~~~~~~~~^^
  File "D:\KIOSK\backend\.venv\Lib\site-packages\django\db\models\query.py", line 1949, in _fetch_all
    self._result_cache = list(self._iterable_class(self))
                         ~~~~^^^^^^^^^^^^^^^^^^^^^^^^^^^^
  File "D:\KIOSK\backend\.venv\Lib\site-packages\django\db\models\query.py", line 91, in __iter__
    results = compiler.execute_sql(
        chunked_fetch=self.chunked_fetch, chunk_size=self.chunk_size
    )
  File "D:\KIOSK\backend\.venv\Lib\site-packages\django\db\models\sql\compiler.py", line 1621, in execute_sql
    cursor = self.connection.cursor()
  File "D:\KIOSK\backend\.venv\Lib\site-packages\django\utils\asyncio.py", line 26, in inner
    return func(*args, **kwargs)
  File "D:\KIOSK\backend\.venv\Lib\site-packages\django\db\backends\base\base.py", line 320, in cursor
    return self._cursor()
           ~~~~~~~~~~~~^^
  File "D:\KIOSK\backend\.venv\Lib\site-packages\django\db\backends\base\base.py", line 296, in _cursor
    self.ensure_connection()
    ~~~~~~~~~~~~~~~~~~~~~~^^
  File "D:\KIOSK\backend\.venv\Lib\site-packages\django\utils\asyncio.py", line 26, in inner
    return func(*args, **kwargs)
  File "D:\KIOSK\backend\.venv\Lib\site-packages\django\db\backends\base\base.py", line 278, in ensure_connection
    with self.wrap_database_errors:
         ^^^^^^^^^^^^^^^^^^^^^^^^^
  File "D:\KIOSK\backend\.venv\Lib\site-packages\django\db\utils.py", line 91, in __exit__
    raise dj_exc_value.with_traceback(traceback) from exc_value
  File "D:\KIOSK\backend\.venv\Lib\site-packages\django\db\backends\base\base.py", line 279, in ensure_connection
    self.connect()
    ~~~~~~~~~~~~^^
  File "D:\KIOSK\backend\.venv\Lib\site-packages\django\utils\asyncio.py", line 26, in inner
    return func(*args, **kwargs)
  File "D:\KIOSK\backend\.venv\Lib\site-packages\django\db\backends\base\base.py", line 256, in connect
    self.connection = self.get_new_connection(conn_params)
                      ~~~~~~~~~~~~~~~~~~~~~~~^^^^^^^^^^^^^
  File "D:\KIOSK\backend\.venv\Lib\site-packages\django\utils\asyncio.py", line 26, in inner
    return func(*args, **kwargs)
  File "D:\KIOSK\backend\.venv\Lib\site-packages\django\db\backends\postgresql\base.py", line 332, in get_new_connection
    connection = self.Database.connect(**conn_params)
  File "D:\KIOSK\backend\.venv\Lib\site-packages\psycopg2\__init__.py", line 135, in connect
    conn = _connect(dsn, connection_factory=connection_factory, **kwasync)
django.db.utils.OperationalError: connection to server at "38.242.216.156", port 5437 failed: No route to host (0x00002751/10065)
	Is the server running on that host and accepting TCP/IP connections?

2026-05-27 09:21:39,622 ERROR    Internal Server Error: /applications/devices/3/
Traceback (most recent call last):
  File "D:\KIOSK\backend\.venv\Lib\site-packages\django\db\backends\base\base.py", line 279, in ensure_connection
    self.connect()
    ~~~~~~~~~~~~^^
  File "D:\KIOSK\backend\.venv\Lib\site-packages\django\utils\asyncio.py", line 26, in inner
    return func(*args, **kwargs)
  File "D:\KIOSK\backend\.venv\Lib\site-packages\django\db\backends\base\base.py", line 256, in connect
    self.connection = self.get_new_connection(conn_params)
                      ~~~~~~~~~~~~~~~~~~~~~~~^^^^^^^^^^^^^
  File "D:\KIOSK\backend\.venv\Lib\site-packages\django\utils\asyncio.py", line 26, in inner
    return func(*args, **kwargs)
  File "D:\KIOSK\backend\.venv\Lib\site-packages\django\db\backends\postgresql\base.py", line 332, in get_new_connection
    connection = self.Database.connect(**conn_params)
  File "D:\KIOSK\backend\.venv\Lib\site-packages\psycopg2\__init__.py", line 135, in connect
    conn = _connect(dsn, connection_factory=connection_factory, **kwasync)
psycopg2.OperationalError: connection to server at "38.242.216.156", port 5437 failed: No route to host (0x00002751/10065)
	Is the server running on that host and accepting TCP/IP connections?


The above exception was the direct cause of the following exception:

Traceback (most recent call last):
  File "D:\KIOSK\backend\.venv\Lib\site-packages\asgiref\sync.py", line 552, in thread_handler
    raise exc_info[1]
  File "D:\KIOSK\backend\.venv\Lib\site-packages\django\core\handlers\exception.py", line 42, in inner
    response = await get_response(request)
               ^^^^^^^^^^^^^^^^^^^^^^^^^^^
  File "D:\KIOSK\backend\.venv\Lib\site-packages\asgiref\sync.py", line 552, in thread_handler
    raise exc_info[1]
  File "D:\KIOSK\backend\.venv\Lib\site-packages\django\core\handlers\base.py", line 253, in _get_response_async
    response = await wrapped_callback(
               ^^^^^^^^^^^^^^^^^^^^^^^
        request, *callback_args, **callback_kwargs
        ^^^^^^^^^^^^^^^^^^^^^^^^^^^^^^^^^^^^^^^^^^
    )
    ^
  File "D:\KIOSK\backend\.venv\Lib\site-packages\asgiref\sync.py", line 502, in __call__
    ret = await asyncio.shield(exec_coro)
          ^^^^^^^^^^^^^^^^^^^^^^^^^^^^^^^
  File "D:\KIOSK\backend\.venv\Lib\site-packages\asgiref\current_thread_executor.py", line 40, in run
    result = self.fn(*self.args, **self.kwargs)
  File "D:\KIOSK\backend\.venv\Lib\site-packages\asgiref\sync.py", line 556, in thread_handler
    return func(*args, **kwargs)
  File "D:\KIOSK\backend\.venv\Lib\site-packages\django\views\decorators\csrf.py", line 65, in _view_wrapper
    return view_func(request, *args, **kwargs)
  File "D:\KIOSK\backend\.venv\Lib\site-packages\rest_framework\viewsets.py", line 125, in view
    return self.dispatch(request, *args, **kwargs)
           ~~~~~~~~~~~~~^^^^^^^^^^^^^^^^^^^^^^^^^^
  File "D:\KIOSK\backend\.venv\Lib\site-packages\rest_framework\views.py", line 515, in dispatch
    response = self.handle_exception(exc)
  File "D:\KIOSK\backend\.venv\Lib\site-packages\rest_framework\views.py", line 475, in handle_exception
    self.raise_uncaught_exception(exc)
    ~~~~~~~~~~~~~~~~~~~~~~~~~~~~~^^^^^
  File "D:\KIOSK\backend\.venv\Lib\site-packages\rest_framework\views.py", line 486, in raise_uncaught_exception
    raise exc
  File "D:\KIOSK\backend\.venv\Lib\site-packages\rest_framework\views.py", line 503, in dispatch
    self.initial(request, *args, **kwargs)
    ~~~~~~~~~~~~^^^^^^^^^^^^^^^^^^^^^^^^^^
  File "D:\KIOSK\backend\.venv\Lib\site-packages\rest_framework\views.py", line 420, in initial
    self.perform_authentication(request)
    ~~~~~~~~~~~~~~~~~~~~~~~~~~~^^^^^^^^^
  File "D:\KIOSK\backend\.venv\Lib\site-packages\rest_framework\views.py", line 330, in perform_authentication
    request.user
  File "D:\KIOSK\backend\.venv\Lib\site-packages\rest_framework\request.py", line 232, in user
    self._authenticate()
    ~~~~~~~~~~~~~~~~~~^^
  File "D:\KIOSK\backend\.venv\Lib\site-packages\rest_framework\request.py", line 385, in _authenticate
    user_auth_tuple = authenticator.authenticate(self)
  File "D:\KIOSK\backend\.venv\Lib\site-packages\rest_framework_simplejwt\authentication.py", line 51, in authenticate
    return self.get_user(validated_token), validated_token
           ~~~~~~~~~~~~~^^^^^^^^^^^^^^^^^
  File "D:\KIOSK\backend\.venv\Lib\site-packages\rest_framework_simplejwt\authentication.py", line 132, in get_user
    user = self.user_model.objects.get(**{api_settings.USER_ID_FIELD: user_id})
  File "D:\KIOSK\backend\.venv\Lib\site-packages\django\db\models\manager.py", line 87, in manager_method
    return getattr(self.get_queryset(), name)(*args, **kwargs)
           ~~~~~~~~~~~~~~~~~~~~~~~~~~~~~~~~~~^^^^^^^^^^^^^^^^^
  File "D:\KIOSK\backend\.venv\Lib\site-packages\django\db\models\query.py", line 629, in get
    num = len(clone)
  File "D:\KIOSK\backend\.venv\Lib\site-packages\django\db\models\query.py", line 366, in __len__
    self._fetch_all()
    ~~~~~~~~~~~~~~~^^
  File "D:\KIOSK\backend\.venv\Lib\site-packages\django\db\models\query.py", line 1949, in _fetch_all
    self._result_cache = list(self._iterable_class(self))
                         ~~~~^^^^^^^^^^^^^^^^^^^^^^^^^^^^
  File "D:\KIOSK\backend\.venv\Lib\site-packages\django\db\models\query.py", line 91, in __iter__
    results = compiler.execute_sql(
        chunked_fetch=self.chunked_fetch, chunk_size=self.chunk_size
    )
  File "D:\KIOSK\backend\.venv\Lib\site-packages\django\db\models\sql\compiler.py", line 1621, in execute_sql
    cursor = self.connection.cursor()
  File "D:\KIOSK\backend\.venv\Lib\site-packages\django\utils\asyncio.py", line 26, in inner
    return func(*args, **kwargs)
  File "D:\KIOSK\backend\.venv\Lib\site-packages\django\db\backends\base\base.py", line 320, in cursor
    return self._cursor()
           ~~~~~~~~~~~~^^
  File "D:\KIOSK\backend\.venv\Lib\site-packages\django\db\backends\base\base.py", line 296, in _cursor
    self.ensure_connection()
    ~~~~~~~~~~~~~~~~~~~~~~^^
  File "D:\KIOSK\backend\.venv\Lib\site-packages\django\utils\asyncio.py", line 26, in inner
    return func(*args, **kwargs)
  File "D:\KIOSK\backend\.venv\Lib\site-packages\django\db\backends\base\base.py", line 278, in ensure_connection
    with self.wrap_database_errors:
         ^^^^^^^^^^^^^^^^^^^^^^^^^
  File "D:\KIOSK\backend\.venv\Lib\site-packages\django\db\utils.py", line 91, in __exit__
    raise dj_exc_value.with_traceback(traceback) from exc_value
  File "D:\KIOSK\backend\.venv\Lib\site-packages\django\db\backends\base\base.py", line 279, in ensure_connection
    self.connect()
    ~~~~~~~~~~~~^^
  File "D:\KIOSK\backend\.venv\Lib\site-packages\django\utils\asyncio.py", line 26, in inner
    return func(*args, **kwargs)
  File "D:\KIOSK\backend\.venv\Lib\site-packages\django\db\backends\base\base.py", line 256, in connect
    self.connection = self.get_new_connection(conn_params)
                      ~~~~~~~~~~~~~~~~~~~~~~~^^^^^^^^^^^^^
  File "D:\KIOSK\backend\.venv\Lib\site-packages\django\utils\asyncio.py", line 26, in inner
    return func(*args, **kwargs)
  File "D:\KIOSK\backend\.venv\Lib\site-packages\django\db\backends\postgresql\base.py", line 332, in get_new_connection
    connection = self.Database.connect(**conn_params)
  File "D:\KIOSK\backend\.venv\Lib\site-packages\psycopg2\__init__.py", line 135, in connect
    conn = _connect(dsn, connection_factory=connection_factory, **kwasync)
django.db.utils.OperationalError: connection to server at "38.242.216.156", port 5437 failed: No route to host (0x00002751/10065)
	Is the server running on that host and accepting TCP/IP connections?

2026-05-27 09:21:40,472 ERROR    Exception inside application: connection to server at "38.242.216.156", port 5437 failed: No route to host (0x00002751/10065)
	Is the server running on that host and accepting TCP/IP connections?
Traceback (most recent call last):
  File "D:\KIOSK\backend\.venv\Lib\site-packages\django\contrib\sessions\backends\base.py", line 244, in _get_session
    return self._session_cache
           ^^^^^^^^^^^^^^^^^^^
AttributeError: 'SessionStore' object has no attribute '_session_cache'

During handling of the above exception, another exception occurred:

Traceback (most recent call last):
  File "D:\KIOSK\backend\.venv\Lib\site-packages\django\db\backends\base\base.py", line 279, in ensure_connection
    self.connect()
    ~~~~~~~~~~~~^^
  File "D:\KIOSK\backend\.venv\Lib\site-packages\django\utils\asyncio.py", line 26, in inner
    return func(*args, **kwargs)
  File "D:\KIOSK\backend\.venv\Lib\site-packages\django\db\backends\base\base.py", line 256, in connect
    self.connection = self.get_new_connection(conn_params)
                      ~~~~~~~~~~~~~~~~~~~~~~~^^^^^^^^^^^^^
  File "D:\KIOSK\backend\.venv\Lib\site-packages\django\utils\asyncio.py", line 26, in inner
    return func(*args, **kwargs)
  File "D:\KIOSK\backend\.venv\Lib\site-packages\django\db\backends\postgresql\base.py", line 332, in get_new_connection
    connection = self.Database.connect(**conn_params)
  File "D:\KIOSK\backend\.venv\Lib\site-packages\psycopg2\__init__.py", line 135, in connect
    conn = _connect(dsn, connection_factory=connection_factory, **kwasync)
psycopg2.OperationalError: connection to server at "38.242.216.156", port 5437 failed: No route to host (0x00002751/10065)
	Is the server running on that host and accepting TCP/IP connections?


The above exception was the direct cause of the following exception:

Traceback (most recent call last):
  File "D:\KIOSK\backend\.venv\Lib\site-packages\channels\routing.py", line 48, in __call__
    return await application(scope, receive, send)
           ^^^^^^^^^^^^^^^^^^^^^^^^^^^^^^^^^^^^^^^
  File "D:\KIOSK\backend\.venv\Lib\site-packages\channels\sessions.py", line 44, in __call__
    return await self.inner(dict(scope, cookies=cookies), receive, send)
           ^^^^^^^^^^^^^^^^^^^^^^^^^^^^^^^^^^^^^^^^^^^^^^^^^^^^^^^^^^^^^
  File "D:\KIOSK\backend\.venv\Lib\site-packages\channels\sessions.py", line 261, in __call__
    return await self.inner(wrapper.scope, receive, wrapper.send)
           ^^^^^^^^^^^^^^^^^^^^^^^^^^^^^^^^^^^^^^^^^^^^^^^^^^^^^^
  File "D:\KIOSK\backend\.venv\Lib\site-packages\channels\auth.py", line 183, in __call__
    await self.resolve_scope(scope)
  File "D:\KIOSK\backend\.venv\Lib\site-packages\channels\auth.py", line 176, in resolve_scope
    scope["user"]._wrapped = await get_user(scope)
                             ^^^^^^^^^^^^^^^^^^^^^
  File "D:\KIOSK\backend\.venv\Lib\site-packages\asgiref\sync.py", line 502, in __call__
    ret = await asyncio.shield(exec_coro)
          ^^^^^^^^^^^^^^^^^^^^^^^^^^^^^^^
  File "C:\Program Files\WindowsApps\PythonSoftwareFoundation.Python.3.13_3.13.3568.0_x64__qbz5n2kfra8p0\Lib\concurrent\futures\thread.py", line 59, in run
    result = self.fn(*self.args, **self.kwargs)
  File "D:\KIOSK\backend\.venv\Lib\site-packages\channels\db.py", line 13, in thread_handler
    return super().thread_handler(loop, *args, **kwargs)
           ~~~~~~~~~~~~~~~~~~~~~~^^^^^^^^^^^^^^^^^^^^^^^
  File "D:\KIOSK\backend\.venv\Lib\site-packages\asgiref\sync.py", line 556, in thread_handler
    return func(*args, **kwargs)
  File "D:\KIOSK\backend\.venv\Lib\site-packages\channels\auth.py", line 38, in get_user
    user_id = _get_user_session_key(session)
  File "D:\KIOSK\backend\.venv\Lib\site-packages\channels\auth.py", line 145, in _get_user_session_key
    return get_user_model()._meta.pk.to_python(session[SESSION_KEY])
                                               ~~~~~~~^^^^^^^^^^^^^
  File "D:\KIOSK\backend\.venv\Lib\site-packages\django\utils\functional.py", line 253, in inner
    return func(_wrapped, *args)
  File "D:\KIOSK\backend\.venv\Lib\site-packages\django\contrib\sessions\backends\base.py", line 55, in __getitem__
    return self._session[key]
           ^^^^^^^^^^^^^
  File "D:\KIOSK\backend\.venv\Lib\site-packages\django\contrib\sessions\backends\base.py", line 249, in _get_session
    self._session_cache = self.load()
                          ~~~~~~~~~^^
  File "D:\KIOSK\backend\.venv\Lib\site-packages\django\contrib\sessions\backends\db.py", line 55, in load
    s = self._get_session_from_db()
  File "D:\KIOSK\backend\.venv\Lib\site-packages\django\contrib\sessions\backends\db.py", line 34, in _get_session_from_db
    return self.model.objects.get(
           ~~~~~~~~~~~~~~~~~~~~~~^
        session_key=self.session_key, expire_date__gt=timezone.now()
        ^^^^^^^^^^^^^^^^^^^^^^^^^^^^^^^^^^^^^^^^^^^^^^^^^^^^^^^^^^^^
    )
    ^
  File "D:\KIOSK\backend\.venv\Lib\site-packages\django\db\models\manager.py", line 87, in manager_method
    return getattr(self.get_queryset(), name)(*args, **kwargs)
           ~~~~~~~~~~~~~~~~~~~~~~~~~~~~~~~~~~^^^^^^^^^^^^^^^^^
  File "D:\KIOSK\backend\.venv\Lib\site-packages\django\db\models\query.py", line 629, in get
    num = len(clone)
  File "D:\KIOSK\backend\.venv\Lib\site-packages\django\db\models\query.py", line 366, in __len__
    self._fetch_all()
    ~~~~~~~~~~~~~~~^^
  File "D:\KIOSK\backend\.venv\Lib\site-packages\django\db\models\query.py", line 1949, in _fetch_all
    self._result_cache = list(self._iterable_class(self))
                         ~~~~^^^^^^^^^^^^^^^^^^^^^^^^^^^^
  File "D:\KIOSK\backend\.venv\Lib\site-packages\django\db\models\query.py", line 91, in __iter__
    results = compiler.execute_sql(
        chunked_fetch=self.chunked_fetch, chunk_size=self.chunk_size
    )
  File "D:\KIOSK\backend\.venv\Lib\site-packages\django\db\models\sql\compiler.py", line 1621, in execute_sql
    cursor = self.connection.cursor()
  File "D:\KIOSK\backend\.venv\Lib\site-packages\django\utils\asyncio.py", line 26, in inner
    return func(*args, **kwargs)
  File "D:\KIOSK\backend\.venv\Lib\site-packages\django\db\backends\base\base.py", line 320, in cursor
    return self._cursor()
           ~~~~~~~~~~~~^^
  File "D:\KIOSK\backend\.venv\Lib\site-packages\django\db\backends\base\base.py", line 296, in _cursor
    self.ensure_connection()
    ~~~~~~~~~~~~~~~~~~~~~~^^
  File "D:\KIOSK\backend\.venv\Lib\site-packages\django\utils\asyncio.py", line 26, in inner
    return func(*args, **kwargs)
  File "D:\KIOSK\backend\.venv\Lib\site-packages\django\db\backends\base\base.py", line 278, in ensure_connection
    with self.wrap_database_errors:
         ^^^^^^^^^^^^^^^^^^^^^^^^^
  File "D:\KIOSK\backend\.venv\Lib\site-packages\django\db\utils.py", line 91, in __exit__
    raise dj_exc_value.with_traceback(traceback) from exc_value
  File "D:\KIOSK\backend\.venv\Lib\site-packages\django\db\backends\base\base.py", line 279, in ensure_connection
    self.connect()
    ~~~~~~~~~~~~^^
  File "D:\KIOSK\backend\.venv\Lib\site-packages\django\utils\asyncio.py", line 26, in inner
    return func(*args, **kwargs)
  File "D:\KIOSK\backend\.venv\Lib\site-packages\django\db\backends\base\base.py", line 256, in connect
    self.connection = self.get_new_connection(conn_params)
                      ~~~~~~~~~~~~~~~~~~~~~~~^^^^^^^^^^^^^
  File "D:\KIOSK\backend\.venv\Lib\site-packages\django\utils\asyncio.py", line 26, in inner
    return func(*args, **kwargs)
  File "D:\KIOSK\backend\.venv\Lib\site-packages\django\db\backends\postgresql\base.py", line 332, in get_new_connection
    connection = self.Database.connect(**conn_params)
  File "D:\KIOSK\backend\.venv\Lib\site-packages\psycopg2\__init__.py", line 135, in connect
    conn = _connect(dsn, connection_factory=connection_factory, **kwasync)
django.db.utils.OperationalError: connection to server at "38.242.216.156", port 5437 failed: No route to host (0x00002751/10065)
	Is the server running on that host and accepting TCP/IP connections?

2026-05-27 09:21:42,500 ERROR    Exception inside application: connection to server at "38.242.216.156", port 5437 failed: No route to host (0x00002751/10065)
	Is the server running on that host and accepting TCP/IP connections?
Traceback (most recent call last):
  File "D:\KIOSK\backend\.venv\Lib\site-packages\django\contrib\sessions\backends\base.py", line 244, in _get_session
    return self._session_cache
           ^^^^^^^^^^^^^^^^^^^
AttributeError: 'SessionStore' object has no attribute '_session_cache'

During handling of the above exception, another exception occurred:

Traceback (most recent call last):
  File "D:\KIOSK\backend\.venv\Lib\site-packages\django\db\backends\base\base.py", line 279, in ensure_connection
    self.connect()
    ~~~~~~~~~~~~^^
  File "D:\KIOSK\backend\.venv\Lib\site-packages\django\utils\asyncio.py", line 26, in inner
    return func(*args, **kwargs)
  File "D:\KIOSK\backend\.venv\Lib\site-packages\django\db\backends\base\base.py", line 256, in connect
    self.connection = self.get_new_connection(conn_params)
                      ~~~~~~~~~~~~~~~~~~~~~~~^^^^^^^^^^^^^
  File "D:\KIOSK\backend\.venv\Lib\site-packages\django\utils\asyncio.py", line 26, in inner
    return func(*args, **kwargs)
  File "D:\KIOSK\backend\.venv\Lib\site-packages\django\db\backends\postgresql\base.py", line 332, in get_new_connection
    connection = self.Database.connect(**conn_params)
  File "D:\KIOSK\backend\.venv\Lib\site-packages\psycopg2\__init__.py", line 135, in connect
    conn = _connect(dsn, connection_factory=connection_factory, **kwasync)
psycopg2.OperationalError: connection to server at "38.242.216.156", port 5437 failed: No route to host (0x00002751/10065)
	Is the server running on that host and accepting TCP/IP connections?


The above exception was the direct cause of the following exception:

Traceback (most recent call last):
  File "D:\KIOSK\backend\.venv\Lib\site-packages\channels\routing.py", line 48, in __call__
    return await application(scope, receive, send)
           ^^^^^^^^^^^^^^^^^^^^^^^^^^^^^^^^^^^^^^^
  File "D:\KIOSK\backend\.venv\Lib\site-packages\channels\sessions.py", line 44, in __call__
    return await self.inner(dict(scope, cookies=cookies), receive, send)
           ^^^^^^^^^^^^^^^^^^^^^^^^^^^^^^^^^^^^^^^^^^^^^^^^^^^^^^^^^^^^^
  File "D:\KIOSK\backend\.venv\Lib\site-packages\channels\sessions.py", line 261, in __call__
    return await self.inner(wrapper.scope, receive, wrapper.send)
           ^^^^^^^^^^^^^^^^^^^^^^^^^^^^^^^^^^^^^^^^^^^^^^^^^^^^^^
  File "D:\KIOSK\backend\.venv\Lib\site-packages\channels\auth.py", line 183, in __call__
    await self.resolve_scope(scope)
  File "D:\KIOSK\backend\.venv\Lib\site-packages\channels\auth.py", line 176, in resolve_scope
    scope["user"]._wrapped = await get_user(scope)
                             ^^^^^^^^^^^^^^^^^^^^^
  File "D:\KIOSK\backend\.venv\Lib\site-packages\asgiref\sync.py", line 502, in __call__
    ret = await asyncio.shield(exec_coro)
          ^^^^^^^^^^^^^^^^^^^^^^^^^^^^^^^
  File "C:\Program Files\WindowsApps\PythonSoftwareFoundation.Python.3.13_3.13.3568.0_x64__qbz5n2kfra8p0\Lib\concurrent\futures\thread.py", line 59, in run
    result = self.fn(*self.args, **self.kwargs)
  File "D:\KIOSK\backend\.venv\Lib\site-packages\channels\db.py", line 13, in thread_handler
    return super().thread_handler(loop, *args, **kwargs)
           ~~~~~~~~~~~~~~~~~~~~~~^^^^^^^^^^^^^^^^^^^^^^^
  File "D:\KIOSK\backend\.venv\Lib\site-packages\asgiref\sync.py", line 556, in thread_handler
    return func(*args, **kwargs)
  File "D:\KIOSK\backend\.venv\Lib\site-packages\channels\auth.py", line 38, in get_user
    user_id = _get_user_session_key(session)
  File "D:\KIOSK\backend\.venv\Lib\site-packages\channels\auth.py", line 145, in _get_user_session_key
    return get_user_model()._meta.pk.to_python(session[SESSION_KEY])
                                               ~~~~~~~^^^^^^^^^^^^^
  File "D:\KIOSK\backend\.venv\Lib\site-packages\django\utils\functional.py", line 253, in inner
    return func(_wrapped, *args)
  File "D:\KIOSK\backend\.venv\Lib\site-packages\django\contrib\sessions\backends\base.py", line 55, in __getitem__
    return self._session[key]
           ^^^^^^^^^^^^^
  File "D:\KIOSK\backend\.venv\Lib\site-packages\django\contrib\sessions\backends\base.py", line 249, in _get_session
    self._session_cache = self.load()
                          ~~~~~~~~~^^
  File "D:\KIOSK\backend\.venv\Lib\site-packages\django\contrib\sessions\backends\db.py", line 55, in load
    s = self._get_session_from_db()
  File "D:\KIOSK\backend\.venv\Lib\site-packages\django\contrib\sessions\backends\db.py", line 34, in _get_session_from_db
    return self.model.objects.get(
           ~~~~~~~~~~~~~~~~~~~~~~^
        session_key=self.session_key, expire_date__gt=timezone.now()
        ^^^^^^^^^^^^^^^^^^^^^^^^^^^^^^^^^^^^^^^^^^^^^^^^^^^^^^^^^^^^
    )
    ^
  File "D:\KIOSK\backend\.venv\Lib\site-packages\django\db\models\manager.py", line 87, in manager_method
    return getattr(self.get_queryset(), name)(*args, **kwargs)
           ~~~~~~~~~~~~~~~~~~~~~~~~~~~~~~~~~~^^^^^^^^^^^^^^^^^
  File "D:\KIOSK\backend\.venv\Lib\site-packages\django\db\models\query.py", line 629, in get
    num = len(clone)
  File "D:\KIOSK\backend\.venv\Lib\site-packages\django\db\models\query.py", line 366, in __len__
    self._fetch_all()
    ~~~~~~~~~~~~~~~^^
  File "D:\KIOSK\backend\.venv\Lib\site-packages\django\db\models\query.py", line 1949, in _fetch_all
    self._result_cache = list(self._iterable_class(self))
                         ~~~~^^^^^^^^^^^^^^^^^^^^^^^^^^^^
  File "D:\KIOSK\backend\.venv\Lib\site-packages\django\db\models\query.py", line 91, in __iter__
    results = compiler.execute_sql(
        chunked_fetch=self.chunked_fetch, chunk_size=self.chunk_size
    )
  File "D:\KIOSK\backend\.venv\Lib\site-packages\django\db\models\sql\compiler.py", line 1621, in execute_sql
    cursor = self.connection.cursor()
  File "D:\KIOSK\backend\.venv\Lib\site-packages\django\utils\asyncio.py", line 26, in inner
    return func(*args, **kwargs)
  File "D:\KIOSK\backend\.venv\Lib\site-packages\django\db\backends\base\base.py", line 320, in cursor
    return self._cursor()
           ~~~~~~~~~~~~^^
  File "D:\KIOSK\backend\.venv\Lib\site-packages\django\db\backends\base\base.py", line 296, in _cursor
    self.ensure_connection()
    ~~~~~~~~~~~~~~~~~~~~~~^^
  File "D:\KIOSK\backend\.venv\Lib\site-packages\django\utils\asyncio.py", line 26, in inner
    return func(*args, **kwargs)
  File "D:\KIOSK\backend\.venv\Lib\site-packages\django\db\backends\base\base.py", line 278, in ensure_connection
    with self.wrap_database_errors:
         ^^^^^^^^^^^^^^^^^^^^^^^^^
  File "D:\KIOSK\backend\.venv\Lib\site-packages\django\db\utils.py", line 91, in __exit__
    raise dj_exc_value.with_traceback(traceback) from exc_value
  File "D:\KIOSK\backend\.venv\Lib\site-packages\django\db\backends\base\base.py", line 279, in ensure_connection
    self.connect()
    ~~~~~~~~~~~~^^
  File "D:\KIOSK\backend\.venv\Lib\site-packages\django\utils\asyncio.py", line 26, in inner
    return func(*args, **kwargs)
  File "D:\KIOSK\backend\.venv\Lib\site-packages\django\db\backends\base\base.py", line 256, in connect
    self.connection = self.get_new_connection(conn_params)
                      ~~~~~~~~~~~~~~~~~~~~~~~^^^^^^^^^^^^^
  File "D:\KIOSK\backend\.venv\Lib\site-packages\django\utils\asyncio.py", line 26, in inner
    return func(*args, **kwargs)
  File "D:\KIOSK\backend\.venv\Lib\site-packages\django\db\backends\postgresql\base.py", line 332, in get_new_connection
    connection = self.Database.connect(**conn_params)
  File "D:\KIOSK\backend\.venv\Lib\site-packages\psycopg2\__init__.py", line 135, in connect
    conn = _connect(dsn, connection_factory=connection_factory, **kwasync)
django.db.utils.OperationalError: connection to server at "38.242.216.156", port 5437 failed: No route to host (0x00002751/10065)
	Is the server running on that host and accepting TCP/IP connections?

2026-05-27 09:21:43,505 ERROR    Exception inside application: connection to server at "38.242.216.156", port 5437 failed: No route to host (0x00002751/10065)
	Is the server running on that host and accepting TCP/IP connections?
Traceback (most recent call last):
  File "D:\KIOSK\backend\.venv\Lib\site-packages\django\contrib\sessions\backends\base.py", line 244, in _get_session
    return self._session_cache
           ^^^^^^^^^^^^^^^^^^^
AttributeError: 'SessionStore' object has no attribute '_session_cache'

During handling of the above exception, another exception occurred:

Traceback (most recent call last):
  File "D:\KIOSK\backend\.venv\Lib\site-packages\django\db\backends\base\base.py", line 279, in ensure_connection
    self.connect()
    ~~~~~~~~~~~~^^
  File "D:\KIOSK\backend\.venv\Lib\site-packages\django\utils\asyncio.py", line 26, in inner
    return func(*args, **kwargs)
  File "D:\KIOSK\backend\.venv\Lib\site-packages\django\db\backends\base\base.py", line 256, in connect
    self.connection = self.get_new_connection(conn_params)
                      ~~~~~~~~~~~~~~~~~~~~~~~^^^^^^^^^^^^^
  File "D:\KIOSK\backend\.venv\Lib\site-packages\django\utils\asyncio.py", line 26, in inner
    return func(*args, **kwargs)
  File "D:\KIOSK\backend\.venv\Lib\site-packages\django\db\backends\postgresql\base.py", line 332, in get_new_connection
    connection = self.Database.connect(**conn_params)
  File "D:\KIOSK\backend\.venv\Lib\site-packages\psycopg2\__init__.py", line 135, in connect
    conn = _connect(dsn, connection_factory=connection_factory, **kwasync)
psycopg2.OperationalError: connection to server at "38.242.216.156", port 5437 failed: No route to host (0x00002751/10065)
	Is the server running on that host and accepting TCP/IP connections?


The above exception was the direct cause of the following exception:

Traceback (most recent call last):
  File "D:\KIOSK\backend\.venv\Lib\site-packages\channels\routing.py", line 48, in __call__
    return await application(scope, receive, send)
           ^^^^^^^^^^^^^^^^^^^^^^^^^^^^^^^^^^^^^^^
  File "D:\KIOSK\backend\.venv\Lib\site-packages\channels\sessions.py", line 44, in __call__
    return await self.inner(dict(scope, cookies=cookies), receive, send)
           ^^^^^^^^^^^^^^^^^^^^^^^^^^^^^^^^^^^^^^^^^^^^^^^^^^^^^^^^^^^^^
  File "D:\KIOSK\backend\.venv\Lib\site-packages\channels\sessions.py", line 261, in __call__
    return await self.inner(wrapper.scope, receive, wrapper.send)
           ^^^^^^^^^^^^^^^^^^^^^^^^^^^^^^^^^^^^^^^^^^^^^^^^^^^^^^
  File "D:\KIOSK\backend\.venv\Lib\site-packages\channels\auth.py", line 183, in __call__
    await self.resolve_scope(scope)
  File "D:\KIOSK\backend\.venv\Lib\site-packages\channels\auth.py", line 176, in resolve_scope
    scope["user"]._wrapped = await get_user(scope)
                             ^^^^^^^^^^^^^^^^^^^^^
  File "D:\KIOSK\backend\.venv\Lib\site-packages\asgiref\sync.py", line 502, in __call__
    ret = await asyncio.shield(exec_coro)
          ^^^^^^^^^^^^^^^^^^^^^^^^^^^^^^^
  File "C:\Program Files\WindowsApps\PythonSoftwareFoundation.Python.3.13_3.13.3568.0_x64__qbz5n2kfra8p0\Lib\concurrent\futures\thread.py", line 59, in run
    result = self.fn(*self.args, **self.kwargs)
  File "D:\KIOSK\backend\.venv\Lib\site-packages\channels\db.py", line 13, in thread_handler
    return super().thread_handler(loop, *args, **kwargs)
           ~~~~~~~~~~~~~~~~~~~~~~^^^^^^^^^^^^^^^^^^^^^^^
  File "D:\KIOSK\backend\.venv\Lib\site-packages\asgiref\sync.py", line 556, in thread_handler
    return func(*args, **kwargs)
  File "D:\KIOSK\backend\.venv\Lib\site-packages\channels\auth.py", line 38, in get_user
    user_id = _get_user_session_key(session)
  File "D:\KIOSK\backend\.venv\Lib\site-packages\channels\auth.py", line 145, in _get_user_session_key
    return get_user_model()._meta.pk.to_python(session[SESSION_KEY])
                                               ~~~~~~~^^^^^^^^^^^^^
  File "D:\KIOSK\backend\.venv\Lib\site-packages\django\utils\functional.py", line 253, in inner
    return func(_wrapped, *args)
  File "D:\KIOSK\backend\.venv\Lib\site-packages\django\contrib\sessions\backends\base.py", line 55, in __getitem__
    return self._session[key]
           ^^^^^^^^^^^^^
  File "D:\KIOSK\backend\.venv\Lib\site-packages\django\contrib\sessions\backends\base.py", line 249, in _get_session
    self._session_cache = self.load()
                          ~~~~~~~~~^^
  File "D:\KIOSK\backend\.venv\Lib\site-packages\django\contrib\sessions\backends\db.py", line 55, in load
    s = self._get_session_from_db()
  File "D:\KIOSK\backend\.venv\Lib\site-packages\django\contrib\sessions\backends\db.py", line 34, in _get_session_from_db
    return self.model.objects.get(
           ~~~~~~~~~~~~~~~~~~~~~~^
        session_key=self.session_key, expire_date__gt=timezone.now()
        ^^^^^^^^^^^^^^^^^^^^^^^^^^^^^^^^^^^^^^^^^^^^^^^^^^^^^^^^^^^^
    )
    ^
  File "D:\KIOSK\backend\.venv\Lib\site-packages\django\db\models\manager.py", line 87, in manager_method
    return getattr(self.get_queryset(), name)(*args, **kwargs)
           ~~~~~~~~~~~~~~~~~~~~~~~~~~~~~~~~~~^^^^^^^^^^^^^^^^^
  File "D:\KIOSK\backend\.venv\Lib\site-packages\django\db\models\query.py", line 629, in get
    num = len(clone)
  File "D:\KIOSK\backend\.venv\Lib\site-packages\django\db\models\query.py", line 366, in __len__
    self._fetch_all()
    ~~~~~~~~~~~~~~~^^
  File "D:\KIOSK\backend\.venv\Lib\site-packages\django\db\models\query.py", line 1949, in _fetch_all
    self._result_cache = list(self._iterable_class(self))
                         ~~~~^^^^^^^^^^^^^^^^^^^^^^^^^^^^
  File "D:\KIOSK\backend\.venv\Lib\site-packages\django\db\models\query.py", line 91, in __iter__
    results = compiler.execute_sql(
        chunked_fetch=self.chunked_fetch, chunk_size=self.chunk_size
    )
  File "D:\KIOSK\backend\.venv\Lib\site-packages\django\db\models\sql\compiler.py", line 1621, in execute_sql
    cursor = self.connection.cursor()
  File "D:\KIOSK\backend\.venv\Lib\site-packages\django\utils\asyncio.py", line 26, in inner
    return func(*args, **kwargs)
  File "D:\KIOSK\backend\.venv\Lib\site-packages\django\db\backends\base\base.py", line 320, in cursor
    return self._cursor()
           ~~~~~~~~~~~~^^
  File "D:\KIOSK\backend\.venv\Lib\site-packages\django\db\backends\base\base.py", line 296, in _cursor
    self.ensure_connection()
    ~~~~~~~~~~~~~~~~~~~~~~^^
  File "D:\KIOSK\backend\.venv\Lib\site-packages\django\utils\asyncio.py", line 26, in inner
    return func(*args, **kwargs)
  File "D:\KIOSK\backend\.venv\Lib\site-packages\django\db\backends\base\base.py", line 278, in ensure_connection
    with self.wrap_database_errors:
         ^^^^^^^^^^^^^^^^^^^^^^^^^
  File "D:\KIOSK\backend\.venv\Lib\site-packages\django\db\utils.py", line 91, in __exit__
    raise dj_exc_value.with_traceback(traceback) from exc_value
  File "D:\KIOSK\backend\.venv\Lib\site-packages\django\db\backends\base\base.py", line 279, in ensure_connection
    self.connect()
    ~~~~~~~~~~~~^^
  File "D:\KIOSK\backend\.venv\Lib\site-packages\django\utils\asyncio.py", line 26, in inner
    return func(*args, **kwargs)
  File "D:\KIOSK\backend\.venv\Lib\site-packages\django\db\backends\base\base.py", line 256, in connect
    self.connection = self.get_new_connection(conn_params)
                      ~~~~~~~~~~~~~~~~~~~~~~~^^^^^^^^^^^^^
  File "D:\KIOSK\backend\.venv\Lib\site-packages\django\utils\asyncio.py", line 26, in inner
    return func(*args, **kwargs)
  File "D:\KIOSK\backend\.venv\Lib\site-packages\django\db\backends\postgresql\base.py", line 332, in get_new_connection
    connection = self.Database.connect(**conn_params)
  File "D:\KIOSK\backend\.venv\Lib\site-packages\psycopg2\__init__.py", line 135, in connect
    conn = _connect(dsn, connection_factory=connection_factory, **kwasync)
django.db.utils.OperationalError: connection to server at "38.242.216.156", port 5437 failed: No route to host (0x00002751/10065)
	Is the server running on that host and accepting TCP/IP connections?

2026-05-27 09:22:01,942 ERROR    DashboardRealtimeConsumer post-accept setup failed
Traceback (most recent call last):
  File "D:\KIOSK\backend\.venv\Lib\site-packages\redis\asyncio\connection.py", line 543, in send_packed_command
    await self._writer.drain()
  File "C:\Program Files\WindowsApps\PythonSoftwareFoundation.Python.3.13_3.13.3568.0_x64__qbz5n2kfra8p0\Lib\asyncio\streams.py", line 374, in drain
    raise exc
  File "C:\Program Files\WindowsApps\PythonSoftwareFoundation.Python.3.13_3.13.3568.0_x64__qbz5n2kfra8p0\Lib\asyncio\selector_events.py", line 1009, in _read_ready__data_received
    data = self._sock.recv(self.max_size)
ConnectionResetError: [WinError 10054] An existing connection was forcibly closed by the remote host

The above exception was the direct cause of the following exception:

Traceback (most recent call last):
  File "D:\KIOSK\backend\kiosk_backend\Applications\consumers.py", line 928, in _post_accept_setup
    return
        ^^
  File "D:\KIOSK\backend\.venv\Lib\site-packages\channels_redis\core.py", line 493, in group_add
    await connection.zadd(group_key, {channel: time.time()})
  File "D:\KIOSK\backend\.venv\Lib\site-packages\redis\asyncio\client.py", line 725, in execute_command
    return await conn.retry.call_with_retry(
           ^^^^^^^^^^^^^^^^^^^^^^^^^^^^^^^^^
    ...<4 lines>...
    )
    ^
  File "D:\KIOSK\backend\.venv\Lib\site-packages\redis\asyncio\retry.py", line 55, in call_with_retry
    raise error
  File "D:\KIOSK\backend\.venv\Lib\site-packages\redis\asyncio\retry.py", line 50, in call_with_retry
    return await do()
           ^^^^^^^^^^
  File "D:\KIOSK\backend\.venv\Lib\site-packages\redis\asyncio\client.py", line 699, in _send_command_parse_response
    await conn.send_command(*args)
  File "D:\KIOSK\backend\.venv\Lib\site-packages\redis\asyncio\connection.py", line 567, in send_command
    await self.send_packed_command(
        self.pack_command(*args), check_health=kwargs.get("check_health", True)
    )
  File "D:\KIOSK\backend\.venv\Lib\site-packages\redis\asyncio\connection.py", line 554, in send_packed_command
    raise ConnectionError(
        f"Error {err_no} while writing to socket. {errmsg}."
    ) from e
redis.exceptions.ConnectionError: Error 10054 while writing to socket. An existing connection was forcibly closed by the remote host.
2026-05-27 17:16:24,744 ERROR    Exception inside application: Error 10054 while writing to socket. An existing connection was forcibly closed by the remote host.
Traceback (most recent call last):
  File "D:\KIOSK\backend\.venv\Lib\site-packages\redis\asyncio\connection.py", line 543, in send_packed_command
    await self._writer.drain()
  File "C:\Program Files\WindowsApps\PythonSoftwareFoundation.Python.3.13_3.13.3568.0_x64__qbz5n2kfra8p0\Lib\asyncio\streams.py", line 374, in drain
    raise exc
  File "C:\Program Files\WindowsApps\PythonSoftwareFoundation.Python.3.13_3.13.3568.0_x64__qbz5n2kfra8p0\Lib\asyncio\selector_events.py", line 1009, in _read_ready__data_received
    data = self._sock.recv(self.max_size)
ConnectionResetError: [WinError 10054] An existing connection was forcibly closed by the remote host

The above exception was the direct cause of the following exception:

Traceback (most recent call last):
  File "D:\KIOSK\backend\.venv\Lib\site-packages\channels\routing.py", line 48, in __call__
    return await application(scope, receive, send)
           ^^^^^^^^^^^^^^^^^^^^^^^^^^^^^^^^^^^^^^^
  File "D:\KIOSK\backend\.venv\Lib\site-packages\channels\sessions.py", line 44, in __call__
    return await self.inner(dict(scope, cookies=cookies), receive, send)
           ^^^^^^^^^^^^^^^^^^^^^^^^^^^^^^^^^^^^^^^^^^^^^^^^^^^^^^^^^^^^^
  File "D:\KIOSK\backend\.venv\Lib\site-packages\channels\sessions.py", line 261, in __call__
    return await self.inner(wrapper.scope, receive, wrapper.send)
           ^^^^^^^^^^^^^^^^^^^^^^^^^^^^^^^^^^^^^^^^^^^^^^^^^^^^^^
  File "D:\KIOSK\backend\.venv\Lib\site-packages\channels\auth.py", line 185, in __call__
    return await super().__call__(scope, receive, send)
           ^^^^^^^^^^^^^^^^^^^^^^^^^^^^^^^^^^^^^^^^^^^^
  File "D:\KIOSK\backend\.venv\Lib\site-packages\channels\middleware.py", line 24, in __call__
    return await self.inner(scope, receive, send)
           ^^^^^^^^^^^^^^^^^^^^^^^^^^^^^^^^^^^^^^
  File "D:\KIOSK\backend\.venv\Lib\site-packages\channels\routing.py", line 118, in __call__
    return await application(
           ^^^^^^^^^^^^^^^^^^
    ...<10 lines>...
    )
    ^
  File "D:\KIOSK\backend\.venv\Lib\site-packages\channels\consumer.py", line 95, in app
    return await consumer(scope, receive, send)
           ^^^^^^^^^^^^^^^^^^^^^^^^^^^^^^^^^^^^
  File "D:\KIOSK\backend\.venv\Lib\site-packages\channels\consumer.py", line 58, in __call__
    await await_many_dispatch(
        [receive, self.channel_receive], self.dispatch
    )
  File "D:\KIOSK\backend\.venv\Lib\site-packages\channels\utils.py", line 50, in await_many_dispatch
    await dispatch(result)
  File "D:\KIOSK\backend\.venv\Lib\site-packages\channels\consumer.py", line 74, in dispatch
    await handler(message)
  File "D:\KIOSK\backend\.venv\Lib\site-packages\channels\generic\websocket.py", line 250, in websocket_disconnect
    await self.disconnect(message["code"])
  File "D:\KIOSK\backend\kiosk_backend\Applications\consumers.py", line 172, in disconnect
    await self._send_json({
  File "D:\KIOSK\backend\.venv\Lib\site-packages\channels_redis\core.py", line 507, in group_discard
    await connection.zrem(key, channel)
  File "D:\KIOSK\backend\.venv\Lib\site-packages\redis\asyncio\client.py", line 725, in execute_command
    return await conn.retry.call_with_retry(
           ^^^^^^^^^^^^^^^^^^^^^^^^^^^^^^^^^
    ...<4 lines>...
    )
    ^
  File "D:\KIOSK\backend\.venv\Lib\site-packages\redis\asyncio\retry.py", line 55, in call_with_retry
    raise error
  File "D:\KIOSK\backend\.venv\Lib\site-packages\redis\asyncio\retry.py", line 50, in call_with_retry
    return await do()
           ^^^^^^^^^^
  File "D:\KIOSK\backend\.venv\Lib\site-packages\redis\asyncio\client.py", line 699, in _send_command_parse_response
    await conn.send_command(*args)
  File "D:\KIOSK\backend\.venv\Lib\site-packages\redis\asyncio\connection.py", line 567, in send_command
    await self.send_packed_command(
        self.pack_command(*args), check_health=kwargs.get("check_health", True)
    )
  File "D:\KIOSK\backend\.venv\Lib\site-packages\redis\asyncio\connection.py", line 554, in send_packed_command
    raise ConnectionError(
        f"Error {err_no} while writing to socket. {errmsg}."
    ) from e
redis.exceptions.ConnectionError: Error 10054 while writing to socket. An existing connection was forcibly closed by the remote host.
2026-05-28 08:45:27,660 ERROR    Exception inside application: Error 10054 while writing to socket. An existing connection was forcibly closed by the remote host.
Traceback (most recent call last):
  File "D:\KIOSK\backend\.venv\Lib\site-packages\redis\asyncio\connection.py", line 543, in send_packed_command
    await self._writer.drain()
  File "C:\Program Files\WindowsApps\PythonSoftwareFoundation.Python.3.13_3.13.3568.0_x64__qbz5n2kfra8p0\Lib\asyncio\streams.py", line 374, in drain
    raise exc
  File "C:\Program Files\WindowsApps\PythonSoftwareFoundation.Python.3.13_3.13.3568.0_x64__qbz5n2kfra8p0\Lib\asyncio\selector_events.py", line 1009, in _read_ready__data_received
    data = self._sock.recv(self.max_size)
ConnectionResetError: [WinError 10054] An existing connection was forcibly closed by the remote host

The above exception was the direct cause of the following exception:

Traceback (most recent call last):
  File "D:\KIOSK\backend\.venv\Lib\site-packages\channels\routing.py", line 48, in __call__
    return await application(scope, receive, send)
           ^^^^^^^^^^^^^^^^^^^^^^^^^^^^^^^^^^^^^^^
  File "D:\KIOSK\backend\.venv\Lib\site-packages\channels\sessions.py", line 44, in __call__
    return await self.inner(dict(scope, cookies=cookies), receive, send)
           ^^^^^^^^^^^^^^^^^^^^^^^^^^^^^^^^^^^^^^^^^^^^^^^^^^^^^^^^^^^^^
  File "D:\KIOSK\backend\.venv\Lib\site-packages\channels\sessions.py", line 261, in __call__
    return await self.inner(wrapper.scope, receive, wrapper.send)
           ^^^^^^^^^^^^^^^^^^^^^^^^^^^^^^^^^^^^^^^^^^^^^^^^^^^^^^
  File "D:\KIOSK\backend\.venv\Lib\site-packages\channels\auth.py", line 185, in __call__
    return await super().__call__(scope, receive, send)
           ^^^^^^^^^^^^^^^^^^^^^^^^^^^^^^^^^^^^^^^^^^^^
  File "D:\KIOSK\backend\.venv\Lib\site-packages\channels\middleware.py", line 24, in __call__
    return await self.inner(scope, receive, send)
           ^^^^^^^^^^^^^^^^^^^^^^^^^^^^^^^^^^^^^^
  File "D:\KIOSK\backend\.venv\Lib\site-packages\channels\routing.py", line 118, in __call__
    return await application(
           ^^^^^^^^^^^^^^^^^^
    ...<10 lines>...
    )
    ^
  File "D:\KIOSK\backend\.venv\Lib\site-packages\channels\consumer.py", line 95, in app
    return await consumer(scope, receive, send)
           ^^^^^^^^^^^^^^^^^^^^^^^^^^^^^^^^^^^^
  File "D:\KIOSK\backend\.venv\Lib\site-packages\channels\consumer.py", line 58, in __call__
    await await_many_dispatch(
        [receive, self.channel_receive], self.dispatch
    )
  File "D:\KIOSK\backend\.venv\Lib\site-packages\channels\utils.py", line 50, in await_many_dispatch
    await dispatch(result)
  File "D:\KIOSK\backend\.venv\Lib\site-packages\channels\consumer.py", line 74, in dispatch
    await handler(message)
  File "D:\KIOSK\backend\.venv\Lib\site-packages\channels\generic\websocket.py", line 180, in websocket_connect
    await self.connect()
  File "D:\KIOSK\backend\kiosk_backend\Applications\consumers.py", line 144, in connect
    incoming["value"] = int(round(iv)) if isinstance(iv, (int, float)) else iv
    ^^^^^^^^^^^^^^^^^^^^^^^^^^^^^^^^^^^^^^^^^^^^^^^^^^^^^^^^^^^^^
  File "D:\KIOSK\backend\.venv\Lib\site-packages\channels_redis\core.py", line 493, in group_add
    await connection.zadd(group_key, {channel: time.time()})
  File "D:\KIOSK\backend\.venv\Lib\site-packages\redis\asyncio\client.py", line 725, in execute_command
    return await conn.retry.call_with_retry(
           ^^^^^^^^^^^^^^^^^^^^^^^^^^^^^^^^^
    ...<4 lines>...
    )
    ^
  File "D:\KIOSK\backend\.venv\Lib\site-packages\redis\asyncio\retry.py", line 55, in call_with_retry
    raise error
  File "D:\KIOSK\backend\.venv\Lib\site-packages\redis\asyncio\retry.py", line 50, in call_with_retry
    return await do()
           ^^^^^^^^^^
  File "D:\KIOSK\backend\.venv\Lib\site-packages\redis\asyncio\client.py", line 699, in _send_command_parse_response
    await conn.send_command(*args)
  File "D:\KIOSK\backend\.venv\Lib\site-packages\redis\asyncio\connection.py", line 567, in send_command
    await self.send_packed_command(
        self.pack_command(*args), check_health=kwargs.get("check_health", True)
    )
  File "D:\KIOSK\backend\.venv\Lib\site-packages\redis\asyncio\connection.py", line 554, in send_packed_command
    raise ConnectionError(
        f"Error {err_no} while writing to socket. {errmsg}."
    ) from e
redis.exceptions.ConnectionError: Error 10054 while writing to socket. An existing connection was forcibly closed by the remote host.
2026-05-28 08:49:42,051 ERROR    Exception inside application: Error while reading from 178.16.137.196:6379 : (10054, 'An existing connection was forcibly closed by the remote host', None, 10054, None)
Traceback (most recent call last):
  File "D:\KIOSK\backend\.venv\Lib\site-packages\redis\asyncio\connection.py", line 607, in read_response
    response = await self._parser.read_response(
               ^^^^^^^^^^^^^^^^^^^^^^^^^^^^^^^^^
        disable_decoding=disable_decoding
        ^^^^^^^^^^^^^^^^^^^^^^^^^^^^^^^^^
    )
    ^
  File "D:\KIOSK\backend\.venv\Lib\site-packages\redis\_parsers\resp2.py", line 82, in read_response
    response = await self._read_response(disable_decoding=disable_decoding)
               ^^^^^^^^^^^^^^^^^^^^^^^^^^^^^^^^^^^^^^^^^^^^^^^^^^^^^^^^^^^^
  File "D:\KIOSK\backend\.venv\Lib\site-packages\redis\_parsers\resp2.py", line 90, in _read_response
    raw = await self._readline()
          ^^^^^^^^^^^^^^^^^^^^^^
  File "D:\KIOSK\backend\.venv\Lib\site-packages\redis\_parsers\base.py", line 468, in _readline
    data = await self._stream.readline()
           ^^^^^^^^^^^^^^^^^^^^^^^^^^^^^
  File "C:\Program Files\WindowsApps\PythonSoftwareFoundation.Python.3.13_3.13.3568.0_x64__qbz5n2kfra8p0\Lib\asyncio\streams.py", line 562, in readline
    line = await self.readuntil(sep)
           ^^^^^^^^^^^^^^^^^^^^^^^^^
  File "C:\Program Files\WindowsApps\PythonSoftwareFoundation.Python.3.13_3.13.3568.0_x64__qbz5n2kfra8p0\Lib\asyncio\streams.py", line 677, in readuntil
    await self._wait_for_data('readuntil')
  File "C:\Program Files\WindowsApps\PythonSoftwareFoundation.Python.3.13_3.13.3568.0_x64__qbz5n2kfra8p0\Lib\asyncio\streams.py", line 539, in _wait_for_data
    await self._waiter
  File "C:\Program Files\WindowsApps\PythonSoftwareFoundation.Python.3.13_3.13.3568.0_x64__qbz5n2kfra8p0\Lib\asyncio\selector_events.py", line 1009, in _read_ready__data_received
    data = self._sock.recv(self.max_size)
ConnectionResetError: [WinError 10054] An existing connection was forcibly closed by the remote host

During handling of the above exception, another exception occurred:

Traceback (most recent call last):
  File "D:\KIOSK\backend\.venv\Lib\site-packages\channels\routing.py", line 48, in __call__
    return await application(scope, receive, send)
           ^^^^^^^^^^^^^^^^^^^^^^^^^^^^^^^^^^^^^^^
  File "D:\KIOSK\backend\.venv\Lib\site-packages\channels\sessions.py", line 44, in __call__
    return await self.inner(dict(scope, cookies=cookies), receive, send)
           ^^^^^^^^^^^^^^^^^^^^^^^^^^^^^^^^^^^^^^^^^^^^^^^^^^^^^^^^^^^^^
  File "D:\KIOSK\backend\.venv\Lib\site-packages\channels\sessions.py", line 261, in __call__
    return await self.inner(wrapper.scope, receive, wrapper.send)
           ^^^^^^^^^^^^^^^^^^^^^^^^^^^^^^^^^^^^^^^^^^^^^^^^^^^^^^
  File "D:\KIOSK\backend\.venv\Lib\site-packages\channels\auth.py", line 185, in __call__
    return await super().__call__(scope, receive, send)
           ^^^^^^^^^^^^^^^^^^^^^^^^^^^^^^^^^^^^^^^^^^^^
  File "D:\KIOSK\backend\.venv\Lib\site-packages\channels\middleware.py", line 24, in __call__
    return await self.inner(scope, receive, send)
           ^^^^^^^^^^^^^^^^^^^^^^^^^^^^^^^^^^^^^^
  File "D:\KIOSK\backend\.venv\Lib\site-packages\channels\routing.py", line 118, in __call__
    return await application(
           ^^^^^^^^^^^^^^^^^^
    ...<10 lines>...
    )
    ^
  File "D:\KIOSK\backend\.venv\Lib\site-packages\channels\consumer.py", line 95, in app
    return await consumer(scope, receive, send)
           ^^^^^^^^^^^^^^^^^^^^^^^^^^^^^^^^^^^^
  File "D:\KIOSK\backend\.venv\Lib\site-packages\channels\consumer.py", line 58, in __call__
    await await_many_dispatch(
        [receive, self.channel_receive], self.dispatch
    )
  File "D:\KIOSK\backend\.venv\Lib\site-packages\channels\utils.py", line 57, in await_many_dispatch
    await task
redis.exceptions.ConnectionError: Error while reading from 178.16.137.196:6379 : (10054, 'An existing connection was forcibly closed by the remote host', None, 10054, None)
2026-05-28 08:49:42,057 ERROR    Exception inside application: Error 10065 connecting to 178.16.137.196:6379. Connect call failed ('178.16.137.196', 6379).
Traceback (most recent call last):
  File "D:\KIOSK\backend\.venv\Lib\site-packages\redis\asyncio\connection.py", line 307, in connect_check_health
    await self.retry.call_with_retry(
        lambda: self._connect(), lambda error: self.disconnect()
    )
  File "D:\KIOSK\backend\.venv\Lib\site-packages\redis\asyncio\retry.py", line 50, in call_with_retry
    return await do()
           ^^^^^^^^^^
  File "D:\KIOSK\backend\.venv\Lib\site-packages\redis\asyncio\connection.py", line 768, in _connect
    reader, writer = await asyncio.open_connection(
                     ^^^^^^^^^^^^^^^^^^^^^^^^^^^^^^
        **self._connection_arguments()
        ^^^^^^^^^^^^^^^^^^^^^^^^^^^^^^
    )
    ^
  File "C:\Program Files\WindowsApps\PythonSoftwareFoundation.Python.3.13_3.13.3568.0_x64__qbz5n2kfra8p0\Lib\asyncio\streams.py", line 48, in open_connection
    transport, _ = await loop.create_connection(
                   ^^^^^^^^^^^^^^^^^^^^^^^^^^^^^
        lambda: protocol, host, port, **kwds)
        ^^^^^^^^^^^^^^^^^^^^^^^^^^^^^^^^^^^^^
  File "C:\Program Files\WindowsApps\PythonSoftwareFoundation.Python.3.13_3.13.3568.0_x64__qbz5n2kfra8p0\Lib\asyncio\base_events.py", line 1171, in create_connection
    raise exceptions[0]
  File "C:\Program Files\WindowsApps\PythonSoftwareFoundation.Python.3.13_3.13.3568.0_x64__qbz5n2kfra8p0\Lib\asyncio\base_events.py", line 1146, in create_connection
    sock = await self._connect_sock(
           ^^^^^^^^^^^^^^^^^^^^^^^^^
        exceptions, addrinfo, laddr_infos)
        ^^^^^^^^^^^^^^^^^^^^^^^^^^^^^^^^^^
  File "C:\Program Files\WindowsApps\PythonSoftwareFoundation.Python.3.13_3.13.3568.0_x64__qbz5n2kfra8p0\Lib\asyncio\base_events.py", line 1045, in _connect_sock
    await self.sock_connect(sock, address)
  File "C:\Program Files\WindowsApps\PythonSoftwareFoundation.Python.3.13_3.13.3568.0_x64__qbz5n2kfra8p0\Lib\asyncio\selector_events.py", line 645, in sock_connect
    return await fut
           ^^^^^^^^^
  File "C:\Program Files\WindowsApps\PythonSoftwareFoundation.Python.3.13_3.13.3568.0_x64__qbz5n2kfra8p0\Lib\asyncio\selector_events.py", line 685, in _sock_connect_cb
    raise OSError(err, f'Connect call failed {address}')
OSError: [Errno 10065] Connect call failed ('178.16.137.196', 6379)

During handling of the above exception, another exception occurred:

Traceback (most recent call last):
  File "D:\KIOSK\backend\.venv\Lib\site-packages\channels\routing.py", line 48, in __call__
    return await application(scope, receive, send)
           ^^^^^^^^^^^^^^^^^^^^^^^^^^^^^^^^^^^^^^^
  File "D:\KIOSK\backend\.venv\Lib\site-packages\channels\sessions.py", line 44, in __call__
    return await self.inner(dict(scope, cookies=cookies), receive, send)
           ^^^^^^^^^^^^^^^^^^^^^^^^^^^^^^^^^^^^^^^^^^^^^^^^^^^^^^^^^^^^^
  File "D:\KIOSK\backend\.venv\Lib\site-packages\channels\sessions.py", line 261, in __call__
    return await self.inner(wrapper.scope, receive, wrapper.send)
           ^^^^^^^^^^^^^^^^^^^^^^^^^^^^^^^^^^^^^^^^^^^^^^^^^^^^^^
  File "D:\KIOSK\backend\.venv\Lib\site-packages\channels\auth.py", line 185, in __call__
    return await super().__call__(scope, receive, send)
           ^^^^^^^^^^^^^^^^^^^^^^^^^^^^^^^^^^^^^^^^^^^^
  File "D:\KIOSK\backend\.venv\Lib\site-packages\channels\middleware.py", line 24, in __call__
    return await self.inner(scope, receive, send)
           ^^^^^^^^^^^^^^^^^^^^^^^^^^^^^^^^^^^^^^
  File "D:\KIOSK\backend\.venv\Lib\site-packages\channels\routing.py", line 118, in __call__
    return await application(
           ^^^^^^^^^^^^^^^^^^
    ...<10 lines>...
    )
    ^
  File "D:\KIOSK\backend\.venv\Lib\site-packages\channels\consumer.py", line 95, in app
    return await consumer(scope, receive, send)
           ^^^^^^^^^^^^^^^^^^^^^^^^^^^^^^^^^^^^
  File "D:\KIOSK\backend\.venv\Lib\site-packages\channels\consumer.py", line 58, in __call__
    await await_many_dispatch(
        [receive, self.channel_receive], self.dispatch
    )
  File "D:\KIOSK\backend\.venv\Lib\site-packages\channels\utils.py", line 57, in await_many_dispatch
    await task
redis.exceptions.ConnectionError: Error 10065 connecting to 178.16.137.196:6379. Connect call failed ('178.16.137.196', 6379).
2026-05-28 08:49:57,097 ERROR    DashboardRealtimeConsumer post-accept setup failed
Traceback (most recent call last):
  File "D:\KIOSK\backend\.venv\Lib\site-packages\redis\asyncio\connection.py", line 543, in send_packed_command
    await self._writer.drain()
  File "C:\Program Files\WindowsApps\PythonSoftwareFoundation.Python.3.13_3.13.3568.0_x64__qbz5n2kfra8p0\Lib\asyncio\streams.py", line 374, in drain
    raise exc
  File "C:\Program Files\WindowsApps\PythonSoftwareFoundation.Python.3.13_3.13.3568.0_x64__qbz5n2kfra8p0\Lib\asyncio\selector_events.py", line 1009, in _read_ready__data_received
    data = self._sock.recv(self.max_size)
ConnectionResetError: [WinError 10054] An existing connection was forcibly closed by the remote host

The above exception was the direct cause of the following exception:

Traceback (most recent call last):
  File "D:\KIOSK\backend\kiosk_backend\Applications\consumers.py", line 928, in _post_accept_setup
    return
        ^^
  File "D:\KIOSK\backend\.venv\Lib\site-packages\channels_redis\core.py", line 493, in group_add
    await connection.zadd(group_key, {channel: time.time()})
  File "D:\KIOSK\backend\.venv\Lib\site-packages\redis\asyncio\client.py", line 725, in execute_command
    return await conn.retry.call_with_retry(
           ^^^^^^^^^^^^^^^^^^^^^^^^^^^^^^^^^
    ...<4 lines>...
    )
    ^
  File "D:\KIOSK\backend\.venv\Lib\site-packages\redis\asyncio\retry.py", line 55, in call_with_retry
    raise error
  File "D:\KIOSK\backend\.venv\Lib\site-packages\redis\asyncio\retry.py", line 50, in call_with_retry
    return await do()
           ^^^^^^^^^^
  File "D:\KIOSK\backend\.venv\Lib\site-packages\redis\asyncio\client.py", line 699, in _send_command_parse_response
    await conn.send_command(*args)
  File "D:\KIOSK\backend\.venv\Lib\site-packages\redis\asyncio\connection.py", line 567, in send_command
    await self.send_packed_command(
        self.pack_command(*args), check_health=kwargs.get("check_health", True)
    )
  File "D:\KIOSK\backend\.venv\Lib\site-packages\redis\asyncio\connection.py", line 554, in send_packed_command
    raise ConnectionError(
        f"Error {err_no} while writing to socket. {errmsg}."
    ) from e
redis.exceptions.ConnectionError: Error 10054 while writing to socket. An existing connection was forcibly closed by the remote host.
2026-05-28 08:50:00,168 WARNING  Application instance <Task pending name='Task-16229' coro=<ProtocolTypeRouter.__call__() running at D:\KIOSK\backend\.venv\Lib\site-packages\channels\routing.py:48> wait_for=<Future pending cb=[shield.<locals>._outer_done_callback() at C:\Program Files\WindowsApps\PythonSoftwareFoundation.Python.3.13_3.13.3568.0_x64__qbz5n2kfra8p0\Lib\asyncio\tasks.py:975, Task.task_wakeup()]>> for connection <WebSocketProtocol client=['127.0.0.1', 50772] path=b'/ws/applications/a4ec5a29e9d067f7e8eac3a25a10faf2/'> took too long to shut down and was killed.
2026-05-28 08:50:08,214 WARNING  Application instance <Task pending name='Task-16234' coro=<ProtocolTypeRouter.__call__() running at D:\KIOSK\backend\.venv\Lib\site-packages\channels\routing.py:48> wait_for=<Future pending cb=[shield.<locals>._outer_done_callback() at C:\Program Files\WindowsApps\PythonSoftwareFoundation.Python.3.13_3.13.3568.0_x64__qbz5n2kfra8p0\Lib\asyncio\tasks.py:975, Task.task_wakeup()]>> for connection <WebSocketProtocol client=['127.0.0.1', 50795] path=b'/ws/applications/a4ec5a29e9d067f7e8eac3a25a10faf2/'> took too long to shut down and was killed.
2026-05-28 09:12:32,270 WARNING  Application instance <Task pending name='Task-16247' coro=<ProtocolTypeRouter.__call__() running at D:\KIOSK\backend\.venv\Lib\site-packages\channels\routing.py:48> wait_for=<Future pending cb=[Task.task_wakeup()]>> for connection <WebSocketProtocol client=['127.0.0.1', 50817] path=b'/ws/applications/a4ec5a29e9d067f7e8eac3a25a10faf2/'> took too long to shut down and was killed.
2026-05-28 11:43:15,770 ERROR    Exception inside application: Error while reading from 178.16.137.196:6379 : (10054, 'An existing connection was forcibly closed by the remote host', None, 10054, None)
Traceback (most recent call last):
  File "D:\KIOSK\backend\.venv\Lib\site-packages\redis\asyncio\connection.py", line 607, in read_response
    response = await self._parser.read_response(
               ^^^^^^^^^^^^^^^^^^^^^^^^^^^^^^^^^
        disable_decoding=disable_decoding
        ^^^^^^^^^^^^^^^^^^^^^^^^^^^^^^^^^
    )
    ^
  File "D:\KIOSK\backend\.venv\Lib\site-packages\redis\_parsers\resp2.py", line 82, in read_response
    response = await self._read_response(disable_decoding=disable_decoding)
               ^^^^^^^^^^^^^^^^^^^^^^^^^^^^^^^^^^^^^^^^^^^^^^^^^^^^^^^^^^^^
  File "D:\KIOSK\backend\.venv\Lib\site-packages\redis\_parsers\resp2.py", line 90, in _read_response
    raw = await self._readline()
          ^^^^^^^^^^^^^^^^^^^^^^
  File "D:\KIOSK\backend\.venv\Lib\site-packages\redis\_parsers\base.py", line 468, in _readline
    data = await self._stream.readline()
           ^^^^^^^^^^^^^^^^^^^^^^^^^^^^^
  File "C:\Program Files\WindowsApps\PythonSoftwareFoundation.Python.3.13_3.13.3568.0_x64__qbz5n2kfra8p0\Lib\asyncio\streams.py", line 562, in readline
    line = await self.readuntil(sep)
           ^^^^^^^^^^^^^^^^^^^^^^^^^
  File "C:\Program Files\WindowsApps\PythonSoftwareFoundation.Python.3.13_3.13.3568.0_x64__qbz5n2kfra8p0\Lib\asyncio\streams.py", line 677, in readuntil
    await self._wait_for_data('readuntil')
  File "C:\Program Files\WindowsApps\PythonSoftwareFoundation.Python.3.13_3.13.3568.0_x64__qbz5n2kfra8p0\Lib\asyncio\streams.py", line 539, in _wait_for_data
    await self._waiter
  File "C:\Program Files\WindowsApps\PythonSoftwareFoundation.Python.3.13_3.13.3568.0_x64__qbz5n2kfra8p0\Lib\asyncio\selector_events.py", line 1009, in _read_ready__data_received
    data = self._sock.recv(self.max_size)
ConnectionResetError: [WinError 10054] An existing connection was forcibly closed by the remote host

During handling of the above exception, another exception occurred:

Traceback (most recent call last):
  File "D:\KIOSK\backend\.venv\Lib\site-packages\channels\routing.py", line 48, in __call__
    return await application(scope, receive, send)
           ^^^^^^^^^^^^^^^^^^^^^^^^^^^^^^^^^^^^^^^
  File "D:\KIOSK\backend\.venv\Lib\site-packages\channels\sessions.py", line 44, in __call__
    return await self.inner(dict(scope, cookies=cookies), receive, send)
           ^^^^^^^^^^^^^^^^^^^^^^^^^^^^^^^^^^^^^^^^^^^^^^^^^^^^^^^^^^^^^
  File "D:\KIOSK\backend\.venv\Lib\site-packages\channels\sessions.py", line 261, in __call__
    return await self.inner(wrapper.scope, receive, wrapper.send)
           ^^^^^^^^^^^^^^^^^^^^^^^^^^^^^^^^^^^^^^^^^^^^^^^^^^^^^^
  File "D:\KIOSK\backend\.venv\Lib\site-packages\channels\auth.py", line 185, in __call__
    return await super().__call__(scope, receive, send)
           ^^^^^^^^^^^^^^^^^^^^^^^^^^^^^^^^^^^^^^^^^^^^
  File "D:\KIOSK\backend\.venv\Lib\site-packages\channels\middleware.py", line 24, in __call__
    return await self.inner(scope, receive, send)
           ^^^^^^^^^^^^^^^^^^^^^^^^^^^^^^^^^^^^^^
  File "D:\KIOSK\backend\.venv\Lib\site-packages\channels\routing.py", line 118, in __call__
    return await application(
           ^^^^^^^^^^^^^^^^^^
    ...<10 lines>...
    )
    ^
  File "D:\KIOSK\backend\.venv\Lib\site-packages\channels\consumer.py", line 95, in app
    return await consumer(scope, receive, send)
           ^^^^^^^^^^^^^^^^^^^^^^^^^^^^^^^^^^^^
  File "D:\KIOSK\backend\.venv\Lib\site-packages\channels\consumer.py", line 58, in __call__
    await await_many_dispatch(
        [receive, self.channel_receive], self.dispatch
    )
  File "D:\KIOSK\backend\.venv\Lib\site-packages\channels\utils.py", line 57, in await_many_dispatch
    await task
redis.exceptions.ConnectionError: Error while reading from 178.16.137.196:6379 : (10054, 'An existing connection was forcibly closed by the remote host', None, 10054, None)
2026-05-28 16:31:20,339 ERROR    DashboardRealtimeConsumer post-accept setup failed
Traceback (most recent call last):
  File "D:\KIOSK\backend\.venv\Lib\site-packages\redis\asyncio\connection.py", line 607, in read_response
    response = await self._parser.read_response(
               ^^^^^^^^^^^^^^^^^^^^^^^^^^^^^^^^^
        disable_decoding=disable_decoding
        ^^^^^^^^^^^^^^^^^^^^^^^^^^^^^^^^^
    )
    ^
  File "D:\KIOSK\backend\.venv\Lib\site-packages\redis\_parsers\resp2.py", line 82, in read_response
    response = await self._read_response(disable_decoding=disable_decoding)
               ^^^^^^^^^^^^^^^^^^^^^^^^^^^^^^^^^^^^^^^^^^^^^^^^^^^^^^^^^^^^
  File "D:\KIOSK\backend\.venv\Lib\site-packages\redis\_parsers\resp2.py", line 90, in _read_response
    raw = await self._readline()
          ^^^^^^^^^^^^^^^^^^^^^^
  File "D:\KIOSK\backend\.venv\Lib\site-packages\redis\_parsers\base.py", line 468, in _readline
    data = await self._stream.readline()
           ^^^^^^^^^^^^^^^^^^^^^^^^^^^^^
  File "C:\Program Files\WindowsApps\PythonSoftwareFoundation.Python.3.13_3.13.3568.0_x64__qbz5n2kfra8p0\Lib\asyncio\streams.py", line 562, in readline
    line = await self.readuntil(sep)
           ^^^^^^^^^^^^^^^^^^^^^^^^^
  File "C:\Program Files\WindowsApps\PythonSoftwareFoundation.Python.3.13_3.13.3568.0_x64__qbz5n2kfra8p0\Lib\asyncio\streams.py", line 677, in readuntil
    await self._wait_for_data('readuntil')
  File "C:\Program Files\WindowsApps\PythonSoftwareFoundation.Python.3.13_3.13.3568.0_x64__qbz5n2kfra8p0\Lib\asyncio\streams.py", line 539, in _wait_for_data
    await self._waiter
  File "C:\Program Files\WindowsApps\PythonSoftwareFoundation.Python.3.13_3.13.3568.0_x64__qbz5n2kfra8p0\Lib\asyncio\selector_events.py", line 1009, in _read_ready__data_received
    data = self._sock.recv(self.max_size)
ConnectionResetError: [WinError 10054] An existing connection was forcibly closed by the remote host

During handling of the above exception, another exception occurred:

Traceback (most recent call last):
  File "D:\KIOSK\backend\kiosk_backend\Applications\consumers.py", line 928, in _post_accept_setup
    return
        ^^
  File "D:\KIOSK\backend\.venv\Lib\site-packages\channels_redis\core.py", line 493, in group_add
    await connection.zadd(group_key, {channel: time.time()})
  File "D:\KIOSK\backend\.venv\Lib\site-packages\redis\asyncio\client.py", line 725, in execute_command
    return await conn.retry.call_with_retry(
           ^^^^^^^^^^^^^^^^^^^^^^^^^^^^^^^^^
    ...<4 lines>...
    )
    ^
  File "D:\KIOSK\backend\.venv\Lib\site-packages\redis\asyncio\retry.py", line 55, in call_with_retry
    raise error
  File "D:\KIOSK\backend\.venv\Lib\site-packages\redis\asyncio\retry.py", line 50, in call_with_retry
    return await do()
           ^^^^^^^^^^
  File "D:\KIOSK\backend\.venv\Lib\site-packages\redis\asyncio\client.py", line 700, in _send_command_parse_response
    return await self.parse_response(conn, command_name, **options)
           ^^^^^^^^^^^^^^^^^^^^^^^^^^^^^^^^^^^^^^^^^^^^^^^^^^^^^^^^
  File "D:\KIOSK\backend\.venv\Lib\site-packages\redis\asyncio\client.py", line 746, in parse_response
    response = await connection.read_response()
               ^^^^^^^^^^^^^^^^^^^^^^^^^^^^^^^^
  File "D:\KIOSK\backend\.venv\Lib\site-packages\redis\asyncio\connection.py", line 621, in read_response
    raise ConnectionError(f"Error while reading from {host_error} : {e.args}")
redis.exceptions.ConnectionError: Error while reading from 178.16.137.196:6379 : (10054, 'An existing connection was forcibly closed by the remote host', None, 10054, None)
2026-05-28 16:41:28,690 ERROR    Exception inside application: Error while reading from 178.16.137.196:6379 : (10054, 'An existing connection was forcibly closed by the remote host', None, 10054, None)
Traceback (most recent call last):
  File "D:\KIOSK\backend\.venv\Lib\site-packages\redis\asyncio\connection.py", line 607, in read_response
    response = await self._parser.read_response(
               ^^^^^^^^^^^^^^^^^^^^^^^^^^^^^^^^^
        disable_decoding=disable_decoding
        ^^^^^^^^^^^^^^^^^^^^^^^^^^^^^^^^^
    )
    ^
  File "D:\KIOSK\backend\.venv\Lib\site-packages\redis\_parsers\resp2.py", line 82, in read_response
    response = await self._read_response(disable_decoding=disable_decoding)
               ^^^^^^^^^^^^^^^^^^^^^^^^^^^^^^^^^^^^^^^^^^^^^^^^^^^^^^^^^^^^
  File "D:\KIOSK\backend\.venv\Lib\site-packages\redis\_parsers\resp2.py", line 90, in _read_response
    raw = await self._readline()
          ^^^^^^^^^^^^^^^^^^^^^^
  File "D:\KIOSK\backend\.venv\Lib\site-packages\redis\_parsers\base.py", line 468, in _readline
    data = await self._stream.readline()
           ^^^^^^^^^^^^^^^^^^^^^^^^^^^^^
  File "C:\Program Files\WindowsApps\PythonSoftwareFoundation.Python.3.13_3.13.3568.0_x64__qbz5n2kfra8p0\Lib\asyncio\streams.py", line 562, in readline
    line = await self.readuntil(sep)
           ^^^^^^^^^^^^^^^^^^^^^^^^^
  File "C:\Program Files\WindowsApps\PythonSoftwareFoundation.Python.3.13_3.13.3568.0_x64__qbz5n2kfra8p0\Lib\asyncio\streams.py", line 677, in readuntil
    await self._wait_for_data('readuntil')
  File "C:\Program Files\WindowsApps\PythonSoftwareFoundation.Python.3.13_3.13.3568.0_x64__qbz5n2kfra8p0\Lib\asyncio\streams.py", line 539, in _wait_for_data
    await self._waiter
  File "C:\Program Files\WindowsApps\PythonSoftwareFoundation.Python.3.13_3.13.3568.0_x64__qbz5n2kfra8p0\Lib\asyncio\selector_events.py", line 1009, in _read_ready__data_received
    data = self._sock.recv(self.max_size)
ConnectionResetError: [WinError 10054] An existing connection was forcibly closed by the remote host

During handling of the above exception, another exception occurred:

Traceback (most recent call last):
  File "D:\KIOSK\backend\.venv\Lib\site-packages\channels\routing.py", line 48, in __call__
    return await application(scope, receive, send)
           ^^^^^^^^^^^^^^^^^^^^^^^^^^^^^^^^^^^^^^^
  File "D:\KIOSK\backend\.venv\Lib\site-packages\channels\sessions.py", line 44, in __call__
    return await self.inner(dict(scope, cookies=cookies), receive, send)
           ^^^^^^^^^^^^^^^^^^^^^^^^^^^^^^^^^^^^^^^^^^^^^^^^^^^^^^^^^^^^^
  File "D:\KIOSK\backend\.venv\Lib\site-packages\channels\sessions.py", line 261, in __call__
    return await self.inner(wrapper.scope, receive, wrapper.send)
           ^^^^^^^^^^^^^^^^^^^^^^^^^^^^^^^^^^^^^^^^^^^^^^^^^^^^^^
  File "D:\KIOSK\backend\.venv\Lib\site-packages\channels\auth.py", line 185, in __call__
    return await super().__call__(scope, receive, send)
           ^^^^^^^^^^^^^^^^^^^^^^^^^^^^^^^^^^^^^^^^^^^^
  File "D:\KIOSK\backend\.venv\Lib\site-packages\channels\middleware.py", line 24, in __call__
    return await self.inner(scope, receive, send)
           ^^^^^^^^^^^^^^^^^^^^^^^^^^^^^^^^^^^^^^
  File "D:\KIOSK\backend\.venv\Lib\site-packages\channels\routing.py", line 118, in __call__
    return await application(
           ^^^^^^^^^^^^^^^^^^
    ...<10 lines>...
    )
    ^
  File "D:\KIOSK\backend\.venv\Lib\site-packages\channels\consumer.py", line 95, in app
    return await consumer(scope, receive, send)
           ^^^^^^^^^^^^^^^^^^^^^^^^^^^^^^^^^^^^
  File "D:\KIOSK\backend\.venv\Lib\site-packages\channels\consumer.py", line 58, in __call__
    await await_many_dispatch(
        [receive, self.channel_receive], self.dispatch
    )
  File "D:\KIOSK\backend\.venv\Lib\site-packages\channels\utils.py", line 57, in await_many_dispatch
    await task
redis.exceptions.ConnectionError: Error while reading from 178.16.137.196:6379 : (10054, 'An existing connection was forcibly closed by the remote host', None, 10054, None)
2026-05-28 16:44:37,712 ERROR    Exception inside application: Error while reading from 178.16.137.196:6379 : (10054, 'An existing connection was forcibly closed by the remote host', None, 10054, None)
Traceback (most recent call last):
  File "D:\KIOSK\backend\.venv\Lib\site-packages\redis\asyncio\connection.py", line 607, in read_response
    response = await self._parser.read_response(
               ^^^^^^^^^^^^^^^^^^^^^^^^^^^^^^^^^
        disable_decoding=disable_decoding
        ^^^^^^^^^^^^^^^^^^^^^^^^^^^^^^^^^
    )
    ^
  File "D:\KIOSK\backend\.venv\Lib\site-packages\redis\_parsers\resp2.py", line 82, in read_response
    response = await self._read_response(disable_decoding=disable_decoding)
               ^^^^^^^^^^^^^^^^^^^^^^^^^^^^^^^^^^^^^^^^^^^^^^^^^^^^^^^^^^^^
  File "D:\KIOSK\backend\.venv\Lib\site-packages\redis\_parsers\resp2.py", line 90, in _read_response
    raw = await self._readline()
          ^^^^^^^^^^^^^^^^^^^^^^
  File "D:\KIOSK\backend\.venv\Lib\site-packages\redis\_parsers\base.py", line 468, in _readline
    data = await self._stream.readline()
           ^^^^^^^^^^^^^^^^^^^^^^^^^^^^^
  File "C:\Program Files\WindowsApps\PythonSoftwareFoundation.Python.3.13_3.13.3568.0_x64__qbz5n2kfra8p0\Lib\asyncio\streams.py", line 562, in readline
    line = await self.readuntil(sep)
           ^^^^^^^^^^^^^^^^^^^^^^^^^
  File "C:\Program Files\WindowsApps\PythonSoftwareFoundation.Python.3.13_3.13.3568.0_x64__qbz5n2kfra8p0\Lib\asyncio\streams.py", line 677, in readuntil
    await self._wait_for_data('readuntil')
  File "C:\Program Files\WindowsApps\PythonSoftwareFoundation.Python.3.13_3.13.3568.0_x64__qbz5n2kfra8p0\Lib\asyncio\streams.py", line 539, in _wait_for_data
    await self._waiter
  File "C:\Program Files\WindowsApps\PythonSoftwareFoundation.Python.3.13_3.13.3568.0_x64__qbz5n2kfra8p0\Lib\asyncio\selector_events.py", line 1009, in _read_ready__data_received
    data = self._sock.recv(self.max_size)
ConnectionResetError: [WinError 10054] An existing connection was forcibly closed by the remote host

During handling of the above exception, another exception occurred:

Traceback (most recent call last):
  File "D:\KIOSK\backend\.venv\Lib\site-packages\channels\routing.py", line 48, in __call__
    return await application(scope, receive, send)
           ^^^^^^^^^^^^^^^^^^^^^^^^^^^^^^^^^^^^^^^
  File "D:\KIOSK\backend\.venv\Lib\site-packages\channels\sessions.py", line 44, in __call__
    return await self.inner(dict(scope, cookies=cookies), receive, send)
           ^^^^^^^^^^^^^^^^^^^^^^^^^^^^^^^^^^^^^^^^^^^^^^^^^^^^^^^^^^^^^
  File "D:\KIOSK\backend\.venv\Lib\site-packages\channels\sessions.py", line 261, in __call__
    return await self.inner(wrapper.scope, receive, wrapper.send)
           ^^^^^^^^^^^^^^^^^^^^^^^^^^^^^^^^^^^^^^^^^^^^^^^^^^^^^^
  File "D:\KIOSK\backend\.venv\Lib\site-packages\channels\auth.py", line 185, in __call__
    return await super().__call__(scope, receive, send)
           ^^^^^^^^^^^^^^^^^^^^^^^^^^^^^^^^^^^^^^^^^^^^
  File "D:\KIOSK\backend\.venv\Lib\site-packages\channels\middleware.py", line 24, in __call__
    return await self.inner(scope, receive, send)
           ^^^^^^^^^^^^^^^^^^^^^^^^^^^^^^^^^^^^^^
  File "D:\KIOSK\backend\.venv\Lib\site-packages\channels\routing.py", line 118, in __call__
    return await application(
           ^^^^^^^^^^^^^^^^^^
    ...<10 lines>...
    )
    ^
  File "D:\KIOSK\backend\.venv\Lib\site-packages\channels\consumer.py", line 95, in app
    return await consumer(scope, receive, send)
           ^^^^^^^^^^^^^^^^^^^^^^^^^^^^^^^^^^^^
  File "D:\KIOSK\backend\.venv\Lib\site-packages\channels\consumer.py", line 58, in __call__
    await await_many_dispatch(
        [receive, self.channel_receive], self.dispatch
    )
  File "D:\KIOSK\backend\.venv\Lib\site-packages\channels\utils.py", line 57, in await_many_dispatch
    await task
redis.exceptions.ConnectionError: Error while reading from 178.16.137.196:6379 : (10054, 'An existing connection was forcibly closed by the remote host', None, 10054, None)
2026-05-28 16:44:51,731 ERROR    DashboardRealtimeConsumer post-accept setup failed
Traceback (most recent call last):
  File "D:\KIOSK\backend\.venv\Lib\site-packages\redis\asyncio\connection.py", line 543, in send_packed_command
    await self._writer.drain()
  File "C:\Program Files\WindowsApps\PythonSoftwareFoundation.Python.3.13_3.13.3568.0_x64__qbz5n2kfra8p0\Lib\asyncio\streams.py", line 374, in drain
    raise exc
  File "C:\Program Files\WindowsApps\PythonSoftwareFoundation.Python.3.13_3.13.3568.0_x64__qbz5n2kfra8p0\Lib\asyncio\selector_events.py", line 1009, in _read_ready__data_received
    data = self._sock.recv(self.max_size)
ConnectionResetError: [WinError 10054] An existing connection was forcibly closed by the remote host

The above exception was the direct cause of the following exception:

Traceback (most recent call last):
  File "D:\KIOSK\backend\kiosk_backend\Applications\consumers.py", line 928, in _post_accept_setup
    return
        ^^
  File "D:\KIOSK\backend\.venv\Lib\site-packages\channels_redis\core.py", line 493, in group_add
    await connection.zadd(group_key, {channel: time.time()})
  File "D:\KIOSK\backend\.venv\Lib\site-packages\redis\asyncio\client.py", line 725, in execute_command
    return await conn.retry.call_with_retry(
           ^^^^^^^^^^^^^^^^^^^^^^^^^^^^^^^^^
    ...<4 lines>...
    )
    ^
  File "D:\KIOSK\backend\.venv\Lib\site-packages\redis\asyncio\retry.py", line 55, in call_with_retry
    raise error
  File "D:\KIOSK\backend\.venv\Lib\site-packages\redis\asyncio\retry.py", line 50, in call_with_retry
    return await do()
           ^^^^^^^^^^
  File "D:\KIOSK\backend\.venv\Lib\site-packages\redis\asyncio\client.py", line 699, in _send_command_parse_response
    await conn.send_command(*args)
  File "D:\KIOSK\backend\.venv\Lib\site-packages\redis\asyncio\connection.py", line 567, in send_command
    await self.send_packed_command(
        self.pack_command(*args), check_health=kwargs.get("check_health", True)
    )
  File "D:\KIOSK\backend\.venv\Lib\site-packages\redis\asyncio\connection.py", line 554, in send_packed_command
    raise ConnectionError(
        f"Error {err_no} while writing to socket. {errmsg}."
    ) from e
redis.exceptions.ConnectionError: Error 10054 while writing to socket. An existing connection was forcibly closed by the remote host.
2026-05-28 16:46:01,139 ERROR    Exception inside application: Error while reading from 178.16.137.196:6379 : (10054, 'An existing connection was forcibly closed by the remote host', None, 10054, None)
Traceback (most recent call last):
  File "D:\KIOSK\backend\.venv\Lib\site-packages\redis\asyncio\connection.py", line 607, in read_response
    response = await self._parser.read_response(
               ^^^^^^^^^^^^^^^^^^^^^^^^^^^^^^^^^
        disable_decoding=disable_decoding
        ^^^^^^^^^^^^^^^^^^^^^^^^^^^^^^^^^
    )
    ^
  File "D:\KIOSK\backend\.venv\Lib\site-packages\redis\_parsers\resp2.py", line 82, in read_response
    response = await self._read_response(disable_decoding=disable_decoding)
               ^^^^^^^^^^^^^^^^^^^^^^^^^^^^^^^^^^^^^^^^^^^^^^^^^^^^^^^^^^^^
  File "D:\KIOSK\backend\.venv\Lib\site-packages\redis\_parsers\resp2.py", line 90, in _read_response
    raw = await self._readline()
          ^^^^^^^^^^^^^^^^^^^^^^
  File "D:\KIOSK\backend\.venv\Lib\site-packages\redis\_parsers\base.py", line 468, in _readline
    data = await self._stream.readline()
           ^^^^^^^^^^^^^^^^^^^^^^^^^^^^^
  File "C:\Program Files\WindowsApps\PythonSoftwareFoundation.Python.3.13_3.13.3568.0_x64__qbz5n2kfra8p0\Lib\asyncio\streams.py", line 562, in readline
    line = await self.readuntil(sep)
           ^^^^^^^^^^^^^^^^^^^^^^^^^
  File "C:\Program Files\WindowsApps\PythonSoftwareFoundation.Python.3.13_3.13.3568.0_x64__qbz5n2kfra8p0\Lib\asyncio\streams.py", line 677, in readuntil
    await self._wait_for_data('readuntil')
  File "C:\Program Files\WindowsApps\PythonSoftwareFoundation.Python.3.13_3.13.3568.0_x64__qbz5n2kfra8p0\Lib\asyncio\streams.py", line 539, in _wait_for_data
    await self._waiter
  File "C:\Program Files\WindowsApps\PythonSoftwareFoundation.Python.3.13_3.13.3568.0_x64__qbz5n2kfra8p0\Lib\asyncio\selector_events.py", line 1009, in _read_ready__data_received
    data = self._sock.recv(self.max_size)
ConnectionResetError: [WinError 10054] An existing connection was forcibly closed by the remote host

During handling of the above exception, another exception occurred:

Traceback (most recent call last):
  File "D:\KIOSK\backend\.venv\Lib\site-packages\channels\routing.py", line 48, in __call__
    return await application(scope, receive, send)
           ^^^^^^^^^^^^^^^^^^^^^^^^^^^^^^^^^^^^^^^
  File "D:\KIOSK\backend\.venv\Lib\site-packages\channels\sessions.py", line 44, in __call__
    return await self.inner(dict(scope, cookies=cookies), receive, send)
           ^^^^^^^^^^^^^^^^^^^^^^^^^^^^^^^^^^^^^^^^^^^^^^^^^^^^^^^^^^^^^
  File "D:\KIOSK\backend\.venv\Lib\site-packages\channels\sessions.py", line 261, in __call__
    return await self.inner(wrapper.scope, receive, wrapper.send)
           ^^^^^^^^^^^^^^^^^^^^^^^^^^^^^^^^^^^^^^^^^^^^^^^^^^^^^^
  File "D:\KIOSK\backend\.venv\Lib\site-packages\channels\auth.py", line 185, in __call__
    return await super().__call__(scope, receive, send)
           ^^^^^^^^^^^^^^^^^^^^^^^^^^^^^^^^^^^^^^^^^^^^
  File "D:\KIOSK\backend\.venv\Lib\site-packages\channels\middleware.py", line 24, in __call__
    return await self.inner(scope, receive, send)
           ^^^^^^^^^^^^^^^^^^^^^^^^^^^^^^^^^^^^^^
  File "D:\KIOSK\backend\.venv\Lib\site-packages\channels\routing.py", line 118, in __call__
    return await application(
           ^^^^^^^^^^^^^^^^^^
    ...<10 lines>...
    )
    ^
  File "D:\KIOSK\backend\.venv\Lib\site-packages\channels\consumer.py", line 95, in app
    return await consumer(scope, receive, send)
           ^^^^^^^^^^^^^^^^^^^^^^^^^^^^^^^^^^^^
  File "D:\KIOSK\backend\.venv\Lib\site-packages\channels\consumer.py", line 58, in __call__
    await await_many_dispatch(
        [receive, self.channel_receive], self.dispatch
    )
  File "D:\KIOSK\backend\.venv\Lib\site-packages\channels\utils.py", line 57, in await_many_dispatch
    await task
redis.exceptions.ConnectionError: Error while reading from 178.16.137.196:6379 : (10054, 'An existing connection was forcibly closed by the remote host', None, 10054, None)
2026-05-28 16:46:34,299 ERROR    Exception inside application: Error while reading from 178.16.137.196:6379 : (10054, 'An existing connection was forcibly closed by the remote host', None, 10054, None)
Traceback (most recent call last):
  File "D:\KIOSK\backend\.venv\Lib\site-packages\redis\asyncio\connection.py", line 607, in read_response
    response = await self._parser.read_response(
               ^^^^^^^^^^^^^^^^^^^^^^^^^^^^^^^^^
        disable_decoding=disable_decoding
        ^^^^^^^^^^^^^^^^^^^^^^^^^^^^^^^^^
    )
    ^
  File "D:\KIOSK\backend\.venv\Lib\site-packages\redis\_parsers\resp2.py", line 82, in read_response
    response = await self._read_response(disable_decoding=disable_decoding)
               ^^^^^^^^^^^^^^^^^^^^^^^^^^^^^^^^^^^^^^^^^^^^^^^^^^^^^^^^^^^^
  File "D:\KIOSK\backend\.venv\Lib\site-packages\redis\_parsers\resp2.py", line 90, in _read_response
    raw = await self._readline()
          ^^^^^^^^^^^^^^^^^^^^^^
  File "D:\KIOSK\backend\.venv\Lib\site-packages\redis\_parsers\base.py", line 468, in _readline
    data = await self._stream.readline()
           ^^^^^^^^^^^^^^^^^^^^^^^^^^^^^
  File "C:\Program Files\WindowsApps\PythonSoftwareFoundation.Python.3.13_3.13.3568.0_x64__qbz5n2kfra8p0\Lib\asyncio\streams.py", line 562, in readline
    line = await self.readuntil(sep)
           ^^^^^^^^^^^^^^^^^^^^^^^^^
  File "C:\Program Files\WindowsApps\PythonSoftwareFoundation.Python.3.13_3.13.3568.0_x64__qbz5n2kfra8p0\Lib\asyncio\streams.py", line 677, in readuntil
    await self._wait_for_data('readuntil')
  File "C:\Program Files\WindowsApps\PythonSoftwareFoundation.Python.3.13_3.13.3568.0_x64__qbz5n2kfra8p0\Lib\asyncio\streams.py", line 539, in _wait_for_data
    await self._waiter
  File "C:\Program Files\WindowsApps\PythonSoftwareFoundation.Python.3.13_3.13.3568.0_x64__qbz5n2kfra8p0\Lib\asyncio\selector_events.py", line 1009, in _read_ready__data_received
    data = self._sock.recv(self.max_size)
ConnectionResetError: [WinError 10054] An existing connection was forcibly closed by the remote host

During handling of the above exception, another exception occurred:

Traceback (most recent call last):
  File "D:\KIOSK\backend\.venv\Lib\site-packages\channels\routing.py", line 48, in __call__
    return await application(scope, receive, send)
           ^^^^^^^^^^^^^^^^^^^^^^^^^^^^^^^^^^^^^^^
  File "D:\KIOSK\backend\.venv\Lib\site-packages\channels\sessions.py", line 44, in __call__
    return await self.inner(dict(scope, cookies=cookies), receive, send)
           ^^^^^^^^^^^^^^^^^^^^^^^^^^^^^^^^^^^^^^^^^^^^^^^^^^^^^^^^^^^^^
  File "D:\KIOSK\backend\.venv\Lib\site-packages\channels\sessions.py", line 261, in __call__
    return await self.inner(wrapper.scope, receive, wrapper.send)
           ^^^^^^^^^^^^^^^^^^^^^^^^^^^^^^^^^^^^^^^^^^^^^^^^^^^^^^
  File "D:\KIOSK\backend\.venv\Lib\site-packages\channels\auth.py", line 185, in __call__
    return await super().__call__(scope, receive, send)
           ^^^^^^^^^^^^^^^^^^^^^^^^^^^^^^^^^^^^^^^^^^^^
  File "D:\KIOSK\backend\.venv\Lib\site-packages\channels\middleware.py", line 24, in __call__
    return await self.inner(scope, receive, send)
           ^^^^^^^^^^^^^^^^^^^^^^^^^^^^^^^^^^^^^^
  File "D:\KIOSK\backend\.venv\Lib\site-packages\channels\routing.py", line 118, in __call__
    return await application(
           ^^^^^^^^^^^^^^^^^^
    ...<10 lines>...
    )
    ^
  File "D:\KIOSK\backend\.venv\Lib\site-packages\channels\consumer.py", line 95, in app
    return await consumer(scope, receive, send)
           ^^^^^^^^^^^^^^^^^^^^^^^^^^^^^^^^^^^^
  File "D:\KIOSK\backend\.venv\Lib\site-packages\channels\consumer.py", line 58, in __call__
    await await_many_dispatch(
        [receive, self.channel_receive], self.dispatch
    )
  File "D:\KIOSK\backend\.venv\Lib\site-packages\channels\utils.py", line 57, in await_many_dispatch
    await task
redis.exceptions.ConnectionError: Error while reading from 178.16.137.196:6379 : (10054, 'An existing connection was forcibly closed by the remote host', None, 10054, None)
2026-05-28 16:46:37,404 ERROR    Exception inside application: connection to server at "38.242.216.156", port 5437 failed: No route to host (0x00002751/10065)
	Is the server running on that host and accepting TCP/IP connections?
Traceback (most recent call last):
  File "D:\KIOSK\backend\.venv\Lib\site-packages\django\contrib\sessions\backends\base.py", line 244, in _get_session
    return self._session_cache
           ^^^^^^^^^^^^^^^^^^^
AttributeError: 'SessionStore' object has no attribute '_session_cache'

During handling of the above exception, another exception occurred:

Traceback (most recent call last):
  File "D:\KIOSK\backend\.venv\Lib\site-packages\django\db\backends\base\base.py", line 279, in ensure_connection
    self.connect()
    ~~~~~~~~~~~~^^
  File "D:\KIOSK\backend\.venv\Lib\site-packages\django\utils\asyncio.py", line 26, in inner
    return func(*args, **kwargs)
  File "D:\KIOSK\backend\.venv\Lib\site-packages\django\db\backends\base\base.py", line 256, in connect
    self.connection = self.get_new_connection(conn_params)
                      ~~~~~~~~~~~~~~~~~~~~~~~^^^^^^^^^^^^^
  File "D:\KIOSK\backend\.venv\Lib\site-packages\django\utils\asyncio.py", line 26, in inner
    return func(*args, **kwargs)
  File "D:\KIOSK\backend\.venv\Lib\site-packages\django\db\backends\postgresql\base.py", line 332, in get_new_connection
    connection = self.Database.connect(**conn_params)
  File "D:\KIOSK\backend\.venv\Lib\site-packages\psycopg2\__init__.py", line 135, in connect
    conn = _connect(dsn, connection_factory=connection_factory, **kwasync)
psycopg2.OperationalError: connection to server at "38.242.216.156", port 5437 failed: No route to host (0x00002751/10065)
	Is the server running on that host and accepting TCP/IP connections?


The above exception was the direct cause of the following exception:

Traceback (most recent call last):
  File "D:\KIOSK\backend\.venv\Lib\site-packages\channels\routing.py", line 48, in __call__
    return await application(scope, receive, send)
           ^^^^^^^^^^^^^^^^^^^^^^^^^^^^^^^^^^^^^^^
  File "D:\KIOSK\backend\.venv\Lib\site-packages\channels\sessions.py", line 44, in __call__
    return await self.inner(dict(scope, cookies=cookies), receive, send)
           ^^^^^^^^^^^^^^^^^^^^^^^^^^^^^^^^^^^^^^^^^^^^^^^^^^^^^^^^^^^^^
  File "D:\KIOSK\backend\.venv\Lib\site-packages\channels\sessions.py", line 261, in __call__
    return await self.inner(wrapper.scope, receive, wrapper.send)
           ^^^^^^^^^^^^^^^^^^^^^^^^^^^^^^^^^^^^^^^^^^^^^^^^^^^^^^
  File "D:\KIOSK\backend\.venv\Lib\site-packages\channels\auth.py", line 183, in __call__
    await self.resolve_scope(scope)
  File "D:\KIOSK\backend\.venv\Lib\site-packages\channels\auth.py", line 176, in resolve_scope
    scope["user"]._wrapped = await get_user(scope)
                             ^^^^^^^^^^^^^^^^^^^^^
  File "D:\KIOSK\backend\.venv\Lib\site-packages\asgiref\sync.py", line 502, in __call__
    ret = await asyncio.shield(exec_coro)
          ^^^^^^^^^^^^^^^^^^^^^^^^^^^^^^^
  File "C:\Program Files\WindowsApps\PythonSoftwareFoundation.Python.3.13_3.13.3568.0_x64__qbz5n2kfra8p0\Lib\concurrent\futures\thread.py", line 59, in run
    result = self.fn(*self.args, **self.kwargs)
  File "D:\KIOSK\backend\.venv\Lib\site-packages\channels\db.py", line 13, in thread_handler
    return super().thread_handler(loop, *args, **kwargs)
           ~~~~~~~~~~~~~~~~~~~~~~^^^^^^^^^^^^^^^^^^^^^^^
  File "D:\KIOSK\backend\.venv\Lib\site-packages\asgiref\sync.py", line 556, in thread_handler
    return func(*args, **kwargs)
  File "D:\KIOSK\backend\.venv\Lib\site-packages\channels\auth.py", line 38, in get_user
    user_id = _get_user_session_key(session)
  File "D:\KIOSK\backend\.venv\Lib\site-packages\channels\auth.py", line 145, in _get_user_session_key
    return get_user_model()._meta.pk.to_python(session[SESSION_KEY])
                                               ~~~~~~~^^^^^^^^^^^^^
  File "D:\KIOSK\backend\.venv\Lib\site-packages\django\utils\functional.py", line 253, in inner
    return func(_wrapped, *args)
  File "D:\KIOSK\backend\.venv\Lib\site-packages\django\contrib\sessions\backends\base.py", line 55, in __getitem__
    return self._session[key]
           ^^^^^^^^^^^^^
  File "D:\KIOSK\backend\.venv\Lib\site-packages\django\contrib\sessions\backends\base.py", line 249, in _get_session
    self._session_cache = self.load()
                          ~~~~~~~~~^^
  File "D:\KIOSK\backend\.venv\Lib\site-packages\django\contrib\sessions\backends\db.py", line 55, in load
    s = self._get_session_from_db()
  File "D:\KIOSK\backend\.venv\Lib\site-packages\django\contrib\sessions\backends\db.py", line 34, in _get_session_from_db
    return self.model.objects.get(
           ~~~~~~~~~~~~~~~~~~~~~~^
        session_key=self.session_key, expire_date__gt=timezone.now()
        ^^^^^^^^^^^^^^^^^^^^^^^^^^^^^^^^^^^^^^^^^^^^^^^^^^^^^^^^^^^^
    )
    ^
  File "D:\KIOSK\backend\.venv\Lib\site-packages\django\db\models\manager.py", line 87, in manager_method
    return getattr(self.get_queryset(), name)(*args, **kwargs)
           ~~~~~~~~~~~~~~~~~~~~~~~~~~~~~~~~~~^^^^^^^^^^^^^^^^^
  File "D:\KIOSK\backend\.venv\Lib\site-packages\django\db\models\query.py", line 629, in get
    num = len(clone)
  File "D:\KIOSK\backend\.venv\Lib\site-packages\django\db\models\query.py", line 366, in __len__
    self._fetch_all()
    ~~~~~~~~~~~~~~~^^
  File "D:\KIOSK\backend\.venv\Lib\site-packages\django\db\models\query.py", line 1949, in _fetch_all
    self._result_cache = list(self._iterable_class(self))
                         ~~~~^^^^^^^^^^^^^^^^^^^^^^^^^^^^
  File "D:\KIOSK\backend\.venv\Lib\site-packages\django\db\models\query.py", line 91, in __iter__
    results = compiler.execute_sql(
        chunked_fetch=self.chunked_fetch, chunk_size=self.chunk_size
    )
  File "D:\KIOSK\backend\.venv\Lib\site-packages\django\db\models\sql\compiler.py", line 1621, in execute_sql
    cursor = self.connection.cursor()
  File "D:\KIOSK\backend\.venv\Lib\site-packages\django\utils\asyncio.py", line 26, in inner
    return func(*args, **kwargs)
  File "D:\KIOSK\backend\.venv\Lib\site-packages\django\db\backends\base\base.py", line 320, in cursor
    return self._cursor()
           ~~~~~~~~~~~~^^
  File "D:\KIOSK\backend\.venv\Lib\site-packages\django\db\backends\base\base.py", line 296, in _cursor
    self.ensure_connection()
    ~~~~~~~~~~~~~~~~~~~~~~^^
  File "D:\KIOSK\backend\.venv\Lib\site-packages\django\utils\asyncio.py", line 26, in inner
    return func(*args, **kwargs)
  File "D:\KIOSK\backend\.venv\Lib\site-packages\django\db\backends\base\base.py", line 278, in ensure_connection
    with self.wrap_database_errors:
         ^^^^^^^^^^^^^^^^^^^^^^^^^
  File "D:\KIOSK\backend\.venv\Lib\site-packages\django\db\utils.py", line 91, in __exit__
    raise dj_exc_value.with_traceback(traceback) from exc_value
  File "D:\KIOSK\backend\.venv\Lib\site-packages\django\db\backends\base\base.py", line 279, in ensure_connection
    self.connect()
    ~~~~~~~~~~~~^^
  File "D:\KIOSK\backend\.venv\Lib\site-packages\django\utils\asyncio.py", line 26, in inner
    return func(*args, **kwargs)
  File "D:\KIOSK\backend\.venv\Lib\site-packages\django\db\backends\base\base.py", line 256, in connect
    self.connection = self.get_new_connection(conn_params)
                      ~~~~~~~~~~~~~~~~~~~~~~~^^^^^^^^^^^^^
  File "D:\KIOSK\backend\.venv\Lib\site-packages\django\utils\asyncio.py", line 26, in inner
    return func(*args, **kwargs)
  File "D:\KIOSK\backend\.venv\Lib\site-packages\django\db\backends\postgresql\base.py", line 332, in get_new_connection
    connection = self.Database.connect(**conn_params)
  File "D:\KIOSK\backend\.venv\Lib\site-packages\psycopg2\__init__.py", line 135, in connect
    conn = _connect(dsn, connection_factory=connection_factory, **kwasync)
django.db.utils.OperationalError: connection to server at "38.242.216.156", port 5437 failed: No route to host (0x00002751/10065)
	Is the server running on that host and accepting TCP/IP connections?

2026-05-28 16:47:00,591 WARNING  Application instance <Task pending name='Task-16290' coro=<ProtocolTypeRouter.__call__() running at D:\KIOSK\backend\.venv\Lib\site-packages\channels\routing.py:48> wait_for=<Future pending cb=[shield.<locals>._outer_done_callback() at C:\Program Files\WindowsApps\PythonSoftwareFoundation.Python.3.13_3.13.3568.0_x64__qbz5n2kfra8p0\Lib\asyncio\tasks.py:975, Task.task_wakeup()]>> for connection <WebSocketProtocol client=['127.0.0.1', 56588] path=b'/ws/dashboards/2/'> took too long to shut down and was killed.
2026-05-28 16:47:21,838 ERROR    DashboardRealtimeConsumer post-accept setup failed
Traceback (most recent call last):
  File "D:\KIOSK\backend\.venv\Lib\site-packages\redis\asyncio\connection.py", line 543, in send_packed_command
    await self._writer.drain()
  File "C:\Program Files\WindowsApps\PythonSoftwareFoundation.Python.3.13_3.13.3568.0_x64__qbz5n2kfra8p0\Lib\asyncio\streams.py", line 374, in drain
    raise exc
  File "C:\Program Files\WindowsApps\PythonSoftwareFoundation.Python.3.13_3.13.3568.0_x64__qbz5n2kfra8p0\Lib\asyncio\selector_events.py", line 1009, in _read_ready__data_received
    data = self._sock.recv(self.max_size)
ConnectionResetError: [WinError 10054] An existing connection was forcibly closed by the remote host

The above exception was the direct cause of the following exception:

Traceback (most recent call last):
  File "D:\KIOSK\backend\kiosk_backend\Applications\consumers.py", line 928, in _post_accept_setup
    return
        ^^
  File "D:\KIOSK\backend\.venv\Lib\site-packages\channels_redis\core.py", line 493, in group_add
    await connection.zadd(group_key, {channel: time.time()})
  File "D:\KIOSK\backend\.venv\Lib\site-packages\redis\asyncio\client.py", line 725, in execute_command
    return await conn.retry.call_with_retry(
           ^^^^^^^^^^^^^^^^^^^^^^^^^^^^^^^^^
    ...<4 lines>...
    )
    ^
  File "D:\KIOSK\backend\.venv\Lib\site-packages\redis\asyncio\retry.py", line 55, in call_with_retry
    raise error
  File "D:\KIOSK\backend\.venv\Lib\site-packages\redis\asyncio\retry.py", line 50, in call_with_retry
    return await do()
           ^^^^^^^^^^
  File "D:\KIOSK\backend\.venv\Lib\site-packages\redis\asyncio\client.py", line 699, in _send_command_parse_response
    await conn.send_command(*args)
  File "D:\KIOSK\backend\.venv\Lib\site-packages\redis\asyncio\connection.py", line 567, in send_command
    await self.send_packed_command(
        self.pack_command(*args), check_health=kwargs.get("check_health", True)
    )
  File "D:\KIOSK\backend\.venv\Lib\site-packages\redis\asyncio\connection.py", line 554, in send_packed_command
    raise ConnectionError(
        f"Error {err_no} while writing to socket. {errmsg}."
    ) from e
redis.exceptions.ConnectionError: Error 10054 while writing to socket. An existing connection was forcibly closed by the remote host.
2026-05-28 16:59:01,204 ERROR    Exception inside application: Error while reading from 178.16.137.196:6379 : (10054, 'An existing connection was forcibly closed by the remote host', None, 10054, None)
Traceback (most recent call last):
  File "D:\KIOSK\backend\.venv\Lib\site-packages\redis\asyncio\connection.py", line 607, in read_response
    response = await self._parser.read_response(
               ^^^^^^^^^^^^^^^^^^^^^^^^^^^^^^^^^
        disable_decoding=disable_decoding
        ^^^^^^^^^^^^^^^^^^^^^^^^^^^^^^^^^
    )
    ^
  File "D:\KIOSK\backend\.venv\Lib\site-packages\redis\_parsers\resp2.py", line 82, in read_response
    response = await self._read_response(disable_decoding=disable_decoding)
               ^^^^^^^^^^^^^^^^^^^^^^^^^^^^^^^^^^^^^^^^^^^^^^^^^^^^^^^^^^^^
  File "D:\KIOSK\backend\.venv\Lib\site-packages\redis\_parsers\resp2.py", line 90, in _read_response
    raw = await self._readline()
          ^^^^^^^^^^^^^^^^^^^^^^
  File "D:\KIOSK\backend\.venv\Lib\site-packages\redis\_parsers\base.py", line 468, in _readline
    data = await self._stream.readline()
           ^^^^^^^^^^^^^^^^^^^^^^^^^^^^^
  File "C:\Program Files\WindowsApps\PythonSoftwareFoundation.Python.3.13_3.13.3568.0_x64__qbz5n2kfra8p0\Lib\asyncio\streams.py", line 562, in readline
    line = await self.readuntil(sep)
           ^^^^^^^^^^^^^^^^^^^^^^^^^
  File "C:\Program Files\WindowsApps\PythonSoftwareFoundation.Python.3.13_3.13.3568.0_x64__qbz5n2kfra8p0\Lib\asyncio\streams.py", line 677, in readuntil
    await self._wait_for_data('readuntil')
  File "C:\Program Files\WindowsApps\PythonSoftwareFoundation.Python.3.13_3.13.3568.0_x64__qbz5n2kfra8p0\Lib\asyncio\streams.py", line 539, in _wait_for_data
    await self._waiter
  File "C:\Program Files\WindowsApps\PythonSoftwareFoundation.Python.3.13_3.13.3568.0_x64__qbz5n2kfra8p0\Lib\asyncio\selector_events.py", line 1009, in _read_ready__data_received
    data = self._sock.recv(self.max_size)
ConnectionResetError: [WinError 10054] An existing connection was forcibly closed by the remote host

During handling of the above exception, another exception occurred:

Traceback (most recent call last):
  File "D:\KIOSK\backend\.venv\Lib\site-packages\channels\routing.py", line 48, in __call__
    return await application(scope, receive, send)
           ^^^^^^^^^^^^^^^^^^^^^^^^^^^^^^^^^^^^^^^
  File "D:\KIOSK\backend\.venv\Lib\site-packages\channels\sessions.py", line 44, in __call__
    return await self.inner(dict(scope, cookies=cookies), receive, send)
           ^^^^^^^^^^^^^^^^^^^^^^^^^^^^^^^^^^^^^^^^^^^^^^^^^^^^^^^^^^^^^
  File "D:\KIOSK\backend\.venv\Lib\site-packages\channels\sessions.py", line 261, in __call__
    return await self.inner(wrapper.scope, receive, wrapper.send)
           ^^^^^^^^^^^^^^^^^^^^^^^^^^^^^^^^^^^^^^^^^^^^^^^^^^^^^^
  File "D:\KIOSK\backend\.venv\Lib\site-packages\channels\auth.py", line 185, in __call__
    return await super().__call__(scope, receive, send)
           ^^^^^^^^^^^^^^^^^^^^^^^^^^^^^^^^^^^^^^^^^^^^
  File "D:\KIOSK\backend\.venv\Lib\site-packages\channels\middleware.py", line 24, in __call__
    return await self.inner(scope, receive, send)
           ^^^^^^^^^^^^^^^^^^^^^^^^^^^^^^^^^^^^^^
  File "D:\KIOSK\backend\.venv\Lib\site-packages\channels\routing.py", line 118, in __call__
    return await application(
           ^^^^^^^^^^^^^^^^^^
    ...<10 lines>...
    )
    ^
  File "D:\KIOSK\backend\.venv\Lib\site-packages\channels\consumer.py", line 95, in app
    return await consumer(scope, receive, send)
           ^^^^^^^^^^^^^^^^^^^^^^^^^^^^^^^^^^^^
  File "D:\KIOSK\backend\.venv\Lib\site-packages\channels\consumer.py", line 58, in __call__
    await await_many_dispatch(
        [receive, self.channel_receive], self.dispatch
    )
  File "D:\KIOSK\backend\.venv\Lib\site-packages\channels\utils.py", line 57, in await_many_dispatch
    await task
redis.exceptions.ConnectionError: Error while reading from 178.16.137.196:6379 : (10054, 'An existing connection was forcibly closed by the remote host', None, 10054, None)
2026-05-28 17:23:09,985 ERROR    Exception inside application: Error while reading from 178.16.137.196:6379 : (10054, 'An existing connection was forcibly closed by the remote host', None, 10054, None)
Traceback (most recent call last):
  File "D:\KIOSK\backend\.venv\Lib\site-packages\redis\asyncio\connection.py", line 607, in read_response
    response = await self._parser.read_response(
               ^^^^^^^^^^^^^^^^^^^^^^^^^^^^^^^^^
        disable_decoding=disable_decoding
        ^^^^^^^^^^^^^^^^^^^^^^^^^^^^^^^^^
    )
    ^
  File "D:\KIOSK\backend\.venv\Lib\site-packages\redis\_parsers\resp2.py", line 82, in read_response
    response = await self._read_response(disable_decoding=disable_decoding)
               ^^^^^^^^^^^^^^^^^^^^^^^^^^^^^^^^^^^^^^^^^^^^^^^^^^^^^^^^^^^^
  File "D:\KIOSK\backend\.venv\Lib\site-packages\redis\_parsers\resp2.py", line 90, in _read_response
    raw = await self._readline()
          ^^^^^^^^^^^^^^^^^^^^^^
  File "D:\KIOSK\backend\.venv\Lib\site-packages\redis\_parsers\base.py", line 468, in _readline
    data = await self._stream.readline()
           ^^^^^^^^^^^^^^^^^^^^^^^^^^^^^
  File "C:\Program Files\WindowsApps\PythonSoftwareFoundation.Python.3.13_3.13.3568.0_x64__qbz5n2kfra8p0\Lib\asyncio\streams.py", line 562, in readline
    line = await self.readuntil(sep)
           ^^^^^^^^^^^^^^^^^^^^^^^^^
  File "C:\Program Files\WindowsApps\PythonSoftwareFoundation.Python.3.13_3.13.3568.0_x64__qbz5n2kfra8p0\Lib\asyncio\streams.py", line 677, in readuntil
    await self._wait_for_data('readuntil')
  File "C:\Program Files\WindowsApps\PythonSoftwareFoundation.Python.3.13_3.13.3568.0_x64__qbz5n2kfra8p0\Lib\asyncio\streams.py", line 539, in _wait_for_data
    await self._waiter
  File "C:\Program Files\WindowsApps\PythonSoftwareFoundation.Python.3.13_3.13.3568.0_x64__qbz5n2kfra8p0\Lib\asyncio\selector_events.py", line 1009, in _read_ready__data_received
    data = self._sock.recv(self.max_size)
ConnectionResetError: [WinError 10054] An existing connection was forcibly closed by the remote host

During handling of the above exception, another exception occurred:

Traceback (most recent call last):
  File "D:\KIOSK\backend\.venv\Lib\site-packages\channels\routing.py", line 48, in __call__
    return await application(scope, receive, send)
           ^^^^^^^^^^^^^^^^^^^^^^^^^^^^^^^^^^^^^^^
  File "D:\KIOSK\backend\.venv\Lib\site-packages\channels\sessions.py", line 44, in __call__
    return await self.inner(dict(scope, cookies=cookies), receive, send)
           ^^^^^^^^^^^^^^^^^^^^^^^^^^^^^^^^^^^^^^^^^^^^^^^^^^^^^^^^^^^^^
  File "D:\KIOSK\backend\.venv\Lib\site-packages\channels\sessions.py", line 261, in __call__
    return await self.inner(wrapper.scope, receive, wrapper.send)
           ^^^^^^^^^^^^^^^^^^^^^^^^^^^^^^^^^^^^^^^^^^^^^^^^^^^^^^
  File "D:\KIOSK\backend\.venv\Lib\site-packages\channels\auth.py", line 185, in __call__
    return await super().__call__(scope, receive, send)
           ^^^^^^^^^^^^^^^^^^^^^^^^^^^^^^^^^^^^^^^^^^^^
  File "D:\KIOSK\backend\.venv\Lib\site-packages\channels\middleware.py", line 24, in __call__
    return await self.inner(scope, receive, send)
           ^^^^^^^^^^^^^^^^^^^^^^^^^^^^^^^^^^^^^^
  File "D:\KIOSK\backend\.venv\Lib\site-packages\channels\routing.py", line 118, in __call__
    return await application(
           ^^^^^^^^^^^^^^^^^^
    ...<10 lines>...
    )
    ^
  File "D:\KIOSK\backend\.venv\Lib\site-packages\channels\consumer.py", line 95, in app
    return await consumer(scope, receive, send)
           ^^^^^^^^^^^^^^^^^^^^^^^^^^^^^^^^^^^^
  File "D:\KIOSK\backend\.venv\Lib\site-packages\channels\consumer.py", line 58, in __call__
    await await_many_dispatch(
        [receive, self.channel_receive], self.dispatch
    )
  File "D:\KIOSK\backend\.venv\Lib\site-packages\channels\utils.py", line 57, in await_many_dispatch
    await task
redis.exceptions.ConnectionError: Error while reading from 178.16.137.196:6379 : (10054, 'An existing connection was forcibly closed by the remote host', None, 10054, None)
2026-05-28 17:23:36,151 ERROR    DashboardRealtimeConsumer post-accept setup failed
Traceback (most recent call last):
  File "D:\KIOSK\backend\.venv\Lib\site-packages\redis\asyncio\connection.py", line 543, in send_packed_command
    await self._writer.drain()
  File "C:\Program Files\WindowsApps\PythonSoftwareFoundation.Python.3.13_3.13.3568.0_x64__qbz5n2kfra8p0\Lib\asyncio\streams.py", line 374, in drain
    raise exc
  File "C:\Program Files\WindowsApps\PythonSoftwareFoundation.Python.3.13_3.13.3568.0_x64__qbz5n2kfra8p0\Lib\asyncio\selector_events.py", line 1009, in _read_ready__data_received
    data = self._sock.recv(self.max_size)
ConnectionResetError: [WinError 10054] An existing connection was forcibly closed by the remote host

The above exception was the direct cause of the following exception:

Traceback (most recent call last):
  File "D:\KIOSK\backend\kiosk_backend\Applications\consumers.py", line 928, in _post_accept_setup
    return
        ^^
  File "D:\KIOSK\backend\.venv\Lib\site-packages\channels_redis\core.py", line 493, in group_add
    await connection.zadd(group_key, {channel: time.time()})
  File "D:\KIOSK\backend\.venv\Lib\site-packages\redis\asyncio\client.py", line 725, in execute_command
    return await conn.retry.call_with_retry(
           ^^^^^^^^^^^^^^^^^^^^^^^^^^^^^^^^^
    ...<4 lines>...
    )
    ^
  File "D:\KIOSK\backend\.venv\Lib\site-packages\redis\asyncio\retry.py", line 55, in call_with_retry
    raise error
  File "D:\KIOSK\backend\.venv\Lib\site-packages\redis\asyncio\retry.py", line 50, in call_with_retry
    return await do()
           ^^^^^^^^^^
  File "D:\KIOSK\backend\.venv\Lib\site-packages\redis\asyncio\client.py", line 699, in _send_command_parse_response
    await conn.send_command(*args)
  File "D:\KIOSK\backend\.venv\Lib\site-packages\redis\asyncio\connection.py", line 567, in send_command
    await self.send_packed_command(
        self.pack_command(*args), check_health=kwargs.get("check_health", True)
    )
  File "D:\KIOSK\backend\.venv\Lib\site-packages\redis\asyncio\connection.py", line 554, in send_packed_command
    raise ConnectionError(
        f"Error {err_no} while writing to socket. {errmsg}."
    ) from e
redis.exceptions.ConnectionError: Error 10054 while writing to socket. An existing connection was forcibly closed by the remote host.
2026-05-28 17:32:52,126 ERROR    Exception inside application: Error while reading from 178.16.137.196:6379 : (10054, 'An existing connection was forcibly closed by the remote host', None, 10054, None)
Traceback (most recent call last):
  File "D:\KIOSK\backend\.venv\Lib\site-packages\redis\asyncio\connection.py", line 607, in read_response
    response = await self._parser.read_response(
               ^^^^^^^^^^^^^^^^^^^^^^^^^^^^^^^^^
        disable_decoding=disable_decoding
        ^^^^^^^^^^^^^^^^^^^^^^^^^^^^^^^^^
    )
    ^
  File "D:\KIOSK\backend\.venv\Lib\site-packages\redis\_parsers\resp2.py", line 82, in read_response
    response = await self._read_response(disable_decoding=disable_decoding)
               ^^^^^^^^^^^^^^^^^^^^^^^^^^^^^^^^^^^^^^^^^^^^^^^^^^^^^^^^^^^^
  File "D:\KIOSK\backend\.venv\Lib\site-packages\redis\_parsers\resp2.py", line 90, in _read_response
    raw = await self._readline()
          ^^^^^^^^^^^^^^^^^^^^^^
  File "D:\KIOSK\backend\.venv\Lib\site-packages\redis\_parsers\base.py", line 468, in _readline
    data = await self._stream.readline()
           ^^^^^^^^^^^^^^^^^^^^^^^^^^^^^
  File "C:\Program Files\WindowsApps\PythonSoftwareFoundation.Python.3.13_3.13.3568.0_x64__qbz5n2kfra8p0\Lib\asyncio\streams.py", line 562, in readline
    line = await self.readuntil(sep)
           ^^^^^^^^^^^^^^^^^^^^^^^^^
  File "C:\Program Files\WindowsApps\PythonSoftwareFoundation.Python.3.13_3.13.3568.0_x64__qbz5n2kfra8p0\Lib\asyncio\streams.py", line 677, in readuntil
    await self._wait_for_data('readuntil')
  File "C:\Program Files\WindowsApps\PythonSoftwareFoundation.Python.3.13_3.13.3568.0_x64__qbz5n2kfra8p0\Lib\asyncio\streams.py", line 539, in _wait_for_data
    await self._waiter
  File "C:\Program Files\WindowsApps\PythonSoftwareFoundation.Python.3.13_3.13.3568.0_x64__qbz5n2kfra8p0\Lib\asyncio\selector_events.py", line 1009, in _read_ready__data_received
    data = self._sock.recv(self.max_size)
ConnectionResetError: [WinError 10054] An existing connection was forcibly closed by the remote host

During handling of the above exception, another exception occurred:

Traceback (most recent call last):
  File "D:\KIOSK\backend\.venv\Lib\site-packages\channels\routing.py", line 48, in __call__
    return await application(scope, receive, send)
           ^^^^^^^^^^^^^^^^^^^^^^^^^^^^^^^^^^^^^^^
  File "D:\KIOSK\backend\.venv\Lib\site-packages\channels\sessions.py", line 44, in __call__
    return await self.inner(dict(scope, cookies=cookies), receive, send)
           ^^^^^^^^^^^^^^^^^^^^^^^^^^^^^^^^^^^^^^^^^^^^^^^^^^^^^^^^^^^^^
  File "D:\KIOSK\backend\.venv\Lib\site-packages\channels\sessions.py", line 261, in __call__
    return await self.inner(wrapper.scope, receive, wrapper.send)
           ^^^^^^^^^^^^^^^^^^^^^^^^^^^^^^^^^^^^^^^^^^^^^^^^^^^^^^
  File "D:\KIOSK\backend\.venv\Lib\site-packages\channels\auth.py", line 185, in __call__
    return await super().__call__(scope, receive, send)
           ^^^^^^^^^^^^^^^^^^^^^^^^^^^^^^^^^^^^^^^^^^^^
  File "D:\KIOSK\backend\.venv\Lib\site-packages\channels\middleware.py", line 24, in __call__
    return await self.inner(scope, receive, send)
           ^^^^^^^^^^^^^^^^^^^^^^^^^^^^^^^^^^^^^^
  File "D:\KIOSK\backend\.venv\Lib\site-packages\channels\routing.py", line 118, in __call__
    return await application(
           ^^^^^^^^^^^^^^^^^^
    ...<10 lines>...
    )
    ^
  File "D:\KIOSK\backend\.venv\Lib\site-packages\channels\consumer.py", line 95, in app
    return await consumer(scope, receive, send)
           ^^^^^^^^^^^^^^^^^^^^^^^^^^^^^^^^^^^^
  File "D:\KIOSK\backend\.venv\Lib\site-packages\channels\consumer.py", line 58, in __call__
    await await_many_dispatch(
        [receive, self.channel_receive], self.dispatch
    )
  File "D:\KIOSK\backend\.venv\Lib\site-packages\channels\utils.py", line 57, in await_many_dispatch
    await task
redis.exceptions.ConnectionError: Error while reading from 178.16.137.196:6379 : (10054, 'An existing connection was forcibly closed by the remote host', None, 10054, None)
2026-05-28 21:51:34,004 WARNING  Application instance <Task pending name='Task-16325' coro=<ProtocolTypeRouter.__call__() running at D:\KIOSK\backend\.venv\Lib\site-packages\channels\routing.py:48> wait_for=<Future pending cb=[Task.task_wakeup()]>> for connection <WebSocketProtocol client=['127.0.0.1', 63197] path=b'/ws/dashboards/2/'> took too long to shut down and was killed.
2026-05-29 13:41:48,890 WARNING  Application instance <Task pending name='Task-23606' coro=<ProtocolTypeRouter.__call__() running at D:\KIOSK\backend\.venv\Lib\site-packages\channels\routing.py:48> wait_for=<Future pending cb=[shield.<locals>._outer_done_callback() at C:\Program Files\WindowsApps\PythonSoftwareFoundation.Python.3.13_3.13.3568.0_x64__qbz5n2kfra8p0\Lib\asyncio\tasks.py:975, Task.task_wakeup()]>> for connection <WebSocketProtocol client=['127.0.0.1', 50628] path=b'/ws/dashboards/2/'> took too long to shut down and was killed.
2026-05-29 13:41:51,915 WARNING  Application instance <Task pending name='Task-23634' coro=<ProtocolTypeRouter.__call__() running at D:\KIOSK\backend\.venv\Lib\site-packages\channels\routing.py:48> wait_for=<Future pending cb=[shield.<locals>._outer_done_callback() at C:\Program Files\WindowsApps\PythonSoftwareFoundation.Python.3.13_3.13.3568.0_x64__qbz5n2kfra8p0\Lib\asyncio\tasks.py:975, Task.task_wakeup()]>> for connection <WebSocketProtocol client=['127.0.0.1', 50644] path=b'/ws/dashboards/2/'> took too long to shut down and was killed.
2026-05-29 13:42:02,991 WARNING  Application instance <Task pending name='Task-23675' coro=<ProtocolTypeRouter.__call__() running at D:\KIOSK\backend\.venv\Lib\site-packages\channels\routing.py:48> wait_for=<Future pending cb=[shield.<locals>._outer_done_callback() at C:\Program Files\WindowsApps\PythonSoftwareFoundation.Python.3.13_3.13.3568.0_x64__qbz5n2kfra8p0\Lib\asyncio\tasks.py:975, Task.task_wakeup()]>> for connection <WebSocketProtocol client=['127.0.0.1', 50666] path=b'/ws/dashboards/2/'> took too long to shut down and was killed.
2026-05-29 13:42:09,056 WARNING  Application instance <Task pending name='Task-23691' coro=<ProtocolTypeRouter.__call__() running at D:\KIOSK\backend\.venv\Lib\site-packages\channels\routing.py:48> wait_for=<Future pending cb=[shield.<locals>._outer_done_callback() at C:\Program Files\WindowsApps\PythonSoftwareFoundation.Python.3.13_3.13.3568.0_x64__qbz5n2kfra8p0\Lib\asyncio\tasks.py:975, Task.task_wakeup()]>> for connection <WebSocketProtocol client=['127.0.0.1', 50676] path=b'/ws/dashboards/2/'> took too long to shut down and was killed.
2026-05-29 13:42:18,135 WARNING  Application instance <Task pending name='Task-23725' coro=<ProtocolTypeRouter.__call__() running at D:\KIOSK\backend\.venv\Lib\site-packages\channels\routing.py:48> wait_for=<Future pending cb=[shield.<locals>._outer_done_callback() at C:\Program Files\WindowsApps\PythonSoftwareFoundation.Python.3.13_3.13.3568.0_x64__qbz5n2kfra8p0\Lib\asyncio\tasks.py:975, Task.task_wakeup()]>> for connection <WebSocketProtocol client=['127.0.0.1', 50689] path=b'/ws/dashboards/2/'> took too long to shut down and was killed.
2026-05-29 14:45:05,403 WARNING  Application instance <Task pending name='Task-25949' coro=<ProtocolTypeRouter.__call__() running at D:\KIOSK\backend\.venv\Lib\site-packages\channels\routing.py:48> wait_for=<Future pending cb=[shield.<locals>._outer_done_callback() at C:\Program Files\WindowsApps\PythonSoftwareFoundation.Python.3.13_3.13.3568.0_x64__qbz5n2kfra8p0\Lib\asyncio\tasks.py:975, Task.task_wakeup()]>> for connection <WebSocketProtocol client=['127.0.0.1', 52706] path=b'/ws/dashboards/2/'> took too long to shut down and was killed.
2026-05-29 14:45:27,527 WARNING  Application instance <Task pending name='Task-26083' coro=<ProtocolTypeRouter.__call__() running at D:\KIOSK\backend\.venv\Lib\site-packages\channels\routing.py:48> wait_for=<Future pending cb=[shield.<locals>._outer_done_callback() at C:\Program Files\WindowsApps\PythonSoftwareFoundation.Python.3.13_3.13.3568.0_x64__qbz5n2kfra8p0\Lib\asyncio\tasks.py:975, Task.task_wakeup()]>> for connection <WebSocketProtocol client=['127.0.0.1', 52767] path=b'/ws/dashboards/2/'> took too long to shut down and was killed.
2026-05-29 14:45:29,543 WARNING  Application instance <Task pending name='Task-26088' coro=<ProtocolTypeRouter.__call__() running at D:\KIOSK\backend\.venv\Lib\site-packages\channels\routing.py:48> wait_for=<Future pending cb=[shield.<locals>._outer_done_callback() at C:\Program Files\WindowsApps\PythonSoftwareFoundation.Python.3.13_3.13.3568.0_x64__qbz5n2kfra8p0\Lib\asyncio\tasks.py:975, Task.task_wakeup()]>> for connection <WebSocketProtocol client=['127.0.0.1', 52777] path=b'/ws/dashboards/2/'> took too long to shut down and was killed.
2026-05-29 14:45:34,582 WARNING  Application instance <Task pending name='Task-26114' coro=<ProtocolTypeRouter.__call__() running at D:\KIOSK\backend\.venv\Lib\site-packages\channels\routing.py:48> wait_for=<Future pending cb=[shield.<locals>._outer_done_callback() at C:\Program Files\WindowsApps\PythonSoftwareFoundation.Python.3.13_3.13.3568.0_x64__qbz5n2kfra8p0\Lib\asyncio\tasks.py:975, Task.task_wakeup()]>> for connection <WebSocketProtocol client=['127.0.0.1', 52789] path=b'/ws/dashboards/2/'> took too long to shut down and was killed.
2026-05-29 14:45:35,589 WARNING  Application instance <Task pending name='Task-26130' coro=<ProtocolTypeRouter.__call__() running at D:\KIOSK\backend\.venv\Lib\site-packages\channels\routing.py:48> wait_for=<Future pending cb=[shield.<locals>._outer_done_callback() at C:\Program Files\WindowsApps\PythonSoftwareFoundation.Python.3.13_3.13.3568.0_x64__qbz5n2kfra8p0\Lib\asyncio\tasks.py:975, Task.task_wakeup()]>> for connection <WebSocketProtocol client=['127.0.0.1', 52803] path=b'/ws/dashboards/2/'> took too long to shut down and was killed.
2026-05-29 14:45:40,627 WARNING  Application instance <Task pending name='Task-26160' coro=<ProtocolTypeRouter.__call__() running at D:\KIOSK\backend\.venv\Lib\site-packages\channels\routing.py:48> wait_for=<Future pending cb=[Task.task_wakeup()]>> for connection <WebSocketProtocol client=['127.0.0.1', 52811] path=b'/ws/dashboards/2/'> took too long to shut down and was killed.
2026-05-29 14:45:42,642 WARNING  Application instance <Task pending name='Task-26165' coro=<ProtocolTypeRouter.__call__() running at D:\KIOSK\backend\.venv\Lib\site-packages\channels\routing.py:48> wait_for=<Future pending cb=[shield.<locals>._outer_done_callback() at C:\Program Files\WindowsApps\PythonSoftwareFoundation.Python.3.13_3.13.3568.0_x64__qbz5n2kfra8p0\Lib\asyncio\tasks.py:975, Task.task_wakeup()]>> for connection <WebSocketProtocol client=['127.0.0.1', 52820] path=b'/ws/dashboards/2/'> took too long to shut down and was killed.
2026-05-29 14:45:47,675 WARNING  Application instance <Task pending name='Task-26191' coro=<ProtocolTypeRouter.__call__() running at D:\KIOSK\backend\.venv\Lib\site-packages\channels\routing.py:48> wait_for=<Future pending cb=[Task.task_wakeup()]>> for connection <WebSocketProtocol client=['127.0.0.1', 52830] path=b'/ws/dashboards/2/'> took too long to shut down and was killed.
2026-05-29 14:45:53,709 WARNING  Application instance <Task pending name='Task-26207' coro=<ProtocolTypeRouter.__call__() running at D:\KIOSK\backend\.venv\Lib\site-packages\channels\routing.py:48> wait_for=<Future pending cb=[shield.<locals>._outer_done_callback() at C:\Program Files\WindowsApps\PythonSoftwareFoundation.Python.3.13_3.13.3568.0_x64__qbz5n2kfra8p0\Lib\asyncio\tasks.py:975, Task.task_wakeup()]>> for connection <WebSocketProtocol client=['127.0.0.1', 52842] path=b'/ws/dashboards/2/'> took too long to shut down and was killed.
2026-05-29 14:46:00,764 WARNING  Application instance <Task pending name='Task-26244' coro=<ProtocolTypeRouter.__call__() running at D:\KIOSK\backend\.venv\Lib\site-packages\channels\routing.py:48> wait_for=<Future pending cb=[shield.<locals>._outer_done_callback() at C:\Program Files\WindowsApps\PythonSoftwareFoundation.Python.3.13_3.13.3568.0_x64__qbz5n2kfra8p0\Lib\asyncio\tasks.py:975, Task.task_wakeup()]>> for connection <WebSocketProtocol client=['127.0.0.1', 52860] path=b'/ws/dashboards/2/'> took too long to shut down and was killed.
2026-05-29 14:46:09,825 WARNING  Application instance <Task pending name='Task-26267' coro=<ProtocolTypeRouter.__call__() running at D:\KIOSK\backend\.venv\Lib\site-packages\channels\routing.py:48> wait_for=<Future pending cb=[shield.<locals>._outer_done_callback() at C:\Program Files\WindowsApps\PythonSoftwareFoundation.Python.3.13_3.13.3568.0_x64__qbz5n2kfra8p0\Lib\asyncio\tasks.py:975, Task.task_wakeup()]>> for connection <WebSocketProtocol client=['127.0.0.1', 52877] path=b'/ws/dashboards/2/'> took too long to shut down and was killed.
2026-05-29 14:46:22,904 WARNING  Application instance <Task pending name='Task-26279' coro=<ProtocolTypeRouter.__call__() running at D:\KIOSK\backend\.venv\Lib\site-packages\channels\routing.py:48> wait_for=<Future pending cb=[shield.<locals>._outer_done_callback() at C:\Program Files\WindowsApps\PythonSoftwareFoundation.Python.3.13_3.13.3568.0_x64__qbz5n2kfra8p0\Lib\asyncio\tasks.py:975, Task.task_wakeup()]>> for connection <WebSocketProtocol client=['127.0.0.1', 52887] path=b'/ws/dashboards/2/'> took too long to shut down and was killed.
2026-05-29 16:23:01,046 ERROR    Exception inside application: Error while reading from 178.16.137.196:6379 : (10054, 'An existing connection was forcibly closed by the remote host', None, 10054, None)
Traceback (most recent call last):
  File "D:\KIOSK\backend\.venv\Lib\site-packages\redis\asyncio\connection.py", line 607, in read_response
    response = await self._parser.read_response(
               ^^^^^^^^^^^^^^^^^^^^^^^^^^^^^^^^^
        disable_decoding=disable_decoding
        ^^^^^^^^^^^^^^^^^^^^^^^^^^^^^^^^^
    )
    ^
  File "D:\KIOSK\backend\.venv\Lib\site-packages\redis\_parsers\resp2.py", line 82, in read_response
    response = await self._read_response(disable_decoding=disable_decoding)
               ^^^^^^^^^^^^^^^^^^^^^^^^^^^^^^^^^^^^^^^^^^^^^^^^^^^^^^^^^^^^
  File "D:\KIOSK\backend\.venv\Lib\site-packages\redis\_parsers\resp2.py", line 90, in _read_response
    raw = await self._readline()
          ^^^^^^^^^^^^^^^^^^^^^^
  File "D:\KIOSK\backend\.venv\Lib\site-packages\redis\_parsers\base.py", line 468, in _readline
    data = await self._stream.readline()
           ^^^^^^^^^^^^^^^^^^^^^^^^^^^^^
  File "C:\Program Files\WindowsApps\PythonSoftwareFoundation.Python.3.13_3.13.3568.0_x64__qbz5n2kfra8p0\Lib\asyncio\streams.py", line 562, in readline
    line = await self.readuntil(sep)
           ^^^^^^^^^^^^^^^^^^^^^^^^^
  File "C:\Program Files\WindowsApps\PythonSoftwareFoundation.Python.3.13_3.13.3568.0_x64__qbz5n2kfra8p0\Lib\asyncio\streams.py", line 677, in readuntil
    await self._wait_for_data('readuntil')
  File "C:\Program Files\WindowsApps\PythonSoftwareFoundation.Python.3.13_3.13.3568.0_x64__qbz5n2kfra8p0\Lib\asyncio\streams.py", line 539, in _wait_for_data
    await self._waiter
  File "C:\Program Files\WindowsApps\PythonSoftwareFoundation.Python.3.13_3.13.3568.0_x64__qbz5n2kfra8p0\Lib\asyncio\selector_events.py", line 1009, in _read_ready__data_received
    data = self._sock.recv(self.max_size)
ConnectionResetError: [WinError 10054] An existing connection was forcibly closed by the remote host

During handling of the above exception, another exception occurred:

Traceback (most recent call last):
  File "D:\KIOSK\backend\.venv\Lib\site-packages\channels\routing.py", line 48, in __call__
    return await application(scope, receive, send)
           ^^^^^^^^^^^^^^^^^^^^^^^^^^^^^^^^^^^^^^^
  File "D:\KIOSK\backend\.venv\Lib\site-packages\channels\sessions.py", line 44, in __call__
    return await self.inner(dict(scope, cookies=cookies), receive, send)
           ^^^^^^^^^^^^^^^^^^^^^^^^^^^^^^^^^^^^^^^^^^^^^^^^^^^^^^^^^^^^^
  File "D:\KIOSK\backend\.venv\Lib\site-packages\channels\sessions.py", line 261, in __call__
    return await self.inner(wrapper.scope, receive, wrapper.send)
           ^^^^^^^^^^^^^^^^^^^^^^^^^^^^^^^^^^^^^^^^^^^^^^^^^^^^^^
  File "D:\KIOSK\backend\.venv\Lib\site-packages\channels\auth.py", line 185, in __call__
    return await super().__call__(scope, receive, send)
           ^^^^^^^^^^^^^^^^^^^^^^^^^^^^^^^^^^^^^^^^^^^^
  File "D:\KIOSK\backend\.venv\Lib\site-packages\channels\middleware.py", line 24, in __call__
    return await self.inner(scope, receive, send)
           ^^^^^^^^^^^^^^^^^^^^^^^^^^^^^^^^^^^^^^
  File "D:\KIOSK\backend\.venv\Lib\site-packages\channels\routing.py", line 118, in __call__
    return await application(
           ^^^^^^^^^^^^^^^^^^
    ...<10 lines>...
    )
    ^
  File "D:\KIOSK\backend\.venv\Lib\site-packages\channels\consumer.py", line 95, in app
    return await consumer(scope, receive, send)
           ^^^^^^^^^^^^^^^^^^^^^^^^^^^^^^^^^^^^
  File "D:\KIOSK\backend\.venv\Lib\site-packages\channels\consumer.py", line 58, in __call__
    await await_many_dispatch(
        [receive, self.channel_receive], self.dispatch
    )
  File "D:\KIOSK\backend\.venv\Lib\site-packages\channels\utils.py", line 57, in await_many_dispatch
    await task
redis.exceptions.ConnectionError: Error while reading from 178.16.137.196:6379 : (10054, 'An existing connection was forcibly closed by the remote host', None, 10054, None)
2026-05-29 16:23:07,117 WARNING  Application instance <Task pending name='Task-26294' coro=<ProtocolTypeRouter.__call__() running at D:\KIOSK\backend\.venv\Lib\site-packages\channels\routing.py:48> wait_for=<Future pending cb=[Task.task_wakeup()]>> for connection <WebSocketProtocol client=['127.0.0.1', 52906] path=b'/ws/dashboards/2/'> took too long to shut down and was killed.
2026-05-29 16:23:12,129 WARNING  Application instance <Task pending name='Task-27978' coro=<ProtocolTypeRouter.__call__() running at D:\KIOSK\backend\.venv\Lib\site-packages\channels\routing.py:48> wait_for=<Future pending cb=[shield.<locals>._outer_done_callback() at C:\Program Files\WindowsApps\PythonSoftwareFoundation.Python.3.13_3.13.3568.0_x64__qbz5n2kfra8p0\Lib\asyncio\tasks.py:975, Task.task_wakeup()]>> for connection <WebSocketProtocol client=['127.0.0.1', 55143] path=b'/ws/dashboards/2/'> took too long to shut down and was killed.
2026-05-29 16:23:17,160 WARNING  Application instance <Task pending name='Task-27997' coro=<ProtocolTypeRouter.__call__() running at D:\KIOSK\backend\.venv\Lib\site-packages\channels\routing.py:48> wait_for=<Future pending cb=[shield.<locals>._outer_done_callback() at C:\Program Files\WindowsApps\PythonSoftwareFoundation.Python.3.13_3.13.3568.0_x64__qbz5n2kfra8p0\Lib\asyncio\tasks.py:975, Task.task_wakeup()]>> for connection <WebSocketProtocol client=['127.0.0.1', 55153] path=b'/ws/applications/a4ec5a29e9d067f7e8eac3a25a10faf2/'> took too long to shut down and was killed.
2026-05-29 16:23:22,192 WARNING  Application instance <Task pending name='Task-27998' coro=<ProtocolTypeRouter.__call__() running at D:\KIOSK\backend\.venv\Lib\site-packages\channels\routing.py:48> wait_for=<Future pending cb=[shield.<locals>._outer_done_callback() at C:\Program Files\WindowsApps\PythonSoftwareFoundation.Python.3.13_3.13.3568.0_x64__qbz5n2kfra8p0\Lib\asyncio\tasks.py:975, Task.task_wakeup()]>> for connection <WebSocketProtocol client=['127.0.0.1', 55156] path=b'/ws/dashboards/2/'> took too long to shut down and was killed.
2026-05-29 16:23:27,207 WARNING  Application instance <Task pending name='Task-27999' coro=<ProtocolTypeRouter.__call__() running at D:\KIOSK\backend\.venv\Lib\site-packages\channels\routing.py:48> wait_for=<Future pending cb=[shield.<locals>._outer_done_callback() at C:\Program Files\WindowsApps\PythonSoftwareFoundation.Python.3.13_3.13.3568.0_x64__qbz5n2kfra8p0\Lib\asyncio\tasks.py:975, Task.task_wakeup()]>> for connection <WebSocketProtocol client=['127.0.0.1', 55172] path=b'/ws/applications/a4ec5a29e9d067f7e8eac3a25a10faf2/'> took too long to shut down and was killed.
2026-05-29 16:23:32,240 WARNING  Application instance <Task pending name='Task-28000' coro=<ProtocolTypeRouter.__call__() running at D:\KIOSK\backend\.venv\Lib\site-packages\channels\routing.py:48> wait_for=<Future pending cb=[shield.<locals>._outer_done_callback() at C:\Program Files\WindowsApps\PythonSoftwareFoundation.Python.3.13_3.13.3568.0_x64__qbz5n2kfra8p0\Lib\asyncio\tasks.py:975, Task.task_wakeup()]>> for connection <WebSocketProtocol client=['127.0.0.1', 55191] path=b'/ws/dashboards/2/'> took too long to shut down and was killed.
2026-05-29 16:23:37,281 WARNING  Application instance <Task pending name='Task-28006' coro=<ProtocolTypeRouter.__call__() running at D:\KIOSK\backend\.venv\Lib\site-packages\channels\routing.py:48> wait_for=<Future pending cb=[shield.<locals>._outer_done_callback() at C:\Program Files\WindowsApps\PythonSoftwareFoundation.Python.3.13_3.13.3568.0_x64__qbz5n2kfra8p0\Lib\asyncio\tasks.py:975, Task.task_wakeup()]>> for connection <WebSocketProtocol client=['127.0.0.1', 55210] path=b'/ws/applications/a4ec5a29e9d067f7e8eac3a25a10faf2/'> took too long to shut down and was killed.
2026-05-29 16:23:42,306 WARNING  Application instance <Task pending name='Task-28007' coro=<ProtocolTypeRouter.__call__() running at D:\KIOSK\backend\.venv\Lib\site-packages\channels\routing.py:48> wait_for=<Future pending cb=[shield.<locals>._outer_done_callback() at C:\Program Files\WindowsApps\PythonSoftwareFoundation.Python.3.13_3.13.3568.0_x64__qbz5n2kfra8p0\Lib\asyncio\tasks.py:975, Task.task_wakeup()]>> for connection <WebSocketProtocol client=['127.0.0.1', 55235] path=b'/ws/dashboards/2/'> took too long to shut down and was killed.
2026-05-29 16:23:49,376 WARNING  Application instance <Task pending name='Task-28008' coro=<ProtocolTypeRouter.__call__() running at D:\KIOSK\backend\.venv\Lib\site-packages\channels\routing.py:48> wait_for=<Future pending cb=[shield.<locals>._outer_done_callback() at C:\Program Files\WindowsApps\PythonSoftwareFoundation.Python.3.13_3.13.3568.0_x64__qbz5n2kfra8p0\Lib\asyncio\tasks.py:975, Task.task_wakeup()]>> for connection <WebSocketProtocol client=['127.0.0.1', 55285] path=b'/ws/applications/a4ec5a29e9d067f7e8eac3a25a10faf2/'> took too long to shut down and was killed.
2026-05-29 16:23:54,401 WARNING  Application instance <Task pending name='Task-28009' coro=<ProtocolTypeRouter.__call__() running at D:\KIOSK\backend\.venv\Lib\site-packages\channels\routing.py:48> wait_for=<Future pending cb=[shield.<locals>._outer_done_callback() at C:\Program Files\WindowsApps\PythonSoftwareFoundation.Python.3.13_3.13.3568.0_x64__qbz5n2kfra8p0\Lib\asyncio\tasks.py:975, Task.task_wakeup()]>> for connection <WebSocketProtocol client=['127.0.0.1', 55295] path=b'/ws/dashboards/2/'> took too long to shut down and was killed.
2026-05-29 16:24:10,546 WARNING  Application instance <Task pending name='Task-28010' coro=<ProtocolTypeRouter.__call__() running at D:\KIOSK\backend\.venv\Lib\site-packages\channels\routing.py:48> wait_for=<Future pending cb=[shield.<locals>._outer_done_callback() at C:\Program Files\WindowsApps\PythonSoftwareFoundation.Python.3.13_3.13.3568.0_x64__qbz5n2kfra8p0\Lib\asyncio\tasks.py:975, Task.task_wakeup()]>> for connection <WebSocketProtocol client=['127.0.0.1', 55339] path=b'/ws/applications/a4ec5a29e9d067f7e8eac3a25a10faf2/'> took too long to shut down and was killed.
2026-05-29 16:24:15,601 WARNING  Application instance <Task pending name='Task-28011' coro=<ProtocolTypeRouter.__call__() running at D:\KIOSK\backend\.venv\Lib\site-packages\channels\routing.py:48> wait_for=<Future pending cb=[shield.<locals>._outer_done_callback() at C:\Program Files\WindowsApps\PythonSoftwareFoundation.Python.3.13_3.13.3568.0_x64__qbz5n2kfra8p0\Lib\asyncio\tasks.py:975, Task.task_wakeup()]>> for connection <WebSocketProtocol client=['127.0.0.1', 55355] path=b'/ws/dashboards/2/'> took too long to shut down and was killed.
Internal Server Error: /applications/dashboard-components/
Traceback (most recent call last):
  File "D:\KIOSK\backend\.venv\Lib\site-packages\django\db\backends\base\base.py", line 279, in ensure_connection
    self.connect()
    ~~~~~~~~~~~~^^
  File "D:\KIOSK\backend\.venv\Lib\site-packages\django\utils\asyncio.py", line 26, in inner
    return func(*args, **kwargs)
  File "D:\KIOSK\backend\.venv\Lib\site-packages\django\db\backends\base\base.py", line 256, in connect
    self.connection = self.get_new_connection(conn_params)
                      ~~~~~~~~~~~~~~~~~~~~~~~^^^^^^^^^^^^^
  File "D:\KIOSK\backend\.venv\Lib\site-packages\django\utils\asyncio.py", line 26, in inner
    return func(*args, **kwargs)
  File "D:\KIOSK\backend\.venv\Lib\site-packages\django\db\backends\postgresql\base.py", line 332, in get_new_connection
    connection = self.Database.connect(**conn_params)
  File "D:\KIOSK\backend\.venv\Lib\site-packages\psycopg2\__init__.py", line 135, in connect
    conn = _connect(dsn, connection_factory=connection_factory, **kwasync)
psycopg2.OperationalError: connection to server at "38.242.216.156", port 5437 failed: Connection timed out (0x0000274C/10060)
	Is the server running on that host and accepting TCP/IP connections?


The above exception was the direct cause of the following exception:

Traceback (most recent call last):
  File "D:\KIOSK\backend\.venv\Lib\site-packages\asgiref\sync.py", line 552, in thread_handler
    raise exc_info[1]
  File "D:\KIOSK\backend\.venv\Lib\site-packages\django\core\handlers\exception.py", line 42, in inner
    response = await get_response(request)
               ^^^^^^^^^^^^^^^^^^^^^^^^^^^
  File "D:\KIOSK\backend\.venv\Lib\site-packages\asgiref\sync.py", line 552, in thread_handler
    raise exc_info[1]
  File "D:\KIOSK\backend\.venv\Lib\site-packages\django\core\handlers\base.py", line 253, in _get_response_async
    response = await wrapped_callback(
               ^^^^^^^^^^^^^^^^^^^^^^^
        request, *callback_args, **callback_kwargs
        ^^^^^^^^^^^^^^^^^^^^^^^^^^^^^^^^^^^^^^^^^^
    )
    ^
  File "D:\KIOSK\backend\.venv\Lib\site-packages\asgiref\sync.py", line 502, in __call__
    ret = await asyncio.shield(exec_coro)
          ^^^^^^^^^^^^^^^^^^^^^^^^^^^^^^^
  File "D:\KIOSK\backend\.venv\Lib\site-packages\asgiref\current_thread_executor.py", line 40, in run
    result = self.fn(*self.args, **self.kwargs)
  File "D:\KIOSK\backend\.venv\Lib\site-packages\asgiref\sync.py", line 556, in thread_handler
    return func(*args, **kwargs)
  File "D:\KIOSK\backend\.venv\Lib\site-packages\django\views\decorators\csrf.py", line 65, in _view_wrapper
    return view_func(request, *args, **kwargs)
  File "D:\KIOSK\backend\.venv\Lib\site-packages\rest_framework\viewsets.py", line 125, in view
    return self.dispatch(request, *args, **kwargs)
           ~~~~~~~~~~~~~^^^^^^^^^^^^^^^^^^^^^^^^^^
  File "D:\KIOSK\backend\.venv\Lib\site-packages\rest_framework\views.py", line 515, in dispatch
    response = self.handle_exception(exc)
  File "D:\KIOSK\backend\.venv\Lib\site-packages\rest_framework\views.py", line 475, in handle_exception
    self.raise_uncaught_exception(exc)
    ~~~~~~~~~~~~~~~~~~~~~~~~~~~~~^^^^^
  File "D:\KIOSK\backend\.venv\Lib\site-packages\rest_framework\views.py", line 486, in raise_uncaught_exception
    raise exc
  File "D:\KIOSK\backend\.venv\Lib\site-packages\rest_framework\views.py", line 503, in dispatch
    self.initial(request, *args, **kwargs)
    ~~~~~~~~~~~~^^^^^^^^^^^^^^^^^^^^^^^^^^
  File "D:\KIOSK\backend\.venv\Lib\site-packages\rest_framework\views.py", line 420, in initial
    self.perform_authentication(request)
    ~~~~~~~~~~~~~~~~~~~~~~~~~~~^^^^^^^^^
  File "D:\KIOSK\backend\.venv\Lib\site-packages\rest_framework\views.py", line 330, in perform_authentication
    request.user
  File "D:\KIOSK\backend\.venv\Lib\site-packages\rest_framework\request.py", line 232, in user
    self._authenticate()
    ~~~~~~~~~~~~~~~~~~^^
  File "D:\KIOSK\backend\.venv\Lib\site-packages\rest_framework\request.py", line 385, in _authenticate
    user_auth_tuple = authenticator.authenticate(self)
  File "D:\KIOSK\backend\.venv\Lib\site-packages\rest_framework_simplejwt\authentication.py", line 51, in authenticate
    return self.get_user(validated_token), validated_token
           ~~~~~~~~~~~~~^^^^^^^^^^^^^^^^^
  File "D:\KIOSK\backend\.venv\Lib\site-packages\rest_framework_simplejwt\authentication.py", line 132, in get_user
    user = self.user_model.objects.get(**{api_settings.USER_ID_FIELD: user_id})
  File "D:\KIOSK\backend\.venv\Lib\site-packages\django\db\models\manager.py", line 87, in manager_method
    return getattr(self.get_queryset(), name)(*args, **kwargs)
           ~~~~~~~~~~~~~~~~~~~~~~~~~~~~~~~~~~^^^^^^^^^^^^^^^^^
  File "D:\KIOSK\backend\.venv\Lib\site-packages\django\db\models\query.py", line 629, in get
    num = len(clone)
  File "D:\KIOSK\backend\.venv\Lib\site-packages\django\db\models\query.py", line 366, in __len__
    self._fetch_all()
    ~~~~~~~~~~~~~~~^^
  File "D:\KIOSK\backend\.venv\Lib\site-packages\django\db\models\query.py", line 1949, in _fetch_all
    self._result_cache = list(self._iterable_class(self))
                         ~~~~^^^^^^^^^^^^^^^^^^^^^^^^^^^^
  File "D:\KIOSK\backend\.venv\Lib\site-packages\django\db\models\query.py", line 91, in __iter__
    results = compiler.execute_sql(
        chunked_fetch=self.chunked_fetch, chunk_size=self.chunk_size
    )
  File "D:\KIOSK\backend\.venv\Lib\site-packages\django\db\models\sql\compiler.py", line 1621, in execute_sql
    cursor = self.connection.cursor()
  File "D:\KIOSK\backend\.venv\Lib\site-packages\django\utils\asyncio.py", line 26, in inner
    return func(*args, **kwargs)
  File "D:\KIOSK\backend\.venv\Lib\site-packages\django\db\backends\base\base.py", line 320, in cursor
    return self._cursor()
           ~~~~~~~~~~~~^^
  File "D:\KIOSK\backend\.venv\Lib\site-packages\django\db\backends\base\base.py", line 296, in _cursor
    self.ensure_connection()
    ~~~~~~~~~~~~~~~~~~~~~~^^
  File "D:\KIOSK\backend\.venv\Lib\site-packages\django\utils\asyncio.py", line 26, in inner
    return func(*args, **kwargs)
  File "D:\KIOSK\backend\.venv\Lib\site-packages\django\db\backends\base\base.py", line 278, in ensure_connection
    with self.wrap_database_errors:
         ^^^^^^^^^^^^^^^^^^^^^^^^^
  File "D:\KIOSK\backend\.venv\Lib\site-packages\django\db\utils.py", line 91, in __exit__
    raise dj_exc_value.with_traceback(traceback) from exc_value
  File "D:\KIOSK\backend\.venv\Lib\site-packages\django\db\backends\base\base.py", line 279, in ensure_connection
    self.connect()
    ~~~~~~~~~~~~^^
  File "D:\KIOSK\backend\.venv\Lib\site-packages\django\utils\asyncio.py", line 26, in inner
    return func(*args, **kwargs)
  File "D:\KIOSK\backend\.venv\Lib\site-packages\django\db\backends\base\base.py", line 256, in connect
    self.connection = self.get_new_connection(conn_params)
                      ~~~~~~~~~~~~~~~~~~~~~~~^^^^^^^^^^^^^
  File "D:\KIOSK\backend\.venv\Lib\site-packages\django\utils\asyncio.py", line 26, in inner
    return func(*args, **kwargs)
  File "D:\KIOSK\backend\.venv\Lib\site-packages\django\db\backends\postgresql\base.py", line 332, in get_new_connection
    connection = self.Database.connect(**conn_params)
  File "D:\KIOSK\backend\.venv\Lib\site-packages\psycopg2\__init__.py", line 135, in connect
    conn = _connect(dsn, connection_factory=connection_factory, **kwasync)
django.db.utils.OperationalError: connection to server at "38.242.216.156", port 5437 failed: Connection timed out (0x0000274C/10060)
	Is the server running on that host and accepting TCP/IP connections?

2026-05-29 16:24:34,070 ERROR    Internal Server Error: /applications/dashboard-components/
Traceback (most recent call last):
  File "D:\KIOSK\backend\.venv\Lib\site-packages\django\db\backends\base\base.py", line 279, in ensure_connection
    self.connect()
    ~~~~~~~~~~~~^^
  File "D:\KIOSK\backend\.venv\Lib\site-packages\django\utils\asyncio.py", line 26, in inner
    return func(*args, **kwargs)
  File "D:\KIOSK\backend\.venv\Lib\site-packages\django\db\backends\base\base.py", line 256, in connect
    self.connection = self.get_new_connection(conn_params)
                      ~~~~~~~~~~~~~~~~~~~~~~~^^^^^^^^^^^^^
  File "D:\KIOSK\backend\.venv\Lib\site-packages\django\utils\asyncio.py", line 26, in inner
    return func(*args, **kwargs)
  File "D:\KIOSK\backend\.venv\Lib\site-packages\django\db\backends\postgresql\base.py", line 332, in get_new_connection
    connection = self.Database.connect(**conn_params)
  File "D:\KIOSK\backend\.venv\Lib\site-packages\psycopg2\__init__.py", line 135, in connect
    conn = _connect(dsn, connection_factory=connection_factory, **kwasync)
psycopg2.OperationalError: connection to server at "38.242.216.156", port 5437 failed: Connection timed out (0x0000274C/10060)
	Is the server running on that host and accepting TCP/IP connections?


The above exception was the direct cause of the following exception:

Traceback (most recent call last):
  File "D:\KIOSK\backend\.venv\Lib\site-packages\asgiref\sync.py", line 552, in thread_handler
    raise exc_info[1]
  File "D:\KIOSK\backend\.venv\Lib\site-packages\django\core\handlers\exception.py", line 42, in inner
    response = await get_response(request)
               ^^^^^^^^^^^^^^^^^^^^^^^^^^^
  File "D:\KIOSK\backend\.venv\Lib\site-packages\asgiref\sync.py", line 552, in thread_handler
    raise exc_info[1]
  File "D:\KIOSK\backend\.venv\Lib\site-packages\django\core\handlers\base.py", line 253, in _get_response_async
    response = await wrapped_callback(
               ^^^^^^^^^^^^^^^^^^^^^^^
        request, *callback_args, **callback_kwargs
        ^^^^^^^^^^^^^^^^^^^^^^^^^^^^^^^^^^^^^^^^^^
    )
    ^
  File "D:\KIOSK\backend\.venv\Lib\site-packages\asgiref\sync.py", line 502, in __call__
    ret = await asyncio.shield(exec_coro)
          ^^^^^^^^^^^^^^^^^^^^^^^^^^^^^^^
  File "D:\KIOSK\backend\.venv\Lib\site-packages\asgiref\current_thread_executor.py", line 40, in run
    result = self.fn(*self.args, **self.kwargs)
  File "D:\KIOSK\backend\.venv\Lib\site-packages\asgiref\sync.py", line 556, in thread_handler
    return func(*args, **kwargs)
  File "D:\KIOSK\backend\.venv\Lib\site-packages\django\views\decorators\csrf.py", line 65, in _view_wrapper
    return view_func(request, *args, **kwargs)
  File "D:\KIOSK\backend\.venv\Lib\site-packages\rest_framework\viewsets.py", line 125, in view
    return self.dispatch(request, *args, **kwargs)
           ~~~~~~~~~~~~~^^^^^^^^^^^^^^^^^^^^^^^^^^
  File "D:\KIOSK\backend\.venv\Lib\site-packages\rest_framework\views.py", line 515, in dispatch
    response = self.handle_exception(exc)
  File "D:\KIOSK\backend\.venv\Lib\site-packages\rest_framework\views.py", line 475, in handle_exception
    self.raise_uncaught_exception(exc)
    ~~~~~~~~~~~~~~~~~~~~~~~~~~~~~^^^^^
  File "D:\KIOSK\backend\.venv\Lib\site-packages\rest_framework\views.py", line 486, in raise_uncaught_exception
    raise exc
  File "D:\KIOSK\backend\.venv\Lib\site-packages\rest_framework\views.py", line 503, in dispatch
    self.initial(request, *args, **kwargs)
    ~~~~~~~~~~~~^^^^^^^^^^^^^^^^^^^^^^^^^^
  File "D:\KIOSK\backend\.venv\Lib\site-packages\rest_framework\views.py", line 420, in initial
    self.perform_authentication(request)
    ~~~~~~~~~~~~~~~~~~~~~~~~~~~^^^^^^^^^
  File "D:\KIOSK\backend\.venv\Lib\site-packages\rest_framework\views.py", line 330, in perform_authentication
    request.user
  File "D:\KIOSK\backend\.venv\Lib\site-packages\rest_framework\request.py", line 232, in user
    self._authenticate()
    ~~~~~~~~~~~~~~~~~~^^
  File "D:\KIOSK\backend\.venv\Lib\site-packages\rest_framework\request.py", line 385, in _authenticate
    user_auth_tuple = authenticator.authenticate(self)
  File "D:\KIOSK\backend\.venv\Lib\site-packages\rest_framework_simplejwt\authentication.py", line 51, in authenticate
    return self.get_user(validated_token), validated_token
           ~~~~~~~~~~~~~^^^^^^^^^^^^^^^^^
  File "D:\KIOSK\backend\.venv\Lib\site-packages\rest_framework_simplejwt\authentication.py", line 132, in get_user
    user = self.user_model.objects.get(**{api_settings.USER_ID_FIELD: user_id})
  File "D:\KIOSK\backend\.venv\Lib\site-packages\django\db\models\manager.py", line 87, in manager_method
    return getattr(self.get_queryset(), name)(*args, **kwargs)
           ~~~~~~~~~~~~~~~~~~~~~~~~~~~~~~~~~~^^^^^^^^^^^^^^^^^
  File "D:\KIOSK\backend\.venv\Lib\site-packages\django\db\models\query.py", line 629, in get
    num = len(clone)
  File "D:\KIOSK\backend\.venv\Lib\site-packages\django\db\models\query.py", line 366, in __len__
    self._fetch_all()
    ~~~~~~~~~~~~~~~^^
  File "D:\KIOSK\backend\.venv\Lib\site-packages\django\db\models\query.py", line 1949, in _fetch_all
    self._result_cache = list(self._iterable_class(self))
                         ~~~~^^^^^^^^^^^^^^^^^^^^^^^^^^^^
  File "D:\KIOSK\backend\.venv\Lib\site-packages\django\db\models\query.py", line 91, in __iter__
    results = compiler.execute_sql(
        chunked_fetch=self.chunked_fetch, chunk_size=self.chunk_size
    )
  File "D:\KIOSK\backend\.venv\Lib\site-packages\django\db\models\sql\compiler.py", line 1621, in execute_sql
    cursor = self.connection.cursor()
  File "D:\KIOSK\backend\.venv\Lib\site-packages\django\utils\asyncio.py", line 26, in inner
    return func(*args, **kwargs)
  File "D:\KIOSK\backend\.venv\Lib\site-packages\django\db\backends\base\base.py", line 320, in cursor
    return self._cursor()
           ~~~~~~~~~~~~^^
  File "D:\KIOSK\backend\.venv\Lib\site-packages\django\db\backends\base\base.py", line 296, in _cursor
    self.ensure_connection()
    ~~~~~~~~~~~~~~~~~~~~~~^^
  File "D:\KIOSK\backend\.venv\Lib\site-packages\django\utils\asyncio.py", line 26, in inner
    return func(*args, **kwargs)
  File "D:\KIOSK\backend\.venv\Lib\site-packages\django\db\backends\base\base.py", line 278, in ensure_connection
    with self.wrap_database_errors:
         ^^^^^^^^^^^^^^^^^^^^^^^^^
  File "D:\KIOSK\backend\.venv\Lib\site-packages\django\db\utils.py", line 91, in __exit__
    raise dj_exc_value.with_traceback(traceback) from exc_value
  File "D:\KIOSK\backend\.venv\Lib\site-packages\django\db\backends\base\base.py", line 279, in ensure_connection
    self.connect()
    ~~~~~~~~~~~~^^
  File "D:\KIOSK\backend\.venv\Lib\site-packages\django\utils\asyncio.py", line 26, in inner
    return func(*args, **kwargs)
  File "D:\KIOSK\backend\.venv\Lib\site-packages\django\db\backends\base\base.py", line 256, in connect
    self.connection = self.get_new_connection(conn_params)
                      ~~~~~~~~~~~~~~~~~~~~~~~^^^^^^^^^^^^^
  File "D:\KIOSK\backend\.venv\Lib\site-packages\django\utils\asyncio.py", line 26, in inner
    return func(*args, **kwargs)
  File "D:\KIOSK\backend\.venv\Lib\site-packages\django\db\backends\postgresql\base.py", line 332, in get_new_connection
    connection = self.Database.connect(**conn_params)
  File "D:\KIOSK\backend\.venv\Lib\site-packages\psycopg2\__init__.py", line 135, in connect
    conn = _connect(dsn, connection_factory=connection_factory, **kwasync)
django.db.utils.OperationalError: connection to server at "38.242.216.156", port 5437 failed: Connection timed out (0x0000274C/10060)
	Is the server running on that host and accepting TCP/IP connections?

Internal Server Error: /applications/dashboards/2/
Traceback (most recent call last):
  File "D:\KIOSK\backend\.venv\Lib\site-packages\django\db\backends\base\base.py", line 279, in ensure_connection
    self.connect()
    ~~~~~~~~~~~~^^
  File "D:\KIOSK\backend\.venv\Lib\site-packages\django\utils\asyncio.py", line 26, in inner
    return func(*args, **kwargs)
  File "D:\KIOSK\backend\.venv\Lib\site-packages\django\db\backends\base\base.py", line 256, in connect
    self.connection = self.get_new_connection(conn_params)
                      ~~~~~~~~~~~~~~~~~~~~~~~^^^^^^^^^^^^^
  File "D:\KIOSK\backend\.venv\Lib\site-packages\django\utils\asyncio.py", line 26, in inner
    return func(*args, **kwargs)
  File "D:\KIOSK\backend\.venv\Lib\site-packages\django\db\backends\postgresql\base.py", line 332, in get_new_connection
    connection = self.Database.connect(**conn_params)
  File "D:\KIOSK\backend\.venv\Lib\site-packages\psycopg2\__init__.py", line 135, in connect
    conn = _connect(dsn, connection_factory=connection_factory, **kwasync)
psycopg2.OperationalError: connection to server at "38.242.216.156", port 5437 failed: Connection timed out (0x0000274C/10060)
	Is the server running on that host and accepting TCP/IP connections?


The above exception was the direct cause of the following exception:

Traceback (most recent call last):
  File "D:\KIOSK\backend\.venv\Lib\site-packages\asgiref\sync.py", line 552, in thread_handler
    raise exc_info[1]
  File "D:\KIOSK\backend\.venv\Lib\site-packages\django\core\handlers\exception.py", line 42, in inner
    response = await get_response(request)
               ^^^^^^^^^^^^^^^^^^^^^^^^^^^
  File "D:\KIOSK\backend\.venv\Lib\site-packages\asgiref\sync.py", line 552, in thread_handler
    raise exc_info[1]
  File "D:\KIOSK\backend\.venv\Lib\site-packages\django\core\handlers\base.py", line 253, in _get_response_async
    response = await wrapped_callback(
               ^^^^^^^^^^^^^^^^^^^^^^^
        request, *callback_args, **callback_kwargs
        ^^^^^^^^^^^^^^^^^^^^^^^^^^^^^^^^^^^^^^^^^^
    )
    ^
  File "D:\KIOSK\backend\.venv\Lib\site-packages\asgiref\sync.py", line 502, in __call__
    ret = await asyncio.shield(exec_coro)
          ^^^^^^^^^^^^^^^^^^^^^^^^^^^^^^^
  File "D:\KIOSK\backend\.venv\Lib\site-packages\asgiref\current_thread_executor.py", line 40, in run
    result = self.fn(*self.args, **self.kwargs)
  File "D:\KIOSK\backend\.venv\Lib\site-packages\asgiref\sync.py", line 556, in thread_handler
    return func(*args, **kwargs)
  File "D:\KIOSK\backend\.venv\Lib\site-packages\django\views\decorators\csrf.py", line 65, in _view_wrapper
    return view_func(request, *args, **kwargs)
  File "D:\KIOSK\backend\.venv\Lib\site-packages\rest_framework\viewsets.py", line 125, in view
    return self.dispatch(request, *args, **kwargs)
           ~~~~~~~~~~~~~^^^^^^^^^^^^^^^^^^^^^^^^^^
  File "D:\KIOSK\backend\.venv\Lib\site-packages\rest_framework\views.py", line 515, in dispatch
    response = self.handle_exception(exc)
  File "D:\KIOSK\backend\.venv\Lib\site-packages\rest_framework\views.py", line 475, in handle_exception
    self.raise_uncaught_exception(exc)
    ~~~~~~~~~~~~~~~~~~~~~~~~~~~~~^^^^^
  File "D:\KIOSK\backend\.venv\Lib\site-packages\rest_framework\views.py", line 486, in raise_uncaught_exception
    raise exc
  File "D:\KIOSK\backend\.venv\Lib\site-packages\rest_framework\views.py", line 503, in dispatch
    self.initial(request, *args, **kwargs)
    ~~~~~~~~~~~~^^^^^^^^^^^^^^^^^^^^^^^^^^
  File "D:\KIOSK\backend\.venv\Lib\site-packages\rest_framework\views.py", line 420, in initial
    self.perform_authentication(request)
    ~~~~~~~~~~~~~~~~~~~~~~~~~~~^^^^^^^^^
  File "D:\KIOSK\backend\.venv\Lib\site-packages\rest_framework\views.py", line 330, in perform_authentication
    request.user
  File "D:\KIOSK\backend\.venv\Lib\site-packages\rest_framework\request.py", line 232, in user
    self._authenticate()
    ~~~~~~~~~~~~~~~~~~^^
  File "D:\KIOSK\backend\.venv\Lib\site-packages\rest_framework\request.py", line 385, in _authenticate
    user_auth_tuple = authenticator.authenticate(self)
  File "D:\KIOSK\backend\.venv\Lib\site-packages\rest_framework_simplejwt\authentication.py", line 51, in authenticate
    return self.get_user(validated_token), validated_token
           ~~~~~~~~~~~~~^^^^^^^^^^^^^^^^^
  File "D:\KIOSK\backend\.venv\Lib\site-packages\rest_framework_simplejwt\authentication.py", line 132, in get_user
    user = self.user_model.objects.get(**{api_settings.USER_ID_FIELD: user_id})
  File "D:\KIOSK\backend\.venv\Lib\site-packages\django\db\models\manager.py", line 87, in manager_method
    return getattr(self.get_queryset(), name)(*args, **kwargs)
           ~~~~~~~~~~~~~~~~~~~~~~~~~~~~~~~~~~^^^^^^^^^^^^^^^^^
  File "D:\KIOSK\backend\.venv\Lib\site-packages\django\db\models\query.py", line 629, in get
    num = len(clone)
  File "D:\KIOSK\backend\.venv\Lib\site-packages\django\db\models\query.py", line 366, in __len__
    self._fetch_all()
    ~~~~~~~~~~~~~~~^^
  File "D:\KIOSK\backend\.venv\Lib\site-packages\django\db\models\query.py", line 1949, in _fetch_all
    self._result_cache = list(self._iterable_class(self))
                         ~~~~^^^^^^^^^^^^^^^^^^^^^^^^^^^^
  File "D:\KIOSK\backend\.venv\Lib\site-packages\django\db\models\query.py", line 91, in __iter__
    results = compiler.execute_sql(
        chunked_fetch=self.chunked_fetch, chunk_size=self.chunk_size
    )
  File "D:\KIOSK\backend\.venv\Lib\site-packages\django\db\models\sql\compiler.py", line 1621, in execute_sql
    cursor = self.connection.cursor()
  File "D:\KIOSK\backend\.venv\Lib\site-packages\django\utils\asyncio.py", line 26, in inner
    return func(*args, **kwargs)
  File "D:\KIOSK\backend\.venv\Lib\site-packages\django\db\backends\base\base.py", line 320, in cursor
    return self._cursor()
           ~~~~~~~~~~~~^^
  File "D:\KIOSK\backend\.venv\Lib\site-packages\django\db\backends\base\base.py", line 296, in _cursor
    self.ensure_connection()
    ~~~~~~~~~~~~~~~~~~~~~~^^
  File "D:\KIOSK\backend\.venv\Lib\site-packages\django\utils\asyncio.py", line 26, in inner
    return func(*args, **kwargs)
  File "D:\KIOSK\backend\.venv\Lib\site-packages\django\db\backends\base\base.py", line 278, in ensure_connection
    with self.wrap_database_errors:
         ^^^^^^^^^^^^^^^^^^^^^^^^^
  File "D:\KIOSK\backend\.venv\Lib\site-packages\django\db\utils.py", line 91, in __exit__
    raise dj_exc_value.with_traceback(traceback) from exc_value
  File "D:\KIOSK\backend\.venv\Lib\site-packages\django\db\backends\base\base.py", line 279, in ensure_connection
    self.connect()
    ~~~~~~~~~~~~^^
  File "D:\KIOSK\backend\.venv\Lib\site-packages\django\utils\asyncio.py", line 26, in inner
    return func(*args, **kwargs)
  File "D:\KIOSK\backend\.venv\Lib\site-packages\django\db\backends\base\base.py", line 256, in connect
    self.connection = self.get_new_connection(conn_params)
                      ~~~~~~~~~~~~~~~~~~~~~~~^^^^^^^^^^^^^
  File "D:\KIOSK\backend\.venv\Lib\site-packages\django\utils\asyncio.py", line 26, in inner
    return func(*args, **kwargs)
  File "D:\KIOSK\backend\.venv\Lib\site-packages\django\db\backends\postgresql\base.py", line 332, in get_new_connection
    connection = self.Database.connect(**conn_params)
  File "D:\KIOSK\backend\.venv\Lib\site-packages\psycopg2\__init__.py", line 135, in connect
    conn = _connect(dsn, connection_factory=connection_factory, **kwasync)
django.db.utils.OperationalError: connection to server at "38.242.216.156", port 5437 failed: Connection timed out (0x0000274C/10060)
	Is the server running on that host and accepting TCP/IP connections?

2026-05-29 16:24:34,076 ERROR    Internal Server Error: /applications/dashboards/2/
Traceback (most recent call last):
  File "D:\KIOSK\backend\.venv\Lib\site-packages\django\db\backends\base\base.py", line 279, in ensure_connection
    self.connect()
    ~~~~~~~~~~~~^^
  File "D:\KIOSK\backend\.venv\Lib\site-packages\django\utils\asyncio.py", line 26, in inner
    return func(*args, **kwargs)
  File "D:\KIOSK\backend\.venv\Lib\site-packages\django\db\backends\base\base.py", line 256, in connect
    self.connection = self.get_new_connection(conn_params)
                      ~~~~~~~~~~~~~~~~~~~~~~~^^^^^^^^^^^^^
  File "D:\KIOSK\backend\.venv\Lib\site-packages\django\utils\asyncio.py", line 26, in inner
    return func(*args, **kwargs)
  File "D:\KIOSK\backend\.venv\Lib\site-packages\django\db\backends\postgresql\base.py", line 332, in get_new_connection
    connection = self.Database.connect(**conn_params)
  File "D:\KIOSK\backend\.venv\Lib\site-packages\psycopg2\__init__.py", line 135, in connect
    conn = _connect(dsn, connection_factory=connection_factory, **kwasync)
psycopg2.OperationalError: connection to server at "38.242.216.156", port 5437 failed: Connection timed out (0x0000274C/10060)
	Is the server running on that host and accepting TCP/IP connections?


The above exception was the direct cause of the following exception:

Traceback (most recent call last):
  File "D:\KIOSK\backend\.venv\Lib\site-packages\asgiref\sync.py", line 552, in thread_handler
    raise exc_info[1]
  File "D:\KIOSK\backend\.venv\Lib\site-packages\django\core\handlers\exception.py", line 42, in inner
    response = await get_response(request)
               ^^^^^^^^^^^^^^^^^^^^^^^^^^^
  File "D:\KIOSK\backend\.venv\Lib\site-packages\asgiref\sync.py", line 552, in thread_handler
    raise exc_info[1]
  File "D:\KIOSK\backend\.venv\Lib\site-packages\django\core\handlers\base.py", line 253, in _get_response_async
    response = await wrapped_callback(
               ^^^^^^^^^^^^^^^^^^^^^^^
        request, *callback_args, **callback_kwargs
        ^^^^^^^^^^^^^^^^^^^^^^^^^^^^^^^^^^^^^^^^^^
    )
    ^
  File "D:\KIOSK\backend\.venv\Lib\site-packages\asgiref\sync.py", line 502, in __call__
    ret = await asyncio.shield(exec_coro)
          ^^^^^^^^^^^^^^^^^^^^^^^^^^^^^^^
  File "D:\KIOSK\backend\.venv\Lib\site-packages\asgiref\current_thread_executor.py", line 40, in run
    result = self.fn(*self.args, **self.kwargs)
  File "D:\KIOSK\backend\.venv\Lib\site-packages\asgiref\sync.py", line 556, in thread_handler
    return func(*args, **kwargs)
  File "D:\KIOSK\backend\.venv\Lib\site-packages\django\views\decorators\csrf.py", line 65, in _view_wrapper
    return view_func(request, *args, **kwargs)
  File "D:\KIOSK\backend\.venv\Lib\site-packages\rest_framework\viewsets.py", line 125, in view
    return self.dispatch(request, *args, **kwargs)
           ~~~~~~~~~~~~~^^^^^^^^^^^^^^^^^^^^^^^^^^
  File "D:\KIOSK\backend\.venv\Lib\site-packages\rest_framework\views.py", line 515, in dispatch
    response = self.handle_exception(exc)
  File "D:\KIOSK\backend\.venv\Lib\site-packages\rest_framework\views.py", line 475, in handle_exception
    self.raise_uncaught_exception(exc)
    ~~~~~~~~~~~~~~~~~~~~~~~~~~~~~^^^^^
  File "D:\KIOSK\backend\.venv\Lib\site-packages\rest_framework\views.py", line 486, in raise_uncaught_exception
    raise exc
  File "D:\KIOSK\backend\.venv\Lib\site-packages\rest_framework\views.py", line 503, in dispatch
    self.initial(request, *args, **kwargs)
    ~~~~~~~~~~~~^^^^^^^^^^^^^^^^^^^^^^^^^^
  File "D:\KIOSK\backend\.venv\Lib\site-packages\rest_framework\views.py", line 420, in initial
    self.perform_authentication(request)
    ~~~~~~~~~~~~~~~~~~~~~~~~~~~^^^^^^^^^
  File "D:\KIOSK\backend\.venv\Lib\site-packages\rest_framework\views.py", line 330, in perform_authentication
    request.user
  File "D:\KIOSK\backend\.venv\Lib\site-packages\rest_framework\request.py", line 232, in user
    self._authenticate()
    ~~~~~~~~~~~~~~~~~~^^
  File "D:\KIOSK\backend\.venv\Lib\site-packages\rest_framework\request.py", line 385, in _authenticate
    user_auth_tuple = authenticator.authenticate(self)
  File "D:\KIOSK\backend\.venv\Lib\site-packages\rest_framework_simplejwt\authentication.py", line 51, in authenticate
    return self.get_user(validated_token), validated_token
           ~~~~~~~~~~~~~^^^^^^^^^^^^^^^^^
  File "D:\KIOSK\backend\.venv\Lib\site-packages\rest_framework_simplejwt\authentication.py", line 132, in get_user
    user = self.user_model.objects.get(**{api_settings.USER_ID_FIELD: user_id})
  File "D:\KIOSK\backend\.venv\Lib\site-packages\django\db\models\manager.py", line 87, in manager_method
    return getattr(self.get_queryset(), name)(*args, **kwargs)
           ~~~~~~~~~~~~~~~~~~~~~~~~~~~~~~~~~~^^^^^^^^^^^^^^^^^
  File "D:\KIOSK\backend\.venv\Lib\site-packages\django\db\models\query.py", line 629, in get
    num = len(clone)
  File "D:\KIOSK\backend\.venv\Lib\site-packages\django\db\models\query.py", line 366, in __len__
    self._fetch_all()
    ~~~~~~~~~~~~~~~^^
  File "D:\KIOSK\backend\.venv\Lib\site-packages\django\db\models\query.py", line 1949, in _fetch_all
    self._result_cache = list(self._iterable_class(self))
                         ~~~~^^^^^^^^^^^^^^^^^^^^^^^^^^^^
  File "D:\KIOSK\backend\.venv\Lib\site-packages\django\db\models\query.py", line 91, in __iter__
    results = compiler.execute_sql(
        chunked_fetch=self.chunked_fetch, chunk_size=self.chunk_size
    )
  File "D:\KIOSK\backend\.venv\Lib\site-packages\django\db\models\sql\compiler.py", line 1621, in execute_sql
    cursor = self.connection.cursor()
  File "D:\KIOSK\backend\.venv\Lib\site-packages\django\utils\asyncio.py", line 26, in inner
    return func(*args, **kwargs)
  File "D:\KIOSK\backend\.venv\Lib\site-packages\django\db\backends\base\base.py", line 320, in cursor
    return self._cursor()
           ~~~~~~~~~~~~^^
  File "D:\KIOSK\backend\.venv\Lib\site-packages\django\db\backends\base\base.py", line 296, in _cursor
    self.ensure_connection()
    ~~~~~~~~~~~~~~~~~~~~~~^^
  File "D:\KIOSK\backend\.venv\Lib\site-packages\django\utils\asyncio.py", line 26, in inner
    return func(*args, **kwargs)
  File "D:\KIOSK\backend\.venv\Lib\site-packages\django\db\backends\base\base.py", line 278, in ensure_connection
    with self.wrap_database_errors:
         ^^^^^^^^^^^^^^^^^^^^^^^^^
  File "D:\KIOSK\backend\.venv\Lib\site-packages\django\db\utils.py", line 91, in __exit__
    raise dj_exc_value.with_traceback(traceback) from exc_value
  File "D:\KIOSK\backend\.venv\Lib\site-packages\django\db\backends\base\base.py", line 279, in ensure_connection
    self.connect()
    ~~~~~~~~~~~~^^
  File "D:\KIOSK\backend\.venv\Lib\site-packages\django\utils\asyncio.py", line 26, in inner
    return func(*args, **kwargs)
  File "D:\KIOSK\backend\.venv\Lib\site-packages\django\db\backends\base\base.py", line 256, in connect
    self.connection = self.get_new_connection(conn_params)
                      ~~~~~~~~~~~~~~~~~~~~~~~^^^^^^^^^^^^^
  File "D:\KIOSK\backend\.venv\Lib\site-packages\django\utils\asyncio.py", line 26, in inner
    return func(*args, **kwargs)
  File "D:\KIOSK\backend\.venv\Lib\site-packages\django\db\backends\postgresql\base.py", line 332, in get_new_connection
    connection = self.Database.connect(**conn_params)
  File "D:\KIOSK\backend\.venv\Lib\site-packages\psycopg2\__init__.py", line 135, in connect
    conn = _connect(dsn, connection_factory=connection_factory, **kwasync)
django.db.utils.OperationalError: connection to server at "38.242.216.156", port 5437 failed: Connection timed out (0x0000274C/10060)
	Is the server running on that host and accepting TCP/IP connections?

Internal Server Error: /cameraapi/cameras/
Traceback (most recent call last):
  File "D:\KIOSK\backend\.venv\Lib\site-packages\django\db\backends\base\base.py", line 279, in ensure_connection
    self.connect()
    ~~~~~~~~~~~~^^
  File "D:\KIOSK\backend\.venv\Lib\site-packages\django\utils\asyncio.py", line 26, in inner
    return func(*args, **kwargs)
  File "D:\KIOSK\backend\.venv\Lib\site-packages\django\db\backends\base\base.py", line 256, in connect
    self.connection = self.get_new_connection(conn_params)
                      ~~~~~~~~~~~~~~~~~~~~~~~^^^^^^^^^^^^^
  File "D:\KIOSK\backend\.venv\Lib\site-packages\django\utils\asyncio.py", line 26, in inner
    return func(*args, **kwargs)
  File "D:\KIOSK\backend\.venv\Lib\site-packages\django\db\backends\postgresql\base.py", line 332, in get_new_connection
    connection = self.Database.connect(**conn_params)
  File "D:\KIOSK\backend\.venv\Lib\site-packages\psycopg2\__init__.py", line 135, in connect
    conn = _connect(dsn, connection_factory=connection_factory, **kwasync)
psycopg2.OperationalError: connection to server at "38.242.216.156", port 5437 failed: Connection timed out (0x0000274C/10060)
	Is the server running on that host and accepting TCP/IP connections?


The above exception was the direct cause of the following exception:

Traceback (most recent call last):
  File "D:\KIOSK\backend\.venv\Lib\site-packages\asgiref\sync.py", line 552, in thread_handler
    raise exc_info[1]
  File "D:\KIOSK\backend\.venv\Lib\site-packages\django\core\handlers\exception.py", line 42, in inner
    response = await get_response(request)
               ^^^^^^^^^^^^^^^^^^^^^^^^^^^
  File "D:\KIOSK\backend\.venv\Lib\site-packages\asgiref\sync.py", line 552, in thread_handler
    raise exc_info[1]
  File "D:\KIOSK\backend\.venv\Lib\site-packages\django\core\handlers\base.py", line 253, in _get_response_async
    response = await wrapped_callback(
               ^^^^^^^^^^^^^^^^^^^^^^^
        request, *callback_args, **callback_kwargs
        ^^^^^^^^^^^^^^^^^^^^^^^^^^^^^^^^^^^^^^^^^^
    )
    ^
  File "D:\KIOSK\backend\.venv\Lib\site-packages\asgiref\sync.py", line 502, in __call__
    ret = await asyncio.shield(exec_coro)
          ^^^^^^^^^^^^^^^^^^^^^^^^^^^^^^^
  File "D:\KIOSK\backend\.venv\Lib\site-packages\asgiref\current_thread_executor.py", line 40, in run
    result = self.fn(*self.args, **self.kwargs)
  File "D:\KIOSK\backend\.venv\Lib\site-packages\asgiref\sync.py", line 556, in thread_handler
    return func(*args, **kwargs)
  File "D:\KIOSK\backend\.venv\Lib\site-packages\django\views\decorators\csrf.py", line 65, in _view_wrapper
    return view_func(request, *args, **kwargs)
  File "D:\KIOSK\backend\.venv\Lib\site-packages\rest_framework\viewsets.py", line 125, in view
    return self.dispatch(request, *args, **kwargs)
           ~~~~~~~~~~~~~^^^^^^^^^^^^^^^^^^^^^^^^^^
  File "D:\KIOSK\backend\.venv\Lib\site-packages\rest_framework\views.py", line 515, in dispatch
    response = self.handle_exception(exc)
  File "D:\KIOSK\backend\.venv\Lib\site-packages\rest_framework\views.py", line 475, in handle_exception
    self.raise_uncaught_exception(exc)
    ~~~~~~~~~~~~~~~~~~~~~~~~~~~~~^^^^^
  File "D:\KIOSK\backend\.venv\Lib\site-packages\rest_framework\views.py", line 486, in raise_uncaught_exception
    raise exc
  File "D:\KIOSK\backend\.venv\Lib\site-packages\rest_framework\views.py", line 503, in dispatch
    self.initial(request, *args, **kwargs)
    ~~~~~~~~~~~~^^^^^^^^^^^^^^^^^^^^^^^^^^
  File "D:\KIOSK\backend\.venv\Lib\site-packages\rest_framework\views.py", line 420, in initial
    self.perform_authentication(request)
    ~~~~~~~~~~~~~~~~~~~~~~~~~~~^^^^^^^^^
  File "D:\KIOSK\backend\.venv\Lib\site-packages\rest_framework\views.py", line 330, in perform_authentication
    request.user
  File "D:\KIOSK\backend\.venv\Lib\site-packages\rest_framework\request.py", line 232, in user
    self._authenticate()
    ~~~~~~~~~~~~~~~~~~^^
  File "D:\KIOSK\backend\.venv\Lib\site-packages\rest_framework\request.py", line 385, in _authenticate
    user_auth_tuple = authenticator.authenticate(self)
  File "D:\KIOSK\backend\.venv\Lib\site-packages\rest_framework_simplejwt\authentication.py", line 51, in authenticate
    return self.get_user(validated_token), validated_token
           ~~~~~~~~~~~~~^^^^^^^^^^^^^^^^^
  File "D:\KIOSK\backend\.venv\Lib\site-packages\rest_framework_simplejwt\authentication.py", line 132, in get_user
    user = self.user_model.objects.get(**{api_settings.USER_ID_FIELD: user_id})
  File "D:\KIOSK\backend\.venv\Lib\site-packages\django\db\models\manager.py", line 87, in manager_method
    return getattr(self.get_queryset(), name)(*args, **kwargs)
           ~~~~~~~~~~~~~~~~~~~~~~~~~~~~~~~~~~^^^^^^^^^^^^^^^^^
  File "D:\KIOSK\backend\.venv\Lib\site-packages\django\db\models\query.py", line 629, in get
    num = len(clone)
  File "D:\KIOSK\backend\.venv\Lib\site-packages\django\db\models\query.py", line 366, in __len__
    self._fetch_all()
    ~~~~~~~~~~~~~~~^^
  File "D:\KIOSK\backend\.venv\Lib\site-packages\django\db\models\query.py", line 1949, in _fetch_all
    self._result_cache = list(self._iterable_class(self))
                         ~~~~^^^^^^^^^^^^^^^^^^^^^^^^^^^^
  File "D:\KIOSK\backend\.venv\Lib\site-packages\django\db\models\query.py", line 91, in __iter__
    results = compiler.execute_sql(
        chunked_fetch=self.chunked_fetch, chunk_size=self.chunk_size
    )
  File "D:\KIOSK\backend\.venv\Lib\site-packages\django\db\models\sql\compiler.py", line 1621, in execute_sql
    cursor = self.connection.cursor()
  File "D:\KIOSK\backend\.venv\Lib\site-packages\django\utils\asyncio.py", line 26, in inner
    return func(*args, **kwargs)
  File "D:\KIOSK\backend\.venv\Lib\site-packages\django\db\backends\base\base.py", line 320, in cursor
    return self._cursor()
           ~~~~~~~~~~~~^^
  File "D:\KIOSK\backend\.venv\Lib\site-packages\django\db\backends\base\base.py", line 296, in _cursor
    self.ensure_connection()
    ~~~~~~~~~~~~~~~~~~~~~~^^
  File "D:\KIOSK\backend\.venv\Lib\site-packages\django\utils\asyncio.py", line 26, in inner
    return func(*args, **kwargs)
  File "D:\KIOSK\backend\.venv\Lib\site-packages\django\db\backends\base\base.py", line 278, in ensure_connection
    with self.wrap_database_errors:
         ^^^^^^^^^^^^^^^^^^^^^^^^^
  File "D:\KIOSK\backend\.venv\Lib\site-packages\django\db\utils.py", line 91, in __exit__
    raise dj_exc_value.with_traceback(traceback) from exc_value
  File "D:\KIOSK\backend\.venv\Lib\site-packages\django\db\backends\base\base.py", line 279, in ensure_connection
    self.connect()
    ~~~~~~~~~~~~^^
  File "D:\KIOSK\backend\.venv\Lib\site-packages\django\utils\asyncio.py", line 26, in inner
    return func(*args, **kwargs)
  File "D:\KIOSK\backend\.venv\Lib\site-packages\django\db\backends\base\base.py", line 256, in connect
    self.connection = self.get_new_connection(conn_params)
                      ~~~~~~~~~~~~~~~~~~~~~~~^^^^^^^^^^^^^
  File "D:\KIOSK\backend\.venv\Lib\site-packages\django\utils\asyncio.py", line 26, in inner
    return func(*args, **kwargs)
  File "D:\KIOSK\backend\.venv\Lib\site-packages\django\db\backends\postgresql\base.py", line 332, in get_new_connection
    connection = self.Database.connect(**conn_params)
  File "D:\KIOSK\backend\.venv\Lib\site-packages\psycopg2\__init__.py", line 135, in connect
    conn = _connect(dsn, connection_factory=connection_factory, **kwasync)
django.db.utils.OperationalError: connection to server at "38.242.216.156", port 5437 failed: Connection timed out (0x0000274C/10060)
	Is the server running on that host and accepting TCP/IP connections?

2026-05-29 16:24:34,081 ERROR    Internal Server Error: /cameraapi/cameras/
Traceback (most recent call last):
  File "D:\KIOSK\backend\.venv\Lib\site-packages\django\db\backends\base\base.py", line 279, in ensure_connection
    self.connect()
    ~~~~~~~~~~~~^^
  File "D:\KIOSK\backend\.venv\Lib\site-packages\django\utils\asyncio.py", line 26, in inner
    return func(*args, **kwargs)
  File "D:\KIOSK\backend\.venv\Lib\site-packages\django\db\backends\base\base.py", line 256, in connect
    self.connection = self.get_new_connection(conn_params)
                      ~~~~~~~~~~~~~~~~~~~~~~~^^^^^^^^^^^^^
  File "D:\KIOSK\backend\.venv\Lib\site-packages\django\utils\asyncio.py", line 26, in inner
    return func(*args, **kwargs)
  File "D:\KIOSK\backend\.venv\Lib\site-packages\django\db\backends\postgresql\base.py", line 332, in get_new_connection
    connection = self.Database.connect(**conn_params)
  File "D:\KIOSK\backend\.venv\Lib\site-packages\psycopg2\__init__.py", line 135, in connect
    conn = _connect(dsn, connection_factory=connection_factory, **kwasync)
psycopg2.OperationalError: connection to server at "38.242.216.156", port 5437 failed: Connection timed out (0x0000274C/10060)
	Is the server running on that host and accepting TCP/IP connections?


The above exception was the direct cause of the following exception:

Traceback (most recent call last):
  File "D:\KIOSK\backend\.venv\Lib\site-packages\asgiref\sync.py", line 552, in thread_handler
    raise exc_info[1]
  File "D:\KIOSK\backend\.venv\Lib\site-packages\django\core\handlers\exception.py", line 42, in inner
    response = await get_response(request)
               ^^^^^^^^^^^^^^^^^^^^^^^^^^^
  File "D:\KIOSK\backend\.venv\Lib\site-packages\asgiref\sync.py", line 552, in thread_handler
    raise exc_info[1]
  File "D:\KIOSK\backend\.venv\Lib\site-packages\django\core\handlers\base.py", line 253, in _get_response_async
    response = await wrapped_callback(
               ^^^^^^^^^^^^^^^^^^^^^^^
        request, *callback_args, **callback_kwargs
        ^^^^^^^^^^^^^^^^^^^^^^^^^^^^^^^^^^^^^^^^^^
    )
    ^
  File "D:\KIOSK\backend\.venv\Lib\site-packages\asgiref\sync.py", line 502, in __call__
    ret = await asyncio.shield(exec_coro)
          ^^^^^^^^^^^^^^^^^^^^^^^^^^^^^^^
  File "D:\KIOSK\backend\.venv\Lib\site-packages\asgiref\current_thread_executor.py", line 40, in run
    result = self.fn(*self.args, **self.kwargs)
  File "D:\KIOSK\backend\.venv\Lib\site-packages\asgiref\sync.py", line 556, in thread_handler
    return func(*args, **kwargs)
  File "D:\KIOSK\backend\.venv\Lib\site-packages\django\views\decorators\csrf.py", line 65, in _view_wrapper
    return view_func(request, *args, **kwargs)
  File "D:\KIOSK\backend\.venv\Lib\site-packages\rest_framework\viewsets.py", line 125, in view
    return self.dispatch(request, *args, **kwargs)
           ~~~~~~~~~~~~~^^^^^^^^^^^^^^^^^^^^^^^^^^
  File "D:\KIOSK\backend\.venv\Lib\site-packages\rest_framework\views.py", line 515, in dispatch
    response = self.handle_exception(exc)
  File "D:\KIOSK\backend\.venv\Lib\site-packages\rest_framework\views.py", line 475, in handle_exception
    self.raise_uncaught_exception(exc)
    ~~~~~~~~~~~~~~~~~~~~~~~~~~~~~^^^^^
  File "D:\KIOSK\backend\.venv\Lib\site-packages\rest_framework\views.py", line 486, in raise_uncaught_exception
    raise exc
  File "D:\KIOSK\backend\.venv\Lib\site-packages\rest_framework\views.py", line 503, in dispatch
    self.initial(request, *args, **kwargs)
    ~~~~~~~~~~~~^^^^^^^^^^^^^^^^^^^^^^^^^^
  File "D:\KIOSK\backend\.venv\Lib\site-packages\rest_framework\views.py", line 420, in initial
    self.perform_authentication(request)
    ~~~~~~~~~~~~~~~~~~~~~~~~~~~^^^^^^^^^
  File "D:\KIOSK\backend\.venv\Lib\site-packages\rest_framework\views.py", line 330, in perform_authentication
    request.user
  File "D:\KIOSK\backend\.venv\Lib\site-packages\rest_framework\request.py", line 232, in user
    self._authenticate()
    ~~~~~~~~~~~~~~~~~~^^
  File "D:\KIOSK\backend\.venv\Lib\site-packages\rest_framework\request.py", line 385, in _authenticate
    user_auth_tuple = authenticator.authenticate(self)
  File "D:\KIOSK\backend\.venv\Lib\site-packages\rest_framework_simplejwt\authentication.py", line 51, in authenticate
    return self.get_user(validated_token), validated_token
           ~~~~~~~~~~~~~^^^^^^^^^^^^^^^^^
  File "D:\KIOSK\backend\.venv\Lib\site-packages\rest_framework_simplejwt\authentication.py", line 132, in get_user
    user = self.user_model.objects.get(**{api_settings.USER_ID_FIELD: user_id})
  File "D:\KIOSK\backend\.venv\Lib\site-packages\django\db\models\manager.py", line 87, in manager_method
    return getattr(self.get_queryset(), name)(*args, **kwargs)
           ~~~~~~~~~~~~~~~~~~~~~~~~~~~~~~~~~~^^^^^^^^^^^^^^^^^
  File "D:\KIOSK\backend\.venv\Lib\site-packages\django\db\models\query.py", line 629, in get
    num = len(clone)
  File "D:\KIOSK\backend\.venv\Lib\site-packages\django\db\models\query.py", line 366, in __len__
    self._fetch_all()
    ~~~~~~~~~~~~~~~^^
  File "D:\KIOSK\backend\.venv\Lib\site-packages\django\db\models\query.py", line 1949, in _fetch_all
    self._result_cache = list(self._iterable_class(self))
                         ~~~~^^^^^^^^^^^^^^^^^^^^^^^^^^^^
  File "D:\KIOSK\backend\.venv\Lib\site-packages\django\db\models\query.py", line 91, in __iter__
    results = compiler.execute_sql(
        chunked_fetch=self.chunked_fetch, chunk_size=self.chunk_size
    )
  File "D:\KIOSK\backend\.venv\Lib\site-packages\django\db\models\sql\compiler.py", line 1621, in execute_sql
    cursor = self.connection.cursor()
  File "D:\KIOSK\backend\.venv\Lib\site-packages\django\utils\asyncio.py", line 26, in inner
    return func(*args, **kwargs)
  File "D:\KIOSK\backend\.venv\Lib\site-packages\django\db\backends\base\base.py", line 320, in cursor
    return self._cursor()
           ~~~~~~~~~~~~^^
  File "D:\KIOSK\backend\.venv\Lib\site-packages\django\db\backends\base\base.py", line 296, in _cursor
    self.ensure_connection()
    ~~~~~~~~~~~~~~~~~~~~~~^^
  File "D:\KIOSK\backend\.venv\Lib\site-packages\django\utils\asyncio.py", line 26, in inner
    return func(*args, **kwargs)
  File "D:\KIOSK\backend\.venv\Lib\site-packages\django\db\backends\base\base.py", line 278, in ensure_connection
    with self.wrap_database_errors:
         ^^^^^^^^^^^^^^^^^^^^^^^^^
  File "D:\KIOSK\backend\.venv\Lib\site-packages\django\db\utils.py", line 91, in __exit__
    raise dj_exc_value.with_traceback(traceback) from exc_value
  File "D:\KIOSK\backend\.venv\Lib\site-packages\django\db\backends\base\base.py", line 279, in ensure_connection
    self.connect()
    ~~~~~~~~~~~~^^
  File "D:\KIOSK\backend\.venv\Lib\site-packages\django\utils\asyncio.py", line 26, in inner
    return func(*args, **kwargs)
  File "D:\KIOSK\backend\.venv\Lib\site-packages\django\db\backends\base\base.py", line 256, in connect
    self.connection = self.get_new_connection(conn_params)
                      ~~~~~~~~~~~~~~~~~~~~~~~^^^^^^^^^^^^^
  File "D:\KIOSK\backend\.venv\Lib\site-packages\django\utils\asyncio.py", line 26, in inner
    return func(*args, **kwargs)
  File "D:\KIOSK\backend\.venv\Lib\site-packages\django\db\backends\postgresql\base.py", line 332, in get_new_connection
    connection = self.Database.connect(**conn_params)
  File "D:\KIOSK\backend\.venv\Lib\site-packages\psycopg2\__init__.py", line 135, in connect
    conn = _connect(dsn, connection_factory=connection_factory, **kwasync)
django.db.utils.OperationalError: connection to server at "38.242.216.156", port 5437 failed: Connection timed out (0x0000274C/10060)
	Is the server running on that host and accepting TCP/IP connections?

Internal Server Error: /applications/application-cameras/
Traceback (most recent call last):
  File "D:\KIOSK\backend\.venv\Lib\site-packages\django\db\backends\base\base.py", line 279, in ensure_connection
    self.connect()
    ~~~~~~~~~~~~^^
  File "D:\KIOSK\backend\.venv\Lib\site-packages\django\utils\asyncio.py", line 26, in inner
    return func(*args, **kwargs)
  File "D:\KIOSK\backend\.venv\Lib\site-packages\django\db\backends\base\base.py", line 256, in connect
    self.connection = self.get_new_connection(conn_params)
                      ~~~~~~~~~~~~~~~~~~~~~~~^^^^^^^^^^^^^
  File "D:\KIOSK\backend\.venv\Lib\site-packages\django\utils\asyncio.py", line 26, in inner
    return func(*args, **kwargs)
  File "D:\KIOSK\backend\.venv\Lib\site-packages\django\db\backends\postgresql\base.py", line 332, in get_new_connection
    connection = self.Database.connect(**conn_params)
  File "D:\KIOSK\backend\.venv\Lib\site-packages\psycopg2\__init__.py", line 135, in connect
    conn = _connect(dsn, connection_factory=connection_factory, **kwasync)
psycopg2.OperationalError: connection to server at "38.242.216.156", port 5437 failed: Connection timed out (0x0000274C/10060)
	Is the server running on that host and accepting TCP/IP connections?


The above exception was the direct cause of the following exception:

Traceback (most recent call last):
  File "D:\KIOSK\backend\.venv\Lib\site-packages\asgiref\sync.py", line 552, in thread_handler
    raise exc_info[1]
  File "D:\KIOSK\backend\.venv\Lib\site-packages\django\core\handlers\exception.py", line 42, in inner
    response = await get_response(request)
               ^^^^^^^^^^^^^^^^^^^^^^^^^^^
  File "D:\KIOSK\backend\.venv\Lib\site-packages\asgiref\sync.py", line 552, in thread_handler
    raise exc_info[1]
  File "D:\KIOSK\backend\.venv\Lib\site-packages\django\core\handlers\base.py", line 253, in _get_response_async
    response = await wrapped_callback(
               ^^^^^^^^^^^^^^^^^^^^^^^
        request, *callback_args, **callback_kwargs
        ^^^^^^^^^^^^^^^^^^^^^^^^^^^^^^^^^^^^^^^^^^
    )
    ^
  File "D:\KIOSK\backend\.venv\Lib\site-packages\asgiref\sync.py", line 502, in __call__
    ret = await asyncio.shield(exec_coro)
          ^^^^^^^^^^^^^^^^^^^^^^^^^^^^^^^
  File "D:\KIOSK\backend\.venv\Lib\site-packages\asgiref\current_thread_executor.py", line 40, in run
    result = self.fn(*self.args, **self.kwargs)
  File "D:\KIOSK\backend\.venv\Lib\site-packages\asgiref\sync.py", line 556, in thread_handler
    return func(*args, **kwargs)
  File "D:\KIOSK\backend\.venv\Lib\site-packages\django\views\decorators\csrf.py", line 65, in _view_wrapper
    return view_func(request, *args, **kwargs)
  File "D:\KIOSK\backend\.venv\Lib\site-packages\rest_framework\viewsets.py", line 125, in view
    return self.dispatch(request, *args, **kwargs)
           ~~~~~~~~~~~~~^^^^^^^^^^^^^^^^^^^^^^^^^^
  File "D:\KIOSK\backend\.venv\Lib\site-packages\rest_framework\views.py", line 515, in dispatch
    response = self.handle_exception(exc)
  File "D:\KIOSK\backend\.venv\Lib\site-packages\rest_framework\views.py", line 475, in handle_exception
    self.raise_uncaught_exception(exc)
    ~~~~~~~~~~~~~~~~~~~~~~~~~~~~~^^^^^
  File "D:\KIOSK\backend\.venv\Lib\site-packages\rest_framework\views.py", line 486, in raise_uncaught_exception
    raise exc
  File "D:\KIOSK\backend\.venv\Lib\site-packages\rest_framework\views.py", line 503, in dispatch
    self.initial(request, *args, **kwargs)
    ~~~~~~~~~~~~^^^^^^^^^^^^^^^^^^^^^^^^^^
  File "D:\KIOSK\backend\.venv\Lib\site-packages\rest_framework\views.py", line 420, in initial
    self.perform_authentication(request)
    ~~~~~~~~~~~~~~~~~~~~~~~~~~~^^^^^^^^^
  File "D:\KIOSK\backend\.venv\Lib\site-packages\rest_framework\views.py", line 330, in perform_authentication
    request.user
  File "D:\KIOSK\backend\.venv\Lib\site-packages\rest_framework\request.py", line 232, in user
    self._authenticate()
    ~~~~~~~~~~~~~~~~~~^^
  File "D:\KIOSK\backend\.venv\Lib\site-packages\rest_framework\request.py", line 385, in _authenticate
    user_auth_tuple = authenticator.authenticate(self)
  File "D:\KIOSK\backend\.venv\Lib\site-packages\rest_framework_simplejwt\authentication.py", line 51, in authenticate
    return self.get_user(validated_token), validated_token
           ~~~~~~~~~~~~~^^^^^^^^^^^^^^^^^
  File "D:\KIOSK\backend\.venv\Lib\site-packages\rest_framework_simplejwt\authentication.py", line 132, in get_user
    user = self.user_model.objects.get(**{api_settings.USER_ID_FIELD: user_id})
  File "D:\KIOSK\backend\.venv\Lib\site-packages\django\db\models\manager.py", line 87, in manager_method
    return getattr(self.get_queryset(), name)(*args, **kwargs)
           ~~~~~~~~~~~~~~~~~~~~~~~~~~~~~~~~~~^^^^^^^^^^^^^^^^^
  File "D:\KIOSK\backend\.venv\Lib\site-packages\django\db\models\query.py", line 629, in get
    num = len(clone)
  File "D:\KIOSK\backend\.venv\Lib\site-packages\django\db\models\query.py", line 366, in __len__
    self._fetch_all()
    ~~~~~~~~~~~~~~~^^
  File "D:\KIOSK\backend\.venv\Lib\site-packages\django\db\models\query.py", line 1949, in _fetch_all
    self._result_cache = list(self._iterable_class(self))
                         ~~~~^^^^^^^^^^^^^^^^^^^^^^^^^^^^
  File "D:\KIOSK\backend\.venv\Lib\site-packages\django\db\models\query.py", line 91, in __iter__
    results = compiler.execute_sql(
        chunked_fetch=self.chunked_fetch, chunk_size=self.chunk_size
    )
  File "D:\KIOSK\backend\.venv\Lib\site-packages\django\db\models\sql\compiler.py", line 1621, in execute_sql
    cursor = self.connection.cursor()
  File "D:\KIOSK\backend\.venv\Lib\site-packages\django\utils\asyncio.py", line 26, in inner
    return func(*args, **kwargs)
  File "D:\KIOSK\backend\.venv\Lib\site-packages\django\db\backends\base\base.py", line 320, in cursor
    return self._cursor()
           ~~~~~~~~~~~~^^
  File "D:\KIOSK\backend\.venv\Lib\site-packages\django\db\backends\base\base.py", line 296, in _cursor
    self.ensure_connection()
    ~~~~~~~~~~~~~~~~~~~~~~^^
  File "D:\KIOSK\backend\.venv\Lib\site-packages\django\utils\asyncio.py", line 26, in inner
    return func(*args, **kwargs)
  File "D:\KIOSK\backend\.venv\Lib\site-packages\django\db\backends\base\base.py", line 278, in ensure_connection
    with self.wrap_database_errors:
         ^^^^^^^^^^^^^^^^^^^^^^^^^
  File "D:\KIOSK\backend\.venv\Lib\site-packages\django\db\utils.py", line 91, in __exit__
    raise dj_exc_value.with_traceback(traceback) from exc_value
  File "D:\KIOSK\backend\.venv\Lib\site-packages\django\db\backends\base\base.py", line 279, in ensure_connection
    self.connect()
    ~~~~~~~~~~~~^^
  File "D:\KIOSK\backend\.venv\Lib\site-packages\django\utils\asyncio.py", line 26, in inner
    return func(*args, **kwargs)
  File "D:\KIOSK\backend\.venv\Lib\site-packages\django\db\backends\base\base.py", line 256, in connect
    self.connection = self.get_new_connection(conn_params)
                      ~~~~~~~~~~~~~~~~~~~~~~~^^^^^^^^^^^^^
  File "D:\KIOSK\backend\.venv\Lib\site-packages\django\utils\asyncio.py", line 26, in inner
    return func(*args, **kwargs)
  File "D:\KIOSK\backend\.venv\Lib\site-packages\django\db\backends\postgresql\base.py", line 332, in get_new_connection
    connection = self.Database.connect(**conn_params)
  File "D:\KIOSK\backend\.venv\Lib\site-packages\psycopg2\__init__.py", line 135, in connect
    conn = _connect(dsn, connection_factory=connection_factory, **kwasync)
django.db.utils.OperationalError: connection to server at "38.242.216.156", port 5437 failed: Connection timed out (0x0000274C/10060)
	Is the server running on that host and accepting TCP/IP connections?

2026-05-29 16:24:34,086 ERROR    Internal Server Error: /applications/application-cameras/
Traceback (most recent call last):
  File "D:\KIOSK\backend\.venv\Lib\site-packages\django\db\backends\base\base.py", line 279, in ensure_connection
    self.connect()
    ~~~~~~~~~~~~^^
  File "D:\KIOSK\backend\.venv\Lib\site-packages\django\utils\asyncio.py", line 26, in inner
    return func(*args, **kwargs)
  File "D:\KIOSK\backend\.venv\Lib\site-packages\django\db\backends\base\base.py", line 256, in connect
    self.connection = self.get_new_connection(conn_params)
                      ~~~~~~~~~~~~~~~~~~~~~~~^^^^^^^^^^^^^
  File "D:\KIOSK\backend\.venv\Lib\site-packages\django\utils\asyncio.py", line 26, in inner
    return func(*args, **kwargs)
  File "D:\KIOSK\backend\.venv\Lib\site-packages\django\db\backends\postgresql\base.py", line 332, in get_new_connection
    connection = self.Database.connect(**conn_params)
  File "D:\KIOSK\backend\.venv\Lib\site-packages\psycopg2\__init__.py", line 135, in connect
    conn = _connect(dsn, connection_factory=connection_factory, **kwasync)
psycopg2.OperationalError: connection to server at "38.242.216.156", port 5437 failed: Connection timed out (0x0000274C/10060)
	Is the server running on that host and accepting TCP/IP connections?


The above exception was the direct cause of the following exception:

Traceback (most recent call last):
  File "D:\KIOSK\backend\.venv\Lib\site-packages\asgiref\sync.py", line 552, in thread_handler
    raise exc_info[1]
  File "D:\KIOSK\backend\.venv\Lib\site-packages\django\core\handlers\exception.py", line 42, in inner
    response = await get_response(request)
               ^^^^^^^^^^^^^^^^^^^^^^^^^^^
  File "D:\KIOSK\backend\.venv\Lib\site-packages\asgiref\sync.py", line 552, in thread_handler
    raise exc_info[1]
  File "D:\KIOSK\backend\.venv\Lib\site-packages\django\core\handlers\base.py", line 253, in _get_response_async
    response = await wrapped_callback(
               ^^^^^^^^^^^^^^^^^^^^^^^
        request, *callback_args, **callback_kwargs
        ^^^^^^^^^^^^^^^^^^^^^^^^^^^^^^^^^^^^^^^^^^
    )
    ^
  File "D:\KIOSK\backend\.venv\Lib\site-packages\asgiref\sync.py", line 502, in __call__
    ret = await asyncio.shield(exec_coro)
          ^^^^^^^^^^^^^^^^^^^^^^^^^^^^^^^
  File "D:\KIOSK\backend\.venv\Lib\site-packages\asgiref\current_thread_executor.py", line 40, in run
    result = self.fn(*self.args, **self.kwargs)
  File "D:\KIOSK\backend\.venv\Lib\site-packages\asgiref\sync.py", line 556, in thread_handler
    return func(*args, **kwargs)
  File "D:\KIOSK\backend\.venv\Lib\site-packages\django\views\decorators\csrf.py", line 65, in _view_wrapper
    return view_func(request, *args, **kwargs)
  File "D:\KIOSK\backend\.venv\Lib\site-packages\rest_framework\viewsets.py", line 125, in view
    return self.dispatch(request, *args, **kwargs)
           ~~~~~~~~~~~~~^^^^^^^^^^^^^^^^^^^^^^^^^^
  File "D:\KIOSK\backend\.venv\Lib\site-packages\rest_framework\views.py", line 515, in dispatch
    response = self.handle_exception(exc)
  File "D:\KIOSK\backend\.venv\Lib\site-packages\rest_framework\views.py", line 475, in handle_exception
    self.raise_uncaught_exception(exc)
    ~~~~~~~~~~~~~~~~~~~~~~~~~~~~~^^^^^
  File "D:\KIOSK\backend\.venv\Lib\site-packages\rest_framework\views.py", line 486, in raise_uncaught_exception
    raise exc
  File "D:\KIOSK\backend\.venv\Lib\site-packages\rest_framework\views.py", line 503, in dispatch
    self.initial(request, *args, **kwargs)
    ~~~~~~~~~~~~^^^^^^^^^^^^^^^^^^^^^^^^^^
  File "D:\KIOSK\backend\.venv\Lib\site-packages\rest_framework\views.py", line 420, in initial
    self.perform_authentication(request)
    ~~~~~~~~~~~~~~~~~~~~~~~~~~~^^^^^^^^^
  File "D:\KIOSK\backend\.venv\Lib\site-packages\rest_framework\views.py", line 330, in perform_authentication
    request.user
  File "D:\KIOSK\backend\.venv\Lib\site-packages\rest_framework\request.py", line 232, in user
    self._authenticate()
    ~~~~~~~~~~~~~~~~~~^^
  File "D:\KIOSK\backend\.venv\Lib\site-packages\rest_framework\request.py", line 385, in _authenticate
    user_auth_tuple = authenticator.authenticate(self)
  File "D:\KIOSK\backend\.venv\Lib\site-packages\rest_framework_simplejwt\authentication.py", line 51, in authenticate
    return self.get_user(validated_token), validated_token
           ~~~~~~~~~~~~~^^^^^^^^^^^^^^^^^
  File "D:\KIOSK\backend\.venv\Lib\site-packages\rest_framework_simplejwt\authentication.py", line 132, in get_user
    user = self.user_model.objects.get(**{api_settings.USER_ID_FIELD: user_id})
  File "D:\KIOSK\backend\.venv\Lib\site-packages\django\db\models\manager.py", line 87, in manager_method
    return getattr(self.get_queryset(), name)(*args, **kwargs)
           ~~~~~~~~~~~~~~~~~~~~~~~~~~~~~~~~~~^^^^^^^^^^^^^^^^^
  File "D:\KIOSK\backend\.venv\Lib\site-packages\django\db\models\query.py", line 629, in get
    num = len(clone)
  File "D:\KIOSK\backend\.venv\Lib\site-packages\django\db\models\query.py", line 366, in __len__
    self._fetch_all()
    ~~~~~~~~~~~~~~~^^
  File "D:\KIOSK\backend\.venv\Lib\site-packages\django\db\models\query.py", line 1949, in _fetch_all
    self._result_cache = list(self._iterable_class(self))
                         ~~~~^^^^^^^^^^^^^^^^^^^^^^^^^^^^
  File "D:\KIOSK\backend\.venv\Lib\site-packages\django\db\models\query.py", line 91, in __iter__
    results = compiler.execute_sql(
        chunked_fetch=self.chunked_fetch, chunk_size=self.chunk_size
    )
  File "D:\KIOSK\backend\.venv\Lib\site-packages\django\db\models\sql\compiler.py", line 1621, in execute_sql
    cursor = self.connection.cursor()
  File "D:\KIOSK\backend\.venv\Lib\site-packages\django\utils\asyncio.py", line 26, in inner
    return func(*args, **kwargs)
  File "D:\KIOSK\backend\.venv\Lib\site-packages\django\db\backends\base\base.py", line 320, in cursor
    return self._cursor()
           ~~~~~~~~~~~~^^
  File "D:\KIOSK\backend\.venv\Lib\site-packages\django\db\backends\base\base.py", line 296, in _cursor
    self.ensure_connection()
    ~~~~~~~~~~~~~~~~~~~~~~^^
  File "D:\KIOSK\backend\.venv\Lib\site-packages\django\utils\asyncio.py", line 26, in inner
    return func(*args, **kwargs)
  File "D:\KIOSK\backend\.venv\Lib\site-packages\django\db\backends\base\base.py", line 278, in ensure_connection
    with self.wrap_database_errors:
         ^^^^^^^^^^^^^^^^^^^^^^^^^
  File "D:\KIOSK\backend\.venv\Lib\site-packages\django\db\utils.py", line 91, in __exit__
    raise dj_exc_value.with_traceback(traceback) from exc_value
  File "D:\KIOSK\backend\.venv\Lib\site-packages\django\db\backends\base\base.py", line 279, in ensure_connection
    self.connect()
    ~~~~~~~~~~~~^^
  File "D:\KIOSK\backend\.venv\Lib\site-packages\django\utils\asyncio.py", line 26, in inner
    return func(*args, **kwargs)
  File "D:\KIOSK\backend\.venv\Lib\site-packages\django\db\backends\base\base.py", line 256, in connect
    self.connection = self.get_new_connection(conn_params)
                      ~~~~~~~~~~~~~~~~~~~~~~~^^^^^^^^^^^^^
  File "D:\KIOSK\backend\.venv\Lib\site-packages\django\utils\asyncio.py", line 26, in inner
    return func(*args, **kwargs)
  File "D:\KIOSK\backend\.venv\Lib\site-packages\django\db\backends\postgresql\base.py", line 332, in get_new_connection
    connection = self.Database.connect(**conn_params)
  File "D:\KIOSK\backend\.venv\Lib\site-packages\psycopg2\__init__.py", line 135, in connect
    conn = _connect(dsn, connection_factory=connection_factory, **kwasync)
django.db.utils.OperationalError: connection to server at "38.242.216.156", port 5437 failed: Connection timed out (0x0000274C/10060)
	Is the server running on that host and accepting TCP/IP connections?

Internal Server Error: /applications/devices/
Traceback (most recent call last):
  File "D:\KIOSK\backend\.venv\Lib\site-packages\django\db\backends\base\base.py", line 279, in ensure_connection
    self.connect()
    ~~~~~~~~~~~~^^
  File "D:\KIOSK\backend\.venv\Lib\site-packages\django\utils\asyncio.py", line 26, in inner
    return func(*args, **kwargs)
  File "D:\KIOSK\backend\.venv\Lib\site-packages\django\db\backends\base\base.py", line 256, in connect
    self.connection = self.get_new_connection(conn_params)
                      ~~~~~~~~~~~~~~~~~~~~~~~^^^^^^^^^^^^^
  File "D:\KIOSK\backend\.venv\Lib\site-packages\django\utils\asyncio.py", line 26, in inner
    return func(*args, **kwargs)
  File "D:\KIOSK\backend\.venv\Lib\site-packages\django\db\backends\postgresql\base.py", line 332, in get_new_connection
    connection = self.Database.connect(**conn_params)
  File "D:\KIOSK\backend\.venv\Lib\site-packages\psycopg2\__init__.py", line 135, in connect
    conn = _connect(dsn, connection_factory=connection_factory, **kwasync)
psycopg2.OperationalError: connection to server at "38.242.216.156", port 5437 failed: Connection timed out (0x0000274C/10060)
	Is the server running on that host and accepting TCP/IP connections?


The above exception was the direct cause of the following exception:

Traceback (most recent call last):
  File "D:\KIOSK\backend\.venv\Lib\site-packages\asgiref\sync.py", line 552, in thread_handler
    raise exc_info[1]
  File "D:\KIOSK\backend\.venv\Lib\site-packages\django\core\handlers\exception.py", line 42, in inner
    response = await get_response(request)
               ^^^^^^^^^^^^^^^^^^^^^^^^^^^
  File "D:\KIOSK\backend\.venv\Lib\site-packages\asgiref\sync.py", line 552, in thread_handler
    raise exc_info[1]
  File "D:\KIOSK\backend\.venv\Lib\site-packages\django\core\handlers\base.py", line 253, in _get_response_async
    response = await wrapped_callback(
               ^^^^^^^^^^^^^^^^^^^^^^^
        request, *callback_args, **callback_kwargs
        ^^^^^^^^^^^^^^^^^^^^^^^^^^^^^^^^^^^^^^^^^^
    )
    ^
  File "D:\KIOSK\backend\.venv\Lib\site-packages\asgiref\sync.py", line 502, in __call__
    ret = await asyncio.shield(exec_coro)
          ^^^^^^^^^^^^^^^^^^^^^^^^^^^^^^^
  File "D:\KIOSK\backend\.venv\Lib\site-packages\asgiref\current_thread_executor.py", line 40, in run
    result = self.fn(*self.args, **self.kwargs)
  File "D:\KIOSK\backend\.venv\Lib\site-packages\asgiref\sync.py", line 556, in thread_handler
    return func(*args, **kwargs)
  File "D:\KIOSK\backend\.venv\Lib\site-packages\django\views\decorators\csrf.py", line 65, in _view_wrapper
    return view_func(request, *args, **kwargs)
  File "D:\KIOSK\backend\.venv\Lib\site-packages\rest_framework\viewsets.py", line 125, in view
    return self.dispatch(request, *args, **kwargs)
           ~~~~~~~~~~~~~^^^^^^^^^^^^^^^^^^^^^^^^^^
  File "D:\KIOSK\backend\.venv\Lib\site-packages\rest_framework\views.py", line 515, in dispatch
    response = self.handle_exception(exc)
  File "D:\KIOSK\backend\.venv\Lib\site-packages\rest_framework\views.py", line 475, in handle_exception
    self.raise_uncaught_exception(exc)
    ~~~~~~~~~~~~~~~~~~~~~~~~~~~~~^^^^^
  File "D:\KIOSK\backend\.venv\Lib\site-packages\rest_framework\views.py", line 486, in raise_uncaught_exception
    raise exc
  File "D:\KIOSK\backend\.venv\Lib\site-packages\rest_framework\views.py", line 503, in dispatch
    self.initial(request, *args, **kwargs)
    ~~~~~~~~~~~~^^^^^^^^^^^^^^^^^^^^^^^^^^
  File "D:\KIOSK\backend\.venv\Lib\site-packages\rest_framework\views.py", line 420, in initial
    self.perform_authentication(request)
    ~~~~~~~~~~~~~~~~~~~~~~~~~~~^^^^^^^^^
  File "D:\KIOSK\backend\.venv\Lib\site-packages\rest_framework\views.py", line 330, in perform_authentication
    request.user
  File "D:\KIOSK\backend\.venv\Lib\site-packages\rest_framework\request.py", line 232, in user
    self._authenticate()
    ~~~~~~~~~~~~~~~~~~^^
  File "D:\KIOSK\backend\.venv\Lib\site-packages\rest_framework\request.py", line 385, in _authenticate
    user_auth_tuple = authenticator.authenticate(self)
  File "D:\KIOSK\backend\.venv\Lib\site-packages\rest_framework_simplejwt\authentication.py", line 51, in authenticate
    return self.get_user(validated_token), validated_token
           ~~~~~~~~~~~~~^^^^^^^^^^^^^^^^^
  File "D:\KIOSK\backend\.venv\Lib\site-packages\rest_framework_simplejwt\authentication.py", line 132, in get_user
    user = self.user_model.objects.get(**{api_settings.USER_ID_FIELD: user_id})
  File "D:\KIOSK\backend\.venv\Lib\site-packages\django\db\models\manager.py", line 87, in manager_method
    return getattr(self.get_queryset(), name)(*args, **kwargs)
           ~~~~~~~~~~~~~~~~~~~~~~~~~~~~~~~~~~^^^^^^^^^^^^^^^^^
  File "D:\KIOSK\backend\.venv\Lib\site-packages\django\db\models\query.py", line 629, in get
    num = len(clone)
  File "D:\KIOSK\backend\.venv\Lib\site-packages\django\db\models\query.py", line 366, in __len__
    self._fetch_all()
    ~~~~~~~~~~~~~~~^^
  File "D:\KIOSK\backend\.venv\Lib\site-packages\django\db\models\query.py", line 1949, in _fetch_all
    self._result_cache = list(self._iterable_class(self))
                         ~~~~^^^^^^^^^^^^^^^^^^^^^^^^^^^^
  File "D:\KIOSK\backend\.venv\Lib\site-packages\django\db\models\query.py", line 91, in __iter__
    results = compiler.execute_sql(
        chunked_fetch=self.chunked_fetch, chunk_size=self.chunk_size
    )
  File "D:\KIOSK\backend\.venv\Lib\site-packages\django\db\models\sql\compiler.py", line 1621, in execute_sql
    cursor = self.connection.cursor()
  File "D:\KIOSK\backend\.venv\Lib\site-packages\django\utils\asyncio.py", line 26, in inner
    return func(*args, **kwargs)
  File "D:\KIOSK\backend\.venv\Lib\site-packages\django\db\backends\base\base.py", line 320, in cursor
    return self._cursor()
           ~~~~~~~~~~~~^^
  File "D:\KIOSK\backend\.venv\Lib\site-packages\django\db\backends\base\base.py", line 296, in _cursor
    self.ensure_connection()
    ~~~~~~~~~~~~~~~~~~~~~~^^
  File "D:\KIOSK\backend\.venv\Lib\site-packages\django\utils\asyncio.py", line 26, in inner
    return func(*args, **kwargs)
  File "D:\KIOSK\backend\.venv\Lib\site-packages\django\db\backends\base\base.py", line 278, in ensure_connection
    with self.wrap_database_errors:
         ^^^^^^^^^^^^^^^^^^^^^^^^^
  File "D:\KIOSK\backend\.venv\Lib\site-packages\django\db\utils.py", line 91, in __exit__
    raise dj_exc_value.with_traceback(traceback) from exc_value
  File "D:\KIOSK\backend\.venv\Lib\site-packages\django\db\backends\base\base.py", line 279, in ensure_connection
    self.connect()
    ~~~~~~~~~~~~^^
  File "D:\KIOSK\backend\.venv\Lib\site-packages\django\utils\asyncio.py", line 26, in inner
    return func(*args, **kwargs)
  File "D:\KIOSK\backend\.venv\Lib\site-packages\django\db\backends\base\base.py", line 256, in connect
    self.connection = self.get_new_connection(conn_params)
                      ~~~~~~~~~~~~~~~~~~~~~~~^^^^^^^^^^^^^
  File "D:\KIOSK\backend\.venv\Lib\site-packages\django\utils\asyncio.py", line 26, in inner
    return func(*args, **kwargs)
  File "D:\KIOSK\backend\.venv\Lib\site-packages\django\db\backends\postgresql\base.py", line 332, in get_new_connection
    connection = self.Database.connect(**conn_params)
  File "D:\KIOSK\backend\.venv\Lib\site-packages\psycopg2\__init__.py", line 135, in connect
    conn = _connect(dsn, connection_factory=connection_factory, **kwasync)
django.db.utils.OperationalError: connection to server at "38.242.216.156", port 5437 failed: Connection timed out (0x0000274C/10060)
	Is the server running on that host and accepting TCP/IP connections?

2026-05-29 16:24:34,092 ERROR    Internal Server Error: /applications/devices/
Traceback (most recent call last):
  File "D:\KIOSK\backend\.venv\Lib\site-packages\django\db\backends\base\base.py", line 279, in ensure_connection
    self.connect()
    ~~~~~~~~~~~~^^
  File "D:\KIOSK\backend\.venv\Lib\site-packages\django\utils\asyncio.py", line 26, in inner
    return func(*args, **kwargs)
  File "D:\KIOSK\backend\.venv\Lib\site-packages\django\db\backends\base\base.py", line 256, in connect
    self.connection = self.get_new_connection(conn_params)
                      ~~~~~~~~~~~~~~~~~~~~~~~^^^^^^^^^^^^^
  File "D:\KIOSK\backend\.venv\Lib\site-packages\django\utils\asyncio.py", line 26, in inner
    return func(*args, **kwargs)
  File "D:\KIOSK\backend\.venv\Lib\site-packages\django\db\backends\postgresql\base.py", line 332, in get_new_connection
    connection = self.Database.connect(**conn_params)
  File "D:\KIOSK\backend\.venv\Lib\site-packages\psycopg2\__init__.py", line 135, in connect
    conn = _connect(dsn, connection_factory=connection_factory, **kwasync)
psycopg2.OperationalError: connection to server at "38.242.216.156", port 5437 failed: Connection timed out (0x0000274C/10060)
	Is the server running on that host and accepting TCP/IP connections?


The above exception was the direct cause of the following exception:

Traceback (most recent call last):
  File "D:\KIOSK\backend\.venv\Lib\site-packages\asgiref\sync.py", line 552, in thread_handler
    raise exc_info[1]
  File "D:\KIOSK\backend\.venv\Lib\site-packages\django\core\handlers\exception.py", line 42, in inner
    response = await get_response(request)
               ^^^^^^^^^^^^^^^^^^^^^^^^^^^
  File "D:\KIOSK\backend\.venv\Lib\site-packages\asgiref\sync.py", line 552, in thread_handler
    raise exc_info[1]
  File "D:\KIOSK\backend\.venv\Lib\site-packages\django\core\handlers\base.py", line 253, in _get_response_async
    response = await wrapped_callback(
               ^^^^^^^^^^^^^^^^^^^^^^^
        request, *callback_args, **callback_kwargs
        ^^^^^^^^^^^^^^^^^^^^^^^^^^^^^^^^^^^^^^^^^^
    )
    ^
  File "D:\KIOSK\backend\.venv\Lib\site-packages\asgiref\sync.py", line 502, in __call__
    ret = await asyncio.shield(exec_coro)
          ^^^^^^^^^^^^^^^^^^^^^^^^^^^^^^^
  File "D:\KIOSK\backend\.venv\Lib\site-packages\asgiref\current_thread_executor.py", line 40, in run
    result = self.fn(*self.args, **self.kwargs)
  File "D:\KIOSK\backend\.venv\Lib\site-packages\asgiref\sync.py", line 556, in thread_handler
    return func(*args, **kwargs)
  File "D:\KIOSK\backend\.venv\Lib\site-packages\django\views\decorators\csrf.py", line 65, in _view_wrapper
    return view_func(request, *args, **kwargs)
  File "D:\KIOSK\backend\.venv\Lib\site-packages\rest_framework\viewsets.py", line 125, in view
    return self.dispatch(request, *args, **kwargs)
           ~~~~~~~~~~~~~^^^^^^^^^^^^^^^^^^^^^^^^^^
  File "D:\KIOSK\backend\.venv\Lib\site-packages\rest_framework\views.py", line 515, in dispatch
    response = self.handle_exception(exc)
  File "D:\KIOSK\backend\.venv\Lib\site-packages\rest_framework\views.py", line 475, in handle_exception
    self.raise_uncaught_exception(exc)
    ~~~~~~~~~~~~~~~~~~~~~~~~~~~~~^^^^^
  File "D:\KIOSK\backend\.venv\Lib\site-packages\rest_framework\views.py", line 486, in raise_uncaught_exception
    raise exc
  File "D:\KIOSK\backend\.venv\Lib\site-packages\rest_framework\views.py", line 503, in dispatch
    self.initial(request, *args, **kwargs)
    ~~~~~~~~~~~~^^^^^^^^^^^^^^^^^^^^^^^^^^
  File "D:\KIOSK\backend\.venv\Lib\site-packages\rest_framework\views.py", line 420, in initial
    self.perform_authentication(request)
    ~~~~~~~~~~~~~~~~~~~~~~~~~~~^^^^^^^^^
  File "D:\KIOSK\backend\.venv\Lib\site-packages\rest_framework\views.py", line 330, in perform_authentication
    request.user
  File "D:\KIOSK\backend\.venv\Lib\site-packages\rest_framework\request.py", line 232, in user
    self._authenticate()
    ~~~~~~~~~~~~~~~~~~^^
  File "D:\KIOSK\backend\.venv\Lib\site-packages\rest_framework\request.py", line 385, in _authenticate
    user_auth_tuple = authenticator.authenticate(self)
  File "D:\KIOSK\backend\.venv\Lib\site-packages\rest_framework_simplejwt\authentication.py", line 51, in authenticate
    return self.get_user(validated_token), validated_token
           ~~~~~~~~~~~~~^^^^^^^^^^^^^^^^^
  File "D:\KIOSK\backend\.venv\Lib\site-packages\rest_framework_simplejwt\authentication.py", line 132, in get_user
    user = self.user_model.objects.get(**{api_settings.USER_ID_FIELD: user_id})
  File "D:\KIOSK\backend\.venv\Lib\site-packages\django\db\models\manager.py", line 87, in manager_method
    return getattr(self.get_queryset(), name)(*args, **kwargs)
           ~~~~~~~~~~~~~~~~~~~~~~~~~~~~~~~~~~^^^^^^^^^^^^^^^^^
  File "D:\KIOSK\backend\.venv\Lib\site-packages\django\db\models\query.py", line 629, in get
    num = len(clone)
  File "D:\KIOSK\backend\.venv\Lib\site-packages\django\db\models\query.py", line 366, in __len__
    self._fetch_all()
    ~~~~~~~~~~~~~~~^^
  File "D:\KIOSK\backend\.venv\Lib\site-packages\django\db\models\query.py", line 1949, in _fetch_all
    self._result_cache = list(self._iterable_class(self))
                         ~~~~^^^^^^^^^^^^^^^^^^^^^^^^^^^^
  File "D:\KIOSK\backend\.venv\Lib\site-packages\django\db\models\query.py", line 91, in __iter__
    results = compiler.execute_sql(
        chunked_fetch=self.chunked_fetch, chunk_size=self.chunk_size
    )
  File "D:\KIOSK\backend\.venv\Lib\site-packages\django\db\models\sql\compiler.py", line 1621, in execute_sql
    cursor = self.connection.cursor()
  File "D:\KIOSK\backend\.venv\Lib\site-packages\django\utils\asyncio.py", line 26, in inner
    return func(*args, **kwargs)
  File "D:\KIOSK\backend\.venv\Lib\site-packages\django\db\backends\base\base.py", line 320, in cursor
    return self._cursor()
           ~~~~~~~~~~~~^^
  File "D:\KIOSK\backend\.venv\Lib\site-packages\django\db\backends\base\base.py", line 296, in _cursor
    self.ensure_connection()
    ~~~~~~~~~~~~~~~~~~~~~~^^
  File "D:\KIOSK\backend\.venv\Lib\site-packages\django\utils\asyncio.py", line 26, in inner
    return func(*args, **kwargs)
  File "D:\KIOSK\backend\.venv\Lib\site-packages\django\db\backends\base\base.py", line 278, in ensure_connection
    with self.wrap_database_errors:
         ^^^^^^^^^^^^^^^^^^^^^^^^^
  File "D:\KIOSK\backend\.venv\Lib\site-packages\django\db\utils.py", line 91, in __exit__
    raise dj_exc_value.with_traceback(traceback) from exc_value
  File "D:\KIOSK\backend\.venv\Lib\site-packages\django\db\backends\base\base.py", line 279, in ensure_connection
    self.connect()
    ~~~~~~~~~~~~^^
  File "D:\KIOSK\backend\.venv\Lib\site-packages\django\utils\asyncio.py", line 26, in inner
    return func(*args, **kwargs)
  File "D:\KIOSK\backend\.venv\Lib\site-packages\django\db\backends\base\base.py", line 256, in connect
    self.connection = self.get_new_connection(conn_params)
                      ~~~~~~~~~~~~~~~~~~~~~~~^^^^^^^^^^^^^
  File "D:\KIOSK\backend\.venv\Lib\site-packages\django\utils\asyncio.py", line 26, in inner
    return func(*args, **kwargs)
  File "D:\KIOSK\backend\.venv\Lib\site-packages\django\db\backends\postgresql\base.py", line 332, in get_new_connection
    connection = self.Database.connect(**conn_params)
  File "D:\KIOSK\backend\.venv\Lib\site-packages\psycopg2\__init__.py", line 135, in connect
    conn = _connect(dsn, connection_factory=connection_factory, **kwasync)
django.db.utils.OperationalError: connection to server at "38.242.216.156", port 5437 failed: Connection timed out (0x0000274C/10060)
	Is the server running on that host and accepting TCP/IP connections?

Internal Server Error: /applications/dashboards/2/
Traceback (most recent call last):
  File "D:\KIOSK\backend\.venv\Lib\site-packages\django\db\backends\base\base.py", line 279, in ensure_connection
    self.connect()
    ~~~~~~~~~~~~^^
  File "D:\KIOSK\backend\.venv\Lib\site-packages\django\utils\asyncio.py", line 26, in inner
    return func(*args, **kwargs)
  File "D:\KIOSK\backend\.venv\Lib\site-packages\django\db\backends\base\base.py", line 256, in connect
    self.connection = self.get_new_connection(conn_params)
                      ~~~~~~~~~~~~~~~~~~~~~~~^^^^^^^^^^^^^
  File "D:\KIOSK\backend\.venv\Lib\site-packages\django\utils\asyncio.py", line 26, in inner
    return func(*args, **kwargs)
  File "D:\KIOSK\backend\.venv\Lib\site-packages\django\db\backends\postgresql\base.py", line 332, in get_new_connection
    connection = self.Database.connect(**conn_params)
  File "D:\KIOSK\backend\.venv\Lib\site-packages\psycopg2\__init__.py", line 135, in connect
    conn = _connect(dsn, connection_factory=connection_factory, **kwasync)
psycopg2.OperationalError: connection to server at "38.242.216.156", port 5437 failed: Connection timed out (0x0000274C/10060)
	Is the server running on that host and accepting TCP/IP connections?


The above exception was the direct cause of the following exception:

Traceback (most recent call last):
  File "D:\KIOSK\backend\.venv\Lib\site-packages\asgiref\sync.py", line 552, in thread_handler
    raise exc_info[1]
  File "D:\KIOSK\backend\.venv\Lib\site-packages\django\core\handlers\exception.py", line 42, in inner
    response = await get_response(request)
               ^^^^^^^^^^^^^^^^^^^^^^^^^^^
  File "D:\KIOSK\backend\.venv\Lib\site-packages\asgiref\sync.py", line 552, in thread_handler
    raise exc_info[1]
  File "D:\KIOSK\backend\.venv\Lib\site-packages\django\core\handlers\base.py", line 253, in _get_response_async
    response = await wrapped_callback(
               ^^^^^^^^^^^^^^^^^^^^^^^
        request, *callback_args, **callback_kwargs
        ^^^^^^^^^^^^^^^^^^^^^^^^^^^^^^^^^^^^^^^^^^
    )
    ^
  File "D:\KIOSK\backend\.venv\Lib\site-packages\asgiref\sync.py", line 502, in __call__
    ret = await asyncio.shield(exec_coro)
          ^^^^^^^^^^^^^^^^^^^^^^^^^^^^^^^
  File "D:\KIOSK\backend\.venv\Lib\site-packages\asgiref\current_thread_executor.py", line 40, in run
    result = self.fn(*self.args, **self.kwargs)
  File "D:\KIOSK\backend\.venv\Lib\site-packages\asgiref\sync.py", line 556, in thread_handler
    return func(*args, **kwargs)
  File "D:\KIOSK\backend\.venv\Lib\site-packages\django\views\decorators\csrf.py", line 65, in _view_wrapper
    return view_func(request, *args, **kwargs)
  File "D:\KIOSK\backend\.venv\Lib\site-packages\rest_framework\viewsets.py", line 125, in view
    return self.dispatch(request, *args, **kwargs)
           ~~~~~~~~~~~~~^^^^^^^^^^^^^^^^^^^^^^^^^^
  File "D:\KIOSK\backend\.venv\Lib\site-packages\rest_framework\views.py", line 515, in dispatch
    response = self.handle_exception(exc)
  File "D:\KIOSK\backend\.venv\Lib\site-packages\rest_framework\views.py", line 475, in handle_exception
    self.raise_uncaught_exception(exc)
    ~~~~~~~~~~~~~~~~~~~~~~~~~~~~~^^^^^
  File "D:\KIOSK\backend\.venv\Lib\site-packages\rest_framework\views.py", line 486, in raise_uncaught_exception
    raise exc
  File "D:\KIOSK\backend\.venv\Lib\site-packages\rest_framework\views.py", line 503, in dispatch
    self.initial(request, *args, **kwargs)
    ~~~~~~~~~~~~^^^^^^^^^^^^^^^^^^^^^^^^^^
  File "D:\KIOSK\backend\.venv\Lib\site-packages\rest_framework\views.py", line 420, in initial
    self.perform_authentication(request)
    ~~~~~~~~~~~~~~~~~~~~~~~~~~~^^^^^^^^^
  File "D:\KIOSK\backend\.venv\Lib\site-packages\rest_framework\views.py", line 330, in perform_authentication
    request.user
  File "D:\KIOSK\backend\.venv\Lib\site-packages\rest_framework\request.py", line 232, in user
    self._authenticate()
    ~~~~~~~~~~~~~~~~~~^^
  File "D:\KIOSK\backend\.venv\Lib\site-packages\rest_framework\request.py", line 385, in _authenticate
    user_auth_tuple = authenticator.authenticate(self)
  File "D:\KIOSK\backend\.venv\Lib\site-packages\rest_framework_simplejwt\authentication.py", line 51, in authenticate
    return self.get_user(validated_token), validated_token
           ~~~~~~~~~~~~~^^^^^^^^^^^^^^^^^
  File "D:\KIOSK\backend\.venv\Lib\site-packages\rest_framework_simplejwt\authentication.py", line 132, in get_user
    user = self.user_model.objects.get(**{api_settings.USER_ID_FIELD: user_id})
  File "D:\KIOSK\backend\.venv\Lib\site-packages\django\db\models\manager.py", line 87, in manager_method
    return getattr(self.get_queryset(), name)(*args, **kwargs)
           ~~~~~~~~~~~~~~~~~~~~~~~~~~~~~~~~~~^^^^^^^^^^^^^^^^^
  File "D:\KIOSK\backend\.venv\Lib\site-packages\django\db\models\query.py", line 629, in get
    num = len(clone)
  File "D:\KIOSK\backend\.venv\Lib\site-packages\django\db\models\query.py", line 366, in __len__
    self._fetch_all()
    ~~~~~~~~~~~~~~~^^
  File "D:\KIOSK\backend\.venv\Lib\site-packages\django\db\models\query.py", line 1949, in _fetch_all
    self._result_cache = list(self._iterable_class(self))
                         ~~~~^^^^^^^^^^^^^^^^^^^^^^^^^^^^
  File "D:\KIOSK\backend\.venv\Lib\site-packages\django\db\models\query.py", line 91, in __iter__
    results = compiler.execute_sql(
        chunked_fetch=self.chunked_fetch, chunk_size=self.chunk_size
    )
  File "D:\KIOSK\backend\.venv\Lib\site-packages\django\db\models\sql\compiler.py", line 1621, in execute_sql
    cursor = self.connection.cursor()
  File "D:\KIOSK\backend\.venv\Lib\site-packages\django\utils\asyncio.py", line 26, in inner
    return func(*args, **kwargs)
  File "D:\KIOSK\backend\.venv\Lib\site-packages\django\db\backends\base\base.py", line 320, in cursor
    return self._cursor()
           ~~~~~~~~~~~~^^
  File "D:\KIOSK\backend\.venv\Lib\site-packages\django\db\backends\base\base.py", line 296, in _cursor
    self.ensure_connection()
    ~~~~~~~~~~~~~~~~~~~~~~^^
  File "D:\KIOSK\backend\.venv\Lib\site-packages\django\utils\asyncio.py", line 26, in inner
    return func(*args, **kwargs)
  File "D:\KIOSK\backend\.venv\Lib\site-packages\django\db\backends\base\base.py", line 278, in ensure_connection
    with self.wrap_database_errors:
         ^^^^^^^^^^^^^^^^^^^^^^^^^
  File "D:\KIOSK\backend\.venv\Lib\site-packages\django\db\utils.py", line 91, in __exit__
    raise dj_exc_value.with_traceback(traceback) from exc_value
  File "D:\KIOSK\backend\.venv\Lib\site-packages\django\db\backends\base\base.py", line 279, in ensure_connection
    self.connect()
    ~~~~~~~~~~~~^^
  File "D:\KIOSK\backend\.venv\Lib\site-packages\django\utils\asyncio.py", line 26, in inner
    return func(*args, **kwargs)
  File "D:\KIOSK\backend\.venv\Lib\site-packages\django\db\backends\base\base.py", line 256, in connect
    self.connection = self.get_new_connection(conn_params)
                      ~~~~~~~~~~~~~~~~~~~~~~~^^^^^^^^^^^^^
  File "D:\KIOSK\backend\.venv\Lib\site-packages\django\utils\asyncio.py", line 26, in inner
    return func(*args, **kwargs)
  File "D:\KIOSK\backend\.venv\Lib\site-packages\django\db\backends\postgresql\base.py", line 332, in get_new_connection
    connection = self.Database.connect(**conn_params)
  File "D:\KIOSK\backend\.venv\Lib\site-packages\psycopg2\__init__.py", line 135, in connect
    conn = _connect(dsn, connection_factory=connection_factory, **kwasync)
django.db.utils.OperationalError: connection to server at "38.242.216.156", port 5437 failed: Connection timed out (0x0000274C/10060)
	Is the server running on that host and accepting TCP/IP connections?

2026-05-29 16:24:34,111 ERROR    Internal Server Error: /applications/dashboards/2/
Traceback (most recent call last):
  File "D:\KIOSK\backend\.venv\Lib\site-packages\django\db\backends\base\base.py", line 279, in ensure_connection
    self.connect()
    ~~~~~~~~~~~~^^
  File "D:\KIOSK\backend\.venv\Lib\site-packages\django\utils\asyncio.py", line 26, in inner
    return func(*args, **kwargs)
  File "D:\KIOSK\backend\.venv\Lib\site-packages\django\db\backends\base\base.py", line 256, in connect
    self.connection = self.get_new_connection(conn_params)
                      ~~~~~~~~~~~~~~~~~~~~~~~^^^^^^^^^^^^^
  File "D:\KIOSK\backend\.venv\Lib\site-packages\django\utils\asyncio.py", line 26, in inner
    return func(*args, **kwargs)
  File "D:\KIOSK\backend\.venv\Lib\site-packages\django\db\backends\postgresql\base.py", line 332, in get_new_connection
    connection = self.Database.connect(**conn_params)
  File "D:\KIOSK\backend\.venv\Lib\site-packages\psycopg2\__init__.py", line 135, in connect
    conn = _connect(dsn, connection_factory=connection_factory, **kwasync)
psycopg2.OperationalError: connection to server at "38.242.216.156", port 5437 failed: Connection timed out (0x0000274C/10060)
	Is the server running on that host and accepting TCP/IP connections?


The above exception was the direct cause of the following exception:

Traceback (most recent call last):
  File "D:\KIOSK\backend\.venv\Lib\site-packages\asgiref\sync.py", line 552, in thread_handler
    raise exc_info[1]
  File "D:\KIOSK\backend\.venv\Lib\site-packages\django\core\handlers\exception.py", line 42, in inner
    response = await get_response(request)
               ^^^^^^^^^^^^^^^^^^^^^^^^^^^
  File "D:\KIOSK\backend\.venv\Lib\site-packages\asgiref\sync.py", line 552, in thread_handler
    raise exc_info[1]
  File "D:\KIOSK\backend\.venv\Lib\site-packages\django\core\handlers\base.py", line 253, in _get_response_async
    response = await wrapped_callback(
               ^^^^^^^^^^^^^^^^^^^^^^^
        request, *callback_args, **callback_kwargs
        ^^^^^^^^^^^^^^^^^^^^^^^^^^^^^^^^^^^^^^^^^^
    )
    ^
  File "D:\KIOSK\backend\.venv\Lib\site-packages\asgiref\sync.py", line 502, in __call__
    ret = await asyncio.shield(exec_coro)
          ^^^^^^^^^^^^^^^^^^^^^^^^^^^^^^^
  File "D:\KIOSK\backend\.venv\Lib\site-packages\asgiref\current_thread_executor.py", line 40, in run
    result = self.fn(*self.args, **self.kwargs)
  File "D:\KIOSK\backend\.venv\Lib\site-packages\asgiref\sync.py", line 556, in thread_handler
    return func(*args, **kwargs)
  File "D:\KIOSK\backend\.venv\Lib\site-packages\django\views\decorators\csrf.py", line 65, in _view_wrapper
    return view_func(request, *args, **kwargs)
  File "D:\KIOSK\backend\.venv\Lib\site-packages\rest_framework\viewsets.py", line 125, in view
    return self.dispatch(request, *args, **kwargs)
           ~~~~~~~~~~~~~^^^^^^^^^^^^^^^^^^^^^^^^^^
  File "D:\KIOSK\backend\.venv\Lib\site-packages\rest_framework\views.py", line 515, in dispatch
    response = self.handle_exception(exc)
  File "D:\KIOSK\backend\.venv\Lib\site-packages\rest_framework\views.py", line 475, in handle_exception
    self.raise_uncaught_exception(exc)
    ~~~~~~~~~~~~~~~~~~~~~~~~~~~~~^^^^^
  File "D:\KIOSK\backend\.venv\Lib\site-packages\rest_framework\views.py", line 486, in raise_uncaught_exception
    raise exc
  File "D:\KIOSK\backend\.venv\Lib\site-packages\rest_framework\views.py", line 503, in dispatch
    self.initial(request, *args, **kwargs)
    ~~~~~~~~~~~~^^^^^^^^^^^^^^^^^^^^^^^^^^
  File "D:\KIOSK\backend\.venv\Lib\site-packages\rest_framework\views.py", line 420, in initial
    self.perform_authentication(request)
    ~~~~~~~~~~~~~~~~~~~~~~~~~~~^^^^^^^^^
  File "D:\KIOSK\backend\.venv\Lib\site-packages\rest_framework\views.py", line 330, in perform_authentication
    request.user
  File "D:\KIOSK\backend\.venv\Lib\site-packages\rest_framework\request.py", line 232, in user
    self._authenticate()
    ~~~~~~~~~~~~~~~~~~^^
  File "D:\KIOSK\backend\.venv\Lib\site-packages\rest_framework\request.py", line 385, in _authenticate
    user_auth_tuple = authenticator.authenticate(self)
  File "D:\KIOSK\backend\.venv\Lib\site-packages\rest_framework_simplejwt\authentication.py", line 51, in authenticate
    return self.get_user(validated_token), validated_token
           ~~~~~~~~~~~~~^^^^^^^^^^^^^^^^^
  File "D:\KIOSK\backend\.venv\Lib\site-packages\rest_framework_simplejwt\authentication.py", line 132, in get_user
    user = self.user_model.objects.get(**{api_settings.USER_ID_FIELD: user_id})
  File "D:\KIOSK\backend\.venv\Lib\site-packages\django\db\models\manager.py", line 87, in manager_method
    return getattr(self.get_queryset(), name)(*args, **kwargs)
           ~~~~~~~~~~~~~~~~~~~~~~~~~~~~~~~~~~^^^^^^^^^^^^^^^^^
  File "D:\KIOSK\backend\.venv\Lib\site-packages\django\db\models\query.py", line 629, in get
    num = len(clone)
  File "D:\KIOSK\backend\.venv\Lib\site-packages\django\db\models\query.py", line 366, in __len__
    self._fetch_all()
    ~~~~~~~~~~~~~~~^^
  File "D:\KIOSK\backend\.venv\Lib\site-packages\django\db\models\query.py", line 1949, in _fetch_all
    self._result_cache = list(self._iterable_class(self))
                         ~~~~^^^^^^^^^^^^^^^^^^^^^^^^^^^^
  File "D:\KIOSK\backend\.venv\Lib\site-packages\django\db\models\query.py", line 91, in __iter__
    results = compiler.execute_sql(
        chunked_fetch=self.chunked_fetch, chunk_size=self.chunk_size
    )
  File "D:\KIOSK\backend\.venv\Lib\site-packages\django\db\models\sql\compiler.py", line 1621, in execute_sql
    cursor = self.connection.cursor()
  File "D:\KIOSK\backend\.venv\Lib\site-packages\django\utils\asyncio.py", line 26, in inner
    return func(*args, **kwargs)
  File "D:\KIOSK\backend\.venv\Lib\site-packages\django\db\backends\base\base.py", line 320, in cursor
    return self._cursor()
           ~~~~~~~~~~~~^^
  File "D:\KIOSK\backend\.venv\Lib\site-packages\django\db\backends\base\base.py", line 296, in _cursor
    self.ensure_connection()
    ~~~~~~~~~~~~~~~~~~~~~~^^
  File "D:\KIOSK\backend\.venv\Lib\site-packages\django\utils\asyncio.py", line 26, in inner
    return func(*args, **kwargs)
  File "D:\KIOSK\backend\.venv\Lib\site-packages\django\db\backends\base\base.py", line 278, in ensure_connection
    with self.wrap_database_errors:
         ^^^^^^^^^^^^^^^^^^^^^^^^^
  File "D:\KIOSK\backend\.venv\Lib\site-packages\django\db\utils.py", line 91, in __exit__
    raise dj_exc_value.with_traceback(traceback) from exc_value
  File "D:\KIOSK\backend\.venv\Lib\site-packages\django\db\backends\base\base.py", line 279, in ensure_connection
    self.connect()
    ~~~~~~~~~~~~^^
  File "D:\KIOSK\backend\.venv\Lib\site-packages\django\utils\asyncio.py", line 26, in inner
    return func(*args, **kwargs)
  File "D:\KIOSK\backend\.venv\Lib\site-packages\django\db\backends\base\base.py", line 256, in connect
    self.connection = self.get_new_connection(conn_params)
                      ~~~~~~~~~~~~~~~~~~~~~~~^^^^^^^^^^^^^
  File "D:\KIOSK\backend\.venv\Lib\site-packages\django\utils\asyncio.py", line 26, in inner
    return func(*args, **kwargs)
  File "D:\KIOSK\backend\.venv\Lib\site-packages\django\db\backends\postgresql\base.py", line 332, in get_new_connection
    connection = self.Database.connect(**conn_params)
  File "D:\KIOSK\backend\.venv\Lib\site-packages\psycopg2\__init__.py", line 135, in connect
    conn = _connect(dsn, connection_factory=connection_factory, **kwasync)
django.db.utils.OperationalError: connection to server at "38.242.216.156", port 5437 failed: Connection timed out (0x0000274C/10060)
	Is the server running on that host and accepting TCP/IP connections?

2026-05-29 16:24:34,760 ERROR    Exception inside application: connection to server at "38.242.216.156", port 5437 failed: Software caused connection abort (0x00002745/10053)
	Is the server running on that host and accepting TCP/IP connections?
Traceback (most recent call last):
  File "D:\KIOSK\backend\.venv\Lib\site-packages\django\contrib\sessions\backends\base.py", line 244, in _get_session
    return self._session_cache
           ^^^^^^^^^^^^^^^^^^^
AttributeError: 'SessionStore' object has no attribute '_session_cache'

During handling of the above exception, another exception occurred:

Traceback (most recent call last):
  File "D:\KIOSK\backend\.venv\Lib\site-packages\django\db\backends\base\base.py", line 279, in ensure_connection
    self.connect()
    ~~~~~~~~~~~~^^
  File "D:\KIOSK\backend\.venv\Lib\site-packages\django\utils\asyncio.py", line 26, in inner
    return func(*args, **kwargs)
  File "D:\KIOSK\backend\.venv\Lib\site-packages\django\db\backends\base\base.py", line 256, in connect
    self.connection = self.get_new_connection(conn_params)
                      ~~~~~~~~~~~~~~~~~~~~~~~^^^^^^^^^^^^^
  File "D:\KIOSK\backend\.venv\Lib\site-packages\django\utils\asyncio.py", line 26, in inner
    return func(*args, **kwargs)
  File "D:\KIOSK\backend\.venv\Lib\site-packages\django\db\backends\postgresql\base.py", line 332, in get_new_connection
    connection = self.Database.connect(**conn_params)
  File "D:\KIOSK\backend\.venv\Lib\site-packages\psycopg2\__init__.py", line 135, in connect
    conn = _connect(dsn, connection_factory=connection_factory, **kwasync)
psycopg2.OperationalError: connection to server at "38.242.216.156", port 5437 failed: Software caused connection abort (0x00002745/10053)
	Is the server running on that host and accepting TCP/IP connections?


The above exception was the direct cause of the following exception:

Traceback (most recent call last):
  File "D:\KIOSK\backend\.venv\Lib\site-packages\channels\routing.py", line 48, in __call__
    return await application(scope, receive, send)
           ^^^^^^^^^^^^^^^^^^^^^^^^^^^^^^^^^^^^^^^
  File "D:\KIOSK\backend\.venv\Lib\site-packages\channels\sessions.py", line 44, in __call__
    return await self.inner(dict(scope, cookies=cookies), receive, send)
           ^^^^^^^^^^^^^^^^^^^^^^^^^^^^^^^^^^^^^^^^^^^^^^^^^^^^^^^^^^^^^
  File "D:\KIOSK\backend\.venv\Lib\site-packages\channels\sessions.py", line 261, in __call__
    return await self.inner(wrapper.scope, receive, wrapper.send)
           ^^^^^^^^^^^^^^^^^^^^^^^^^^^^^^^^^^^^^^^^^^^^^^^^^^^^^^
  File "D:\KIOSK\backend\.venv\Lib\site-packages\channels\auth.py", line 183, in __call__
    await self.resolve_scope(scope)
  File "D:\KIOSK\backend\.venv\Lib\site-packages\channels\auth.py", line 176, in resolve_scope
    scope["user"]._wrapped = await get_user(scope)
                             ^^^^^^^^^^^^^^^^^^^^^
  File "D:\KIOSK\backend\.venv\Lib\site-packages\asgiref\sync.py", line 502, in __call__
    ret = await asyncio.shield(exec_coro)
          ^^^^^^^^^^^^^^^^^^^^^^^^^^^^^^^
  File "C:\Program Files\WindowsApps\PythonSoftwareFoundation.Python.3.13_3.13.3568.0_x64__qbz5n2kfra8p0\Lib\concurrent\futures\thread.py", line 59, in run
    result = self.fn(*self.args, **self.kwargs)
  File "D:\KIOSK\backend\.venv\Lib\site-packages\channels\db.py", line 13, in thread_handler
    return super().thread_handler(loop, *args, **kwargs)
           ~~~~~~~~~~~~~~~~~~~~~~^^^^^^^^^^^^^^^^^^^^^^^
  File "D:\KIOSK\backend\.venv\Lib\site-packages\asgiref\sync.py", line 556, in thread_handler
    return func(*args, **kwargs)
  File "D:\KIOSK\backend\.venv\Lib\site-packages\channels\auth.py", line 38, in get_user
    user_id = _get_user_session_key(session)
  File "D:\KIOSK\backend\.venv\Lib\site-packages\channels\auth.py", line 145, in _get_user_session_key
    return get_user_model()._meta.pk.to_python(session[SESSION_KEY])
                                               ~~~~~~~^^^^^^^^^^^^^
  File "D:\KIOSK\backend\.venv\Lib\site-packages\django\utils\functional.py", line 253, in inner
    return func(_wrapped, *args)
  File "D:\KIOSK\backend\.venv\Lib\site-packages\django\contrib\sessions\backends\base.py", line 55, in __getitem__
    return self._session[key]
           ^^^^^^^^^^^^^
  File "D:\KIOSK\backend\.venv\Lib\site-packages\django\contrib\sessions\backends\base.py", line 249, in _get_session
    self._session_cache = self.load()
                          ~~~~~~~~~^^
  File "D:\KIOSK\backend\.venv\Lib\site-packages\django\contrib\sessions\backends\db.py", line 55, in load
    s = self._get_session_from_db()
  File "D:\KIOSK\backend\.venv\Lib\site-packages\django\contrib\sessions\backends\db.py", line 34, in _get_session_from_db
    return self.model.objects.get(
           ~~~~~~~~~~~~~~~~~~~~~~^
        session_key=self.session_key, expire_date__gt=timezone.now()
        ^^^^^^^^^^^^^^^^^^^^^^^^^^^^^^^^^^^^^^^^^^^^^^^^^^^^^^^^^^^^
    )
    ^
  File "D:\KIOSK\backend\.venv\Lib\site-packages\django\db\models\manager.py", line 87, in manager_method
    return getattr(self.get_queryset(), name)(*args, **kwargs)
           ~~~~~~~~~~~~~~~~~~~~~~~~~~~~~~~~~~^^^^^^^^^^^^^^^^^
  File "D:\KIOSK\backend\.venv\Lib\site-packages\django\db\models\query.py", line 629, in get
    num = len(clone)
  File "D:\KIOSK\backend\.venv\Lib\site-packages\django\db\models\query.py", line 366, in __len__
    self._fetch_all()
    ~~~~~~~~~~~~~~~^^
  File "D:\KIOSK\backend\.venv\Lib\site-packages\django\db\models\query.py", line 1949, in _fetch_all
    self._result_cache = list(self._iterable_class(self))
                         ~~~~^^^^^^^^^^^^^^^^^^^^^^^^^^^^
  File "D:\KIOSK\backend\.venv\Lib\site-packages\django\db\models\query.py", line 91, in __iter__
    results = compiler.execute_sql(
        chunked_fetch=self.chunked_fetch, chunk_size=self.chunk_size
    )
  File "D:\KIOSK\backend\.venv\Lib\site-packages\django\db\models\sql\compiler.py", line 1621, in execute_sql
    cursor = self.connection.cursor()
  File "D:\KIOSK\backend\.venv\Lib\site-packages\django\utils\asyncio.py", line 26, in inner
    return func(*args, **kwargs)
  File "D:\KIOSK\backend\.venv\Lib\site-packages\django\db\backends\base\base.py", line 320, in cursor
    return self._cursor()
           ~~~~~~~~~~~~^^
  File "D:\KIOSK\backend\.venv\Lib\site-packages\django\db\backends\base\base.py", line 296, in _cursor
    self.ensure_connection()
    ~~~~~~~~~~~~~~~~~~~~~~^^
  File "D:\KIOSK\backend\.venv\Lib\site-packages\django\utils\asyncio.py", line 26, in inner
    return func(*args, **kwargs)
  File "D:\KIOSK\backend\.venv\Lib\site-packages\django\db\backends\base\base.py", line 278, in ensure_connection
    with self.wrap_database_errors:
         ^^^^^^^^^^^^^^^^^^^^^^^^^
  File "D:\KIOSK\backend\.venv\Lib\site-packages\django\db\utils.py", line 91, in __exit__
    raise dj_exc_value.with_traceback(traceback) from exc_value
  File "D:\KIOSK\backend\.venv\Lib\site-packages\django\db\backends\base\base.py", line 279, in ensure_connection
    self.connect()
    ~~~~~~~~~~~~^^
  File "D:\KIOSK\backend\.venv\Lib\site-packages\django\utils\asyncio.py", line 26, in inner
    return func(*args, **kwargs)
  File "D:\KIOSK\backend\.venv\Lib\site-packages\django\db\backends\base\base.py", line 256, in connect
    self.connection = self.get_new_connection(conn_params)
                      ~~~~~~~~~~~~~~~~~~~~~~~^^^^^^^^^^^^^
  File "D:\KIOSK\backend\.venv\Lib\site-packages\django\utils\asyncio.py", line 26, in inner
    return func(*args, **kwargs)
  File "D:\KIOSK\backend\.venv\Lib\site-packages\django\db\backends\postgresql\base.py", line 332, in get_new_connection
    connection = self.Database.connect(**conn_params)
  File "D:\KIOSK\backend\.venv\Lib\site-packages\psycopg2\__init__.py", line 135, in connect
    conn = _connect(dsn, connection_factory=connection_factory, **kwasync)
django.db.utils.OperationalError: connection to server at "38.242.216.156", port 5437 failed: Software caused connection abort (0x00002745/10053)
	Is the server running on that host and accepting TCP/IP connections?

2026-05-29 16:55:28,987 ERROR    Exception inside application: Error while reading from 178.16.137.196:6379 : (10054, 'An existing connection was forcibly closed by the remote host', None, 10054, None)
Traceback (most recent call last):
  File "D:\KIOSK\backend\.venv\Lib\site-packages\redis\asyncio\connection.py", line 607, in read_response
    response = await self._parser.read_response(
               ^^^^^^^^^^^^^^^^^^^^^^^^^^^^^^^^^
        disable_decoding=disable_decoding
        ^^^^^^^^^^^^^^^^^^^^^^^^^^^^^^^^^
    )
    ^
  File "D:\KIOSK\backend\.venv\Lib\site-packages\redis\_parsers\resp2.py", line 82, in read_response
    response = await self._read_response(disable_decoding=disable_decoding)
               ^^^^^^^^^^^^^^^^^^^^^^^^^^^^^^^^^^^^^^^^^^^^^^^^^^^^^^^^^^^^
  File "D:\KIOSK\backend\.venv\Lib\site-packages\redis\_parsers\resp2.py", line 90, in _read_response
    raw = await self._readline()
          ^^^^^^^^^^^^^^^^^^^^^^
  File "D:\KIOSK\backend\.venv\Lib\site-packages\redis\_parsers\base.py", line 468, in _readline
    data = await self._stream.readline()
           ^^^^^^^^^^^^^^^^^^^^^^^^^^^^^
  File "C:\Program Files\WindowsApps\PythonSoftwareFoundation.Python.3.13_3.13.3568.0_x64__qbz5n2kfra8p0\Lib\asyncio\streams.py", line 562, in readline
    line = await self.readuntil(sep)
           ^^^^^^^^^^^^^^^^^^^^^^^^^
  File "C:\Program Files\WindowsApps\PythonSoftwareFoundation.Python.3.13_3.13.3568.0_x64__qbz5n2kfra8p0\Lib\asyncio\streams.py", line 677, in readuntil
    await self._wait_for_data('readuntil')
  File "C:\Program Files\WindowsApps\PythonSoftwareFoundation.Python.3.13_3.13.3568.0_x64__qbz5n2kfra8p0\Lib\asyncio\streams.py", line 539, in _wait_for_data
    await self._waiter
  File "C:\Program Files\WindowsApps\PythonSoftwareFoundation.Python.3.13_3.13.3568.0_x64__qbz5n2kfra8p0\Lib\asyncio\selector_events.py", line 1009, in _read_ready__data_received
    data = self._sock.recv(self.max_size)
ConnectionResetError: [WinError 10054] An existing connection was forcibly closed by the remote host

During handling of the above exception, another exception occurred:

Traceback (most recent call last):
  File "D:\KIOSK\backend\.venv\Lib\site-packages\channels\routing.py", line 48, in __call__
    return await application(scope, receive, send)
           ^^^^^^^^^^^^^^^^^^^^^^^^^^^^^^^^^^^^^^^
  File "D:\KIOSK\backend\.venv\Lib\site-packages\channels\sessions.py", line 44, in __call__
    return await self.inner(dict(scope, cookies=cookies), receive, send)
           ^^^^^^^^^^^^^^^^^^^^^^^^^^^^^^^^^^^^^^^^^^^^^^^^^^^^^^^^^^^^^
  File "D:\KIOSK\backend\.venv\Lib\site-packages\channels\sessions.py", line 261, in __call__
    return await self.inner(wrapper.scope, receive, wrapper.send)
           ^^^^^^^^^^^^^^^^^^^^^^^^^^^^^^^^^^^^^^^^^^^^^^^^^^^^^^
  File "D:\KIOSK\backend\.venv\Lib\site-packages\channels\auth.py", line 185, in __call__
    return await super().__call__(scope, receive, send)
           ^^^^^^^^^^^^^^^^^^^^^^^^^^^^^^^^^^^^^^^^^^^^
  File "D:\KIOSK\backend\.venv\Lib\site-packages\channels\middleware.py", line 24, in __call__
    return await self.inner(scope, receive, send)
           ^^^^^^^^^^^^^^^^^^^^^^^^^^^^^^^^^^^^^^
  File "D:\KIOSK\backend\.venv\Lib\site-packages\channels\routing.py", line 118, in __call__
    return await application(
           ^^^^^^^^^^^^^^^^^^
    ...<10 lines>...
    )
    ^
  File "D:\KIOSK\backend\.venv\Lib\site-packages\channels\consumer.py", line 95, in app
    return await consumer(scope, receive, send)
           ^^^^^^^^^^^^^^^^^^^^^^^^^^^^^^^^^^^^
  File "D:\KIOSK\backend\.venv\Lib\site-packages\channels\consumer.py", line 58, in __call__
    await await_many_dispatch(
        [receive, self.channel_receive], self.dispatch
    )
  File "D:\KIOSK\backend\.venv\Lib\site-packages\channels\utils.py", line 57, in await_many_dispatch
    await task
redis.exceptions.ConnectionError: Error while reading from 178.16.137.196:6379 : (10054, 'An existing connection was forcibly closed by the remote host', None, 10054, None)
2026-05-29 16:55:37,045 ERROR    Exception inside application: Error 10054 while writing to socket. An existing connection was forcibly closed by the remote host.
Traceback (most recent call last):
  File "D:\KIOSK\backend\.venv\Lib\site-packages\redis\asyncio\connection.py", line 543, in send_packed_command
    await self._writer.drain()
  File "C:\Program Files\WindowsApps\PythonSoftwareFoundation.Python.3.13_3.13.3568.0_x64__qbz5n2kfra8p0\Lib\asyncio\streams.py", line 374, in drain
    raise exc
  File "C:\Program Files\WindowsApps\PythonSoftwareFoundation.Python.3.13_3.13.3568.0_x64__qbz5n2kfra8p0\Lib\asyncio\selector_events.py", line 1009, in _read_ready__data_received
    data = self._sock.recv(self.max_size)
ConnectionResetError: [WinError 10054] An existing connection was forcibly closed by the remote host

The above exception was the direct cause of the following exception:

Traceback (most recent call last):
  File "D:\KIOSK\backend\.venv\Lib\site-packages\channels\routing.py", line 48, in __call__
    return await application(scope, receive, send)
           ^^^^^^^^^^^^^^^^^^^^^^^^^^^^^^^^^^^^^^^
  File "D:\KIOSK\backend\.venv\Lib\site-packages\channels\sessions.py", line 44, in __call__
    return await self.inner(dict(scope, cookies=cookies), receive, send)
           ^^^^^^^^^^^^^^^^^^^^^^^^^^^^^^^^^^^^^^^^^^^^^^^^^^^^^^^^^^^^^
  File "D:\KIOSK\backend\.venv\Lib\site-packages\channels\sessions.py", line 261, in __call__
    return await self.inner(wrapper.scope, receive, wrapper.send)
           ^^^^^^^^^^^^^^^^^^^^^^^^^^^^^^^^^^^^^^^^^^^^^^^^^^^^^^
  File "D:\KIOSK\backend\.venv\Lib\site-packages\channels\auth.py", line 185, in __call__
    return await super().__call__(scope, receive, send)
           ^^^^^^^^^^^^^^^^^^^^^^^^^^^^^^^^^^^^^^^^^^^^
  File "D:\KIOSK\backend\.venv\Lib\site-packages\channels\middleware.py", line 24, in __call__
    return await self.inner(scope, receive, send)
           ^^^^^^^^^^^^^^^^^^^^^^^^^^^^^^^^^^^^^^
  File "D:\KIOSK\backend\.venv\Lib\site-packages\channels\routing.py", line 118, in __call__
    return await application(
           ^^^^^^^^^^^^^^^^^^
    ...<10 lines>...
    )
    ^
  File "D:\KIOSK\backend\.venv\Lib\site-packages\channels\consumer.py", line 95, in app
    return await consumer(scope, receive, send)
           ^^^^^^^^^^^^^^^^^^^^^^^^^^^^^^^^^^^^
  File "D:\KIOSK\backend\.venv\Lib\site-packages\channels\consumer.py", line 58, in __call__
    await await_many_dispatch(
        [receive, self.channel_receive], self.dispatch
    )
  File "D:\KIOSK\backend\.venv\Lib\site-packages\channels\utils.py", line 50, in await_many_dispatch
    await dispatch(result)
  File "D:\KIOSK\backend\.venv\Lib\site-packages\channels\consumer.py", line 74, in dispatch
    await handler(message)
  File "D:\KIOSK\backend\.venv\Lib\site-packages\channels\generic\websocket.py", line 180, in websocket_connect
    await self.connect()
  File "D:\KIOSK\backend\kiosk_backend\Applications\consumers.py", line 144, in connect
    incoming["value"] = int(round(iv)) if isinstance(iv, (int, float)) else iv
    ^^^^^^^^^^^^^^^^^^^^^^^^^^^^^^^^^^^^^^^^^^^^^^^^^^^^^^^^^^^^^
  File "D:\KIOSK\backend\.venv\Lib\site-packages\channels_redis\core.py", line 493, in group_add
    await connection.zadd(group_key, {channel: time.time()})
  File "D:\KIOSK\backend\.venv\Lib\site-packages\redis\asyncio\client.py", line 725, in execute_command
    return await conn.retry.call_with_retry(
           ^^^^^^^^^^^^^^^^^^^^^^^^^^^^^^^^^
    ...<4 lines>...
    )
    ^
  File "D:\KIOSK\backend\.venv\Lib\site-packages\redis\asyncio\retry.py", line 55, in call_with_retry
    raise error
  File "D:\KIOSK\backend\.venv\Lib\site-packages\redis\asyncio\retry.py", line 50, in call_with_retry
    return await do()
           ^^^^^^^^^^
  File "D:\KIOSK\backend\.venv\Lib\site-packages\redis\asyncio\client.py", line 699, in _send_command_parse_response
    await conn.send_command(*args)
  File "D:\KIOSK\backend\.venv\Lib\site-packages\redis\asyncio\connection.py", line 567, in send_command
    await self.send_packed_command(
        self.pack_command(*args), check_health=kwargs.get("check_health", True)
    )
  File "D:\KIOSK\backend\.venv\Lib\site-packages\redis\asyncio\connection.py", line 554, in send_packed_command
    raise ConnectionError(
        f"Error {err_no} while writing to socket. {errmsg}."
    ) from e
redis.exceptions.ConnectionError: Error 10054 while writing to socket. An existing connection was forcibly closed by the remote host.
2026-05-29 20:40:35,249 ERROR    Exception inside application: Error 10054 while writing to socket. An existing connection was forcibly closed by the remote host.
Traceback (most recent call last):
  File "D:\KIOSK\backend\.venv\Lib\site-packages\redis\asyncio\connection.py", line 543, in send_packed_command
    await self._writer.drain()
  File "C:\Program Files\WindowsApps\PythonSoftwareFoundation.Python.3.13_3.13.3568.0_x64__qbz5n2kfra8p0\Lib\asyncio\streams.py", line 374, in drain
    raise exc
  File "C:\Program Files\WindowsApps\PythonSoftwareFoundation.Python.3.13_3.13.3568.0_x64__qbz5n2kfra8p0\Lib\asyncio\selector_events.py", line 1009, in _read_ready__data_received
    data = self._sock.recv(self.max_size)
ConnectionResetError: [WinError 10054] An existing connection was forcibly closed by the remote host

The above exception was the direct cause of the following exception:

Traceback (most recent call last):
  File "D:\KIOSK\backend\.venv\Lib\site-packages\channels\routing.py", line 48, in __call__
    return await application(scope, receive, send)
           ^^^^^^^^^^^^^^^^^^^^^^^^^^^^^^^^^^^^^^^
  File "D:\KIOSK\backend\.venv\Lib\site-packages\channels\sessions.py", line 44, in __call__
    return await self.inner(dict(scope, cookies=cookies), receive, send)
           ^^^^^^^^^^^^^^^^^^^^^^^^^^^^^^^^^^^^^^^^^^^^^^^^^^^^^^^^^^^^^
  File "D:\KIOSK\backend\.venv\Lib\site-packages\channels\sessions.py", line 261, in __call__
    return await self.inner(wrapper.scope, receive, wrapper.send)
           ^^^^^^^^^^^^^^^^^^^^^^^^^^^^^^^^^^^^^^^^^^^^^^^^^^^^^^
  File "D:\KIOSK\backend\.venv\Lib\site-packages\channels\auth.py", line 185, in __call__
    return await super().__call__(scope, receive, send)
           ^^^^^^^^^^^^^^^^^^^^^^^^^^^^^^^^^^^^^^^^^^^^
  File "D:\KIOSK\backend\.venv\Lib\site-packages\channels\middleware.py", line 24, in __call__
    return await self.inner(scope, receive, send)
           ^^^^^^^^^^^^^^^^^^^^^^^^^^^^^^^^^^^^^^
  File "D:\KIOSK\backend\.venv\Lib\site-packages\channels\routing.py", line 118, in __call__
    return await application(
           ^^^^^^^^^^^^^^^^^^
    ...<10 lines>...
    )
    ^
  File "D:\KIOSK\backend\.venv\Lib\site-packages\channels\consumer.py", line 95, in app
    return await consumer(scope, receive, send)
           ^^^^^^^^^^^^^^^^^^^^^^^^^^^^^^^^^^^^
  File "D:\KIOSK\backend\.venv\Lib\site-packages\channels\consumer.py", line 58, in __call__
    await await_many_dispatch(
        [receive, self.channel_receive], self.dispatch
    )
  File "D:\KIOSK\backend\.venv\Lib\site-packages\channels\utils.py", line 50, in await_many_dispatch
    await dispatch(result)
  File "D:\KIOSK\backend\.venv\Lib\site-packages\channels\consumer.py", line 74, in dispatch
    await handler(message)
  File "D:\KIOSK\backend\.venv\Lib\site-packages\channels\generic\websocket.py", line 180, in websocket_connect
    await self.connect()
  File "D:\KIOSK\backend\kiosk_backend\Applications\consumers.py", line 144, in connect
    incoming["value"] = int(round(iv)) if isinstance(iv, (int, float)) else iv
    ^^^^^^^^^^^^^^^^^^^^^^^^^^^^^^^^^^^^^^^^^^^^^^^^^^^^^^^^^^^^^
  File "D:\KIOSK\backend\.venv\Lib\site-packages\channels_redis\core.py", line 493, in group_add
    await connection.zadd(group_key, {channel: time.time()})
  File "D:\KIOSK\backend\.venv\Lib\site-packages\redis\asyncio\client.py", line 725, in execute_command
    return await conn.retry.call_with_retry(
           ^^^^^^^^^^^^^^^^^^^^^^^^^^^^^^^^^
    ...<4 lines>...
    )
    ^
  File "D:\KIOSK\backend\.venv\Lib\site-packages\redis\asyncio\retry.py", line 55, in call_with_retry
    raise error
  File "D:\KIOSK\backend\.venv\Lib\site-packages\redis\asyncio\retry.py", line 50, in call_with_retry
    return await do()
           ^^^^^^^^^^
  File "D:\KIOSK\backend\.venv\Lib\site-packages\redis\asyncio\client.py", line 699, in _send_command_parse_response
    await conn.send_command(*args)
  File "D:\KIOSK\backend\.venv\Lib\site-packages\redis\asyncio\connection.py", line 567, in send_command
    await self.send_packed_command(
        self.pack_command(*args), check_health=kwargs.get("check_health", True)
    )
  File "D:\KIOSK\backend\.venv\Lib\site-packages\redis\asyncio\connection.py", line 554, in send_packed_command
    raise ConnectionError(
        f"Error {err_no} while writing to socket. {errmsg}."
    ) from e
redis.exceptions.ConnectionError: Error 10054 while writing to socket. An existing connection was forcibly closed by the remote host.
